tissue	cell_type_group	cl_ids_grouped	gene_ensembl	gene_soma_joinid	total_cells	pos_cells	pct_pos	mean_logCPTT_pos_dataset_avg	mean_logCPTT_allcells_dataset_avg
breast	luminal_mammary_epithelial_cell	CL:0002326,CL:4033057,CL:4033058	ENSG00000198089	12323	661862	5365	0.810592	1.353755	0.149633
breast	urothelial_cell	CL:0000731,CL:1001428,CL:1000486,CL:1000703,CL:4030055,CL:4030056	ENSG00000198089	12323	0	0	0.000000	0.000000	0.000000
breast	cd4_tcell	CL:0000624,CL:0000492,CL:0000896,CL:0000792,CL:0000895,CL:0000897,CL:0000934,CL:0001043,CL:0001044,CL:0000545,CL:0000546,CL:0000899,CL:0001042,CL:0002038,CL:0000903,CL:0000904,CL:0000905,CL:0002677,CL:0002678,CL:4033038	ENSG00000198089	12323	44645	264	0.591332	1.685793	0.091600
blood	luminal_mammary_epithelial_cell	CL:0002326,CL:4033057,CL:4033058	ENSG00000198089	12323	0	0	0.000000	0.000000	0.000000
blood	urothelial_cell	CL:0000731,CL:1001428,CL:1000486,CL:1000703,CL:4030055,CL:4030056	ENSG00000198089	12323	0	0	0.000000	0.000000	0.000000
blood	cd4_tcell	CL:0000624,CL:0000492,CL:0000896,CL:0000792,CL:0000895,CL:0000897,CL:0000934,CL:0001043,CL:0001044,CL:0000545,CL:0000546,CL:0000899,CL:0001042,CL:0002038,CL:0000903,CL:0000904,CL:0000905,CL:0002677,CL:0002678,CL:4033038	ENSG00000198089	12323	1350506	25351	1.877148	1.687192	0.206550
ureter	luminal_mammary_epithelial_cell	CL:0002326,CL:4033057,CL:4033058	ENSG00000198089	12323	0	0	0.000000	0.000000	0.000000
ureter	urothelial_cell	CL:0000731,CL:1001428,CL:1000486,CL:1000703,CL:4030055,CL:4030056	ENSG00000198089	12323	24813	810	3.264418	0.641410	0.085508
ureter	cd4_tcell	CL:0000624,CL:0000492,CL:0000896,CL:0000792,CL:0000895,CL:0000897,CL:0000934,CL:0001043,CL:0001044,CL:0000545,CL:0000546,CL:0000899,CL:0001042,CL:0002038,CL:0000903,CL:0000904,CL:0000905,CL:0002677,CL:0002678,CL:4033038	ENSG00000198089	12323	0	0	0.000000	0.000000	0.000000
breast	luminal_mammary_epithelial_cell	CL:0002326,CL:4033057,CL:4033058	ENSG00000147862	6014	661862	227338	34.348248	1.962905	1.050363
breast	urothelial_cell	CL:0000731,CL:1001428,CL:1000486,CL:1000703,CL:4030055,CL:4030056	ENSG00000147862	6014	0	0	0.000000	0.000000	0.000000
breast	cd4_tcell	CL:0000624,CL:0000492,CL:0000896,CL:0000792,CL:0000895,CL:0000897,CL:0000934,CL:0001043,CL:0001044,CL:0000545,CL:0000546,CL:0000899,CL:0001042,CL:0002038,CL:0000903,CL:0000904,CL:0000905,CL:0002677,CL:0002678,CL:4033038	ENSG00000147862	6014	44645	1122	2.513159	1.838440	0.210187
blood	luminal_mammary_epithelial_cell	CL:0002326,CL:4033057,CL:4033058	ENSG00000147862	6014	0	0	0.000000	0.000000	0.000000
blood	urothelial_cell	CL:0000731,CL:1001428,CL:1000486,CL:1000703,CL:4030055,CL:4030056	ENSG00000147862	6014	0	0	0.000000	0.000000	0.000000
blood	cd4_tcell	CL:0000624,CL:0000492,CL:0000896,CL:0000792,CL:0000895,CL:0000897,CL:0000934,CL:0001043,CL:0001044,CL:0000545,CL:0000546,CL:0000899,CL:0001042,CL:0002038,CL:0000903,CL:0000904,CL:0000905,CL:0002677,CL:0002678,CL:4033038	ENSG00000147862	6014	1350506	7	0.000518	1.254711	0.000540
ureter	luminal_mammary_epithelial_cell	CL:0002326,CL:4033057,CL:4033058	ENSG00000147862	6014	0	0	0.000000	0.000000	0.000000
ureter	urothelial_cell	CL:0000731,CL:1001428,CL:1000486,CL:1000703,CL:4030055,CL:4030056	ENSG00000147862	6014	24813	3501	14.109539	0.643026	0.190779
ureter	cd4_tcell	CL:0000624,CL:0000492,CL:0000896,CL:0000792,CL:0000895,CL:0000897,CL:0000934,CL:0001043,CL:0001044,CL:0000545,CL:0000546,CL:0000899,CL:0001042,CL:0002038,CL:0000903,CL:0000904,CL:0000905,CL:0002677,CL:0002678,CL:4033038	ENSG00000147862	6014	0	0	0.000000	0.000000	0.000000
breast	luminal_mammary_epithelial_cell	CL:0002326,CL:4033057,CL:4033058	ENSG00000105669	11636	661862	296047	44.729415	1.532652	0.566802
breast	urothelial_cell	CL:0000731,CL:1001428,CL:1000486,CL:1000703,CL:4030055,CL:4030056	ENSG00000105669	11636	0	0	0.000000	0.000000	0.000000
breast	cd4_tcell	CL:0000624,CL:0000492,CL:0000896,CL:0000792,CL:0000895,CL:0000897,CL:0000934,CL:0001043,CL:0001044,CL:0000545,CL:0000546,CL:0000899,CL:0001042,CL:0002038,CL:0000903,CL:0000904,CL:0000905,CL:0002677,CL:0002678,CL:4033038	ENSG00000105669	11636	44645	4325	9.687535	1.772417	0.605892
blood	luminal_mammary_epithelial_cell	CL:0002326,CL:4033057,CL:4033058	ENSG00000105669	11636	0	0	0.000000	0.000000	0.000000
blood	urothelial_cell	CL:0000731,CL:1001428,CL:1000486,CL:1000703,CL:4030055,CL:4030056	ENSG00000105669	11636	0	0	0.000000	0.000000	0.000000
blood	cd4_tcell	CL:0000624,CL:0000492,CL:0000896,CL:0000792,CL:0000895,CL:0000897,CL:0000934,CL:0001043,CL:0001044,CL:0000545,CL:0000546,CL:0000899,CL:0001042,CL:0002038,CL:0000903,CL:0000904,CL:0000905,CL:0002677,CL:0002678,CL:4033038	ENSG00000105669	11636	1350506	135643	10.043865	1.699850	0.545672
ureter	luminal_mammary_epithelial_cell	CL:0002326,CL:4033057,CL:4033058	ENSG00000105669	11636	0	0	0.000000	0.000000	0.000000
ureter	urothelial_cell	CL:0000731,CL:1001428,CL:1000486,CL:1000703,CL:4030055,CL:4030056	ENSG00000105669	11636	24813	14422	58.122758	0.966680	0.703790
ureter	cd4_tcell	CL:0000624,CL:0000492,CL:0000896,CL:0000792,CL:0000895,CL:0000897,CL:0000934,CL:0001043,CL:0001044,CL:0000545,CL:0000546,CL:0000899,CL:0001042,CL:0002038,CL:0000903,CL:0000904,CL:0000905,CL:0002677,CL:0002678,CL:4033038	ENSG00000105669	11636	0	0	0.000000	0.000000	0.000000
breast	luminal_mammary_epithelial_cell	CL:0002326,CL:4033057,CL:4033058	ENSG00000118689	4348	661862	79693	12.040728	1.572565	0.521384
breast	urothelial_cell	CL:0000731,CL:1001428,CL:1000486,CL:1000703,CL:4030055,CL:4030056	ENSG00000118689	4348	0	0	0.000000	0.000000	0.000000
breast	cd4_tcell	CL:0000624,CL:0000492,CL:0000896,CL:0000792,CL:0000895,CL:0000897,CL:0000934,CL:0001043,CL:0001044,CL:0000545,CL:0000546,CL:0000899,CL:0001042,CL:0002038,CL:0000903,CL:0000904,CL:0000905,CL:0002677,CL:0002678,CL:4033038	ENSG00000118689	4348	44645	960	2.150297	1.703071	0.209057
blood	luminal_mammary_epithelial_cell	CL:0002326,CL:4033057,CL:4033058	ENSG00000118689	4348	0	0	0.000000	0.000000	0.000000
blood	urothelial_cell	CL:0000731,CL:1001428,CL:1000486,CL:1000703,CL:4030055,CL:4030056	ENSG00000118689	4348	0	0	0.000000	0.000000	0.000000
blood	cd4_tcell	CL:0000624,CL:0000492,CL:0000896,CL:0000792,CL:0000895,CL:0000897,CL:0000934,CL:0001043,CL:0001044,CL:0000545,CL:0000546,CL:0000899,CL:0001042,CL:0002038,CL:0000903,CL:0000904,CL:0000905,CL:0002677,CL:0002678,CL:4033038	ENSG00000118689	4348	1350506	7380	0.546462	1.702207	0.099373
ureter	luminal_mammary_epithelial_cell	CL:0002326,CL:4033057,CL:4033058	ENSG00000118689	4348	0	0	0.000000	0.000000	0.000000
ureter	urothelial_cell	CL:0000731,CL:1001428,CL:1000486,CL:1000703,CL:4030055,CL:4030056	ENSG00000118689	4348	24813	3673	14.802724	0.676691	0.204934
ureter	cd4_tcell	CL:0000624,CL:0000492,CL:0000896,CL:0000792,CL:0000895,CL:0000897,CL:0000934,CL:0001043,CL:0001044,CL:0000545,CL:0000546,CL:0000899,CL:0001042,CL:0002038,CL:0000903,CL:0000904,CL:0000905,CL:0002677,CL:0002678,CL:4033038	ENSG00000118689	4348	0	0	0.000000	0.000000	0.000000
breast	luminal_mammary_epithelial_cell	CL:0002326,CL:4033057,CL:4033058	ENSG00000169554	1818	661862	2200	0.332396	1.706118	0.049544
breast	urothelial_cell	CL:0000731,CL:1001428,CL:1000486,CL:1000703,CL:4030055,CL:4030056	ENSG00000169554	1818	0	0	0.000000	0.000000	0.000000
breast	cd4_tcell	CL:0000624,CL:0000492,CL:0000896,CL:0000792,CL:0000895,CL:0000897,CL:0000934,CL:0001043,CL:0001044,CL:0000545,CL:0000546,CL:0000899,CL:0001042,CL:0002038,CL:0000903,CL:0000904,CL:0000905,CL:0002677,CL:0002678,CL:4033038	ENSG00000169554	1818	44645	826	1.850151	1.977718	0.103003
blood	luminal_mammary_epithelial_cell	CL:0002326,CL:4033057,CL:4033058	ENSG00000169554	1818	0	0	0.000000	0.000000	0.000000
blood	urothelial_cell	CL:0000731,CL:1001428,CL:1000486,CL:1000703,CL:4030055,CL:4030056	ENSG00000169554	1818	0	0	0.000000	0.000000	0.000000
blood	cd4_tcell	CL:0000624,CL:0000492,CL:0000896,CL:0000792,CL:0000895,CL:0000897,CL:0000934,CL:0001043,CL:0001044,CL:0000545,CL:0000546,CL:0000899,CL:0001042,CL:0002038,CL:0000903,CL:0000904,CL:0000905,CL:0002677,CL:0002678,CL:4033038	ENSG00000169554	1818	1350506	13896	1.028948	1.852279	0.074556
ureter	luminal_mammary_epithelial_cell	CL:0002326,CL:4033057,CL:4033058	ENSG00000169554	1818	0	0	0.000000	0.000000	0.000000
ureter	urothelial_cell	CL:0000731,CL:1001428,CL:1000486,CL:1000703,CL:4030055,CL:4030056	ENSG00000169554	1818	24813	322	1.297707	1.030231	0.034309
ureter	cd4_tcell	CL:0000624,CL:0000492,CL:0000896,CL:0000792,CL:0000895,CL:0000897,CL:0000934,CL:0001043,CL:0001044,CL:0000545,CL:0000546,CL:0000899,CL:0001042,CL:0002038,CL:0000903,CL:0000904,CL:0000905,CL:0002677,CL:0002678,CL:4033038	ENSG00000169554	1818	0	0	0.000000	0.000000	0.000000
breast	luminal_mammary_epithelial_cell	CL:0002326,CL:4033057,CL:4033058	ENSG00000123983	2062	661862	163750	24.740807	1.646959	0.499854
breast	urothelial_cell	CL:0000731,CL:1001428,CL:1000486,CL:1000703,CL:4030055,CL:4030056	ENSG00000123983	2062	0	0	0.000000	0.000000	0.000000
breast	cd4_tcell	CL:0000624,CL:0000492,CL:0000896,CL:0000792,CL:0000895,CL:0000897,CL:0000934,CL:0001043,CL:0001044,CL:0000545,CL:0000546,CL:0000899,CL:0001042,CL:0002038,CL:0000903,CL:0000904,CL:0000905,CL:0002677,CL:0002678,CL:4033038	ENSG00000123983	2062	44645	760	1.702318	1.631524	0.185630
blood	luminal_mammary_epithelial_cell	CL:0002326,CL:4033057,CL:4033058	ENSG00000123983	2062	0	0	0.000000	0.000000	0.000000
blood	urothelial_cell	CL:0000731,CL:1001428,CL:1000486,CL:1000703,CL:4030055,CL:4030056	ENSG00000123983	2062	0	0	0.000000	0.000000	0.000000
blood	cd4_tcell	CL:0000624,CL:0000492,CL:0000896,CL:0000792,CL:0000895,CL:0000897,CL:0000934,CL:0001043,CL:0001044,CL:0000545,CL:0000546,CL:0000899,CL:0001042,CL:0002038,CL:0000903,CL:0000904,CL:0000905,CL:0002677,CL:0002678,CL:4033038	ENSG00000123983	2062	1350506	8422	0.623618	1.646736	0.116688
ureter	luminal_mammary_epithelial_cell	CL:0002326,CL:4033057,CL:4033058	ENSG00000123983	2062	0	0	0.000000	0.000000	0.000000
ureter	urothelial_cell	CL:0000731,CL:1001428,CL:1000486,CL:1000703,CL:4030055,CL:4030056	ENSG00000123983	2062	24813	10881	43.852013	0.885882	0.522852
ureter	cd4_tcell	CL:0000624,CL:0000492,CL:0000896,CL:0000792,CL:0000895,CL:0000897,CL:0000934,CL:0001043,CL:0001044,CL:0000545,CL:0000546,CL:0000899,CL:0001042,CL:0002038,CL:0000903,CL:0000904,CL:0000905,CL:0002677,CL:0002678,CL:4033038	ENSG00000123983	2062	0	0	0.000000	0.000000	0.000000
breast	luminal_mammary_epithelial_cell	CL:0002326,CL:4033057,CL:4033058	ENSG00000068366	5408	661862	16834	2.543431	1.400189	0.073073
breast	urothelial_cell	CL:0000731,CL:1001428,CL:1000486,CL:1000703,CL:4030055,CL:4030056	ENSG00000068366	5408	0	0	0.000000	0.000000	0.000000
breast	cd4_tcell	CL:0000624,CL:0000492,CL:0000896,CL:0000792,CL:0000895,CL:0000897,CL:0000934,CL:0001043,CL:0001044,CL:0000545,CL:0000546,CL:0000899,CL:0001042,CL:0002038,CL:0000903,CL:0000904,CL:0000905,CL:0002677,CL:0002678,CL:4033038	ENSG00000068366	5408	44645	314	0.703326	1.704518	0.098163
blood	luminal_mammary_epithelial_cell	CL:0002326,CL:4033057,CL:4033058	ENSG00000068366	5408	0	0	0.000000	0.000000	0.000000
blood	urothelial_cell	CL:0000731,CL:1001428,CL:1000486,CL:1000703,CL:4030055,CL:4030056	ENSG00000068366	5408	0	0	0.000000	0.000000	0.000000
blood	cd4_tcell	CL:0000624,CL:0000492,CL:0000896,CL:0000792,CL:0000895,CL:0000897,CL:0000934,CL:0001043,CL:0001044,CL:0000545,CL:0000546,CL:0000899,CL:0001042,CL:0002038,CL:0000903,CL:0000904,CL:0000905,CL:0002677,CL:0002678,CL:4033038	ENSG00000068366	5408	1350506	3975	0.294334	1.553375	0.082421
ureter	luminal_mammary_epithelial_cell	CL:0002326,CL:4033057,CL:4033058	ENSG00000068366	5408	0	0	0.000000	0.000000	0.000000
ureter	urothelial_cell	CL:0000731,CL:1001428,CL:1000486,CL:1000703,CL:4030055,CL:4030056	ENSG00000068366	5408	24813	2837	11.433523	0.624600	0.159804
ureter	cd4_tcell	CL:0000624,CL:0000492,CL:0000896,CL:0000792,CL:0000895,CL:0000897,CL:0000934,CL:0001043,CL:0001044,CL:0000545,CL:0000546,CL:0000899,CL:0001042,CL:0002038,CL:0000903,CL:0000904,CL:0000905,CL:0002677,CL:0002678,CL:4033038	ENSG00000068366	5408	0	0	0.000000	0.000000	0.000000
breast	luminal_mammary_epithelial_cell	CL:0002326,CL:4033057,CL:4033058	ENSG00000137936	588	661862	31614	4.776524	1.422520	0.196246
breast	urothelial_cell	CL:0000731,CL:1001428,CL:1000486,CL:1000703,CL:4030055,CL:4030056	ENSG00000137936	588	0	0	0.000000	0.000000	0.000000
breast	cd4_tcell	CL:0000624,CL:0000492,CL:0000896,CL:0000792,CL:0000895,CL:0000897,CL:0000934,CL:0001043,CL:0001044,CL:0000545,CL:0000546,CL:0000899,CL:0001042,CL:0002038,CL:0000903,CL:0000904,CL:0000905,CL:0002677,CL:0002678,CL:4033038	ENSG00000137936	588	44645	88	0.197111	1.588574	0.036394
blood	luminal_mammary_epithelial_cell	CL:0002326,CL:4033057,CL:4033058	ENSG00000137936	588	0	0	0.000000	0.000000	0.000000
blood	urothelial_cell	CL:0000731,CL:1001428,CL:1000486,CL:1000703,CL:4030055,CL:4030056	ENSG00000137936	588	0	0	0.000000	0.000000	0.000000
blood	cd4_tcell	CL:0000624,CL:0000492,CL:0000896,CL:0000792,CL:0000895,CL:0000897,CL:0000934,CL:0001043,CL:0001044,CL:0000545,CL:0000546,CL:0000899,CL:0001042,CL:0002038,CL:0000903,CL:0000904,CL:0000905,CL:0002677,CL:0002678,CL:4033038	ENSG00000137936	588	1350506	227	0.016809	1.649424	0.007614
ureter	luminal_mammary_epithelial_cell	CL:0002326,CL:4033057,CL:4033058	ENSG00000137936	588	0	0	0.000000	0.000000	0.000000
ureter	urothelial_cell	CL:0000731,CL:1001428,CL:1000486,CL:1000703,CL:4030055,CL:4030056	ENSG00000137936	588	24813	790	3.183815	0.648480	0.070196
ureter	cd4_tcell	CL:0000624,CL:0000492,CL:0000896,CL:0000792,CL:0000895,CL:0000897,CL:0000934,CL:0001043,CL:0001044,CL:0000545,CL:0000546,CL:0000899,CL:0001042,CL:0002038,CL:0000903,CL:0000904,CL:0000905,CL:0002677,CL:0002678,CL:4033038	ENSG00000137936	588	0	0	0.000000	0.000000	0.000000
breast	luminal_mammary_epithelial_cell	CL:0002326,CL:4033057,CL:4033058	ENSG00000091831	4485	661862	31312	4.730896	1.857577	0.443522
breast	urothelial_cell	CL:0000731,CL:1001428,CL:1000486,CL:1000703,CL:4030055,CL:4030056	ENSG00000091831	4485	0	0	0.000000	0.000000	0.000000
breast	cd4_tcell	CL:0000624,CL:0000492,CL:0000896,CL:0000792,CL:0000895,CL:0000897,CL:0000934,CL:0001043,CL:0001044,CL:0000545,CL:0000546,CL:0000899,CL:0001042,CL:0002038,CL:0000903,CL:0000904,CL:0000905,CL:0002677,CL:0002678,CL:4033038	ENSG00000091831	4485	44645	32	0.071677	1.479785	0.012199
blood	luminal_mammary_epithelial_cell	CL:0002326,CL:4033057,CL:4033058	ENSG00000091831	4485	0	0	0.000000	0.000000	0.000000
blood	urothelial_cell	CL:0000731,CL:1001428,CL:1000486,CL:1000703,CL:4030055,CL:4030056	ENSG00000091831	4485	0	0	0.000000	0.000000	0.000000
blood	cd4_tcell	CL:0000624,CL:0000492,CL:0000896,CL:0000792,CL:0000895,CL:0000897,CL:0000934,CL:0001043,CL:0001044,CL:0000545,CL:0000546,CL:0000899,CL:0001042,CL:0002038,CL:0000903,CL:0000904,CL:0000905,CL:0002677,CL:0002678,CL:4033038	ENSG00000091831	4485	1350506	594	0.043984	1.818184	0.020441
ureter	luminal_mammary_epithelial_cell	CL:0002326,CL:4033057,CL:4033058	ENSG00000091831	4485	0	0	0.000000	0.000000	0.000000
ureter	urothelial_cell	CL:0000731,CL:1001428,CL:1000486,CL:1000703,CL:4030055,CL:4030056	ENSG00000091831	4485	24813	37	0.149115	0.550814	0.007405
ureter	cd4_tcell	CL:0000624,CL:0000492,CL:0000896,CL:0000792,CL:0000895,CL:0000897,CL:0000934,CL:0001043,CL:0001044,CL:0000545,CL:0000546,CL:0000899,CL:0001042,CL:0002038,CL:0000903,CL:0000904,CL:0000905,CL:0002677,CL:0002678,CL:4033038	ENSG00000091831	4485	0	0	0.000000	0.000000	0.000000
breast	luminal_mammary_epithelial_cell	CL:0002326,CL:4033057,CL:4033058	ENSG00000114353	2366	661862	111711	16.878292	1.568907	0.318788
breast	urothelial_cell	CL:0000731,CL:1001428,CL:1000486,CL:1000703,CL:4030055,CL:4030056	ENSG00000114353	2366	0	0	0.000000	0.000000	0.000000
breast	cd4_tcell	CL:0000624,CL:0000492,CL:0000896,CL:0000792,CL:0000895,CL:0000897,CL:0000934,CL:0001043,CL:0001044,CL:0000545,CL:0000546,CL:0000899,CL:0001042,CL:0002038,CL:0000903,CL:0000904,CL:0000905,CL:0002677,CL:0002678,CL:4033038	ENSG00000114353	2366	44645	5578	12.494120	1.793628	0.513177
blood	luminal_mammary_epithelial_cell	CL:0002326,CL:4033057,CL:4033058	ENSG00000114353	2366	0	0	0.000000	0.000000	0.000000
blood	urothelial_cell	CL:0000731,CL:1001428,CL:1000486,CL:1000703,CL:4030055,CL:4030056	ENSG00000114353	2366	0	0	0.000000	0.000000	0.000000
blood	cd4_tcell	CL:0000624,CL:0000492,CL:0000896,CL:0000792,CL:0000895,CL:0000897,CL:0000934,CL:0001043,CL:0001044,CL:0000545,CL:0000546,CL:0000899,CL:0001042,CL:0002038,CL:0000903,CL:0000904,CL:0000905,CL:0002677,CL:0002678,CL:4033038	ENSG00000114353	2366	1350506	211602	15.668349	1.747290	0.583453
ureter	luminal_mammary_epithelial_cell	CL:0002326,CL:4033057,CL:4033058	ENSG00000114353	2366	0	0	0.000000	0.000000	0.000000
ureter	urothelial_cell	CL:0000731,CL:1001428,CL:1000486,CL:1000703,CL:4030055,CL:4030056	ENSG00000114353	2366	24813	13458	54.237698	0.912372	0.632258
ureter	cd4_tcell	CL:0000624,CL:0000492,CL:0000896,CL:0000792,CL:0000895,CL:0000897,CL:0000934,CL:0001043,CL:0001044,CL:0000545,CL:0000546,CL:0000899,CL:0001042,CL:0002038,CL:0000903,CL:0000904,CL:0000905,CL:0002677,CL:0002678,CL:4033038	ENSG00000114353	2366	0	0	0.000000	0.000000	0.000000
breast	luminal_mammary_epithelial_cell	CL:0002326,CL:4033057,CL:4033058	ENSG00000151623	3250	661862	7237	1.093430	1.352651	0.209158
breast	urothelial_cell	CL:0000731,CL:1001428,CL:1000486,CL:1000703,CL:4030055,CL:4030056	ENSG00000151623	3250	0	0	0.000000	0.000000	0.000000
breast	cd4_tcell	CL:0000624,CL:0000492,CL:0000896,CL:0000792,CL:0000895,CL:0000897,CL:0000934,CL:0001043,CL:0001044,CL:0000545,CL:0000546,CL:0000899,CL:0001042,CL:0002038,CL:0000903,CL:0000904,CL:0000905,CL:0002677,CL:0002678,CL:4033038	ENSG00000151623	3250	44645	55	0.123194	1.376344	0.024827
blood	luminal_mammary_epithelial_cell	CL:0002326,CL:4033057,CL:4033058	ENSG00000151623	3250	0	0	0.000000	0.000000	0.000000
blood	urothelial_cell	CL:0000731,CL:1001428,CL:1000486,CL:1000703,CL:4030055,CL:4030056	ENSG00000151623	3250	0	0	0.000000	0.000000	0.000000
blood	cd4_tcell	CL:0000624,CL:0000492,CL:0000896,CL:0000792,CL:0000895,CL:0000897,CL:0000934,CL:0001043,CL:0001044,CL:0000545,CL:0000546,CL:0000899,CL:0001042,CL:0002038,CL:0000903,CL:0000904,CL:0000905,CL:0002677,CL:0002678,CL:4033038	ENSG00000151623	3250	1350506	5139	0.380524	1.765889	0.105051
ureter	luminal_mammary_epithelial_cell	CL:0002326,CL:4033057,CL:4033058	ENSG00000151623	3250	0	0	0.000000	0.000000	0.000000
ureter	urothelial_cell	CL:0000731,CL:1001428,CL:1000486,CL:1000703,CL:4030055,CL:4030056	ENSG00000151623	3250	24813	180	0.725426	0.639590	0.029630
ureter	cd4_tcell	CL:0000624,CL:0000492,CL:0000896,CL:0000792,CL:0000895,CL:0000897,CL:0000934,CL:0001043,CL:0001044,CL:0000545,CL:0000546,CL:0000899,CL:0001042,CL:0002038,CL:0000903,CL:0000904,CL:0000905,CL:0002677,CL:0002678,CL:4033038	ENSG00000151623	3250	0	0	0.000000	0.000000	0.000000
breast	luminal_mammary_epithelial_cell	CL:0002326,CL:4033057,CL:4033058	ENSG00000160113	11595	661862	68442	10.340826	1.365986	0.167643
breast	urothelial_cell	CL:0000731,CL:1001428,CL:1000486,CL:1000703,CL:4030055,CL:4030056	ENSG00000160113	11595	0	0	0.000000	0.000000	0.000000
breast	cd4_tcell	CL:0000624,CL:0000492,CL:0000896,CL:0000792,CL:0000895,CL:0000897,CL:0000934,CL:0001043,CL:0001044,CL:0000545,CL:0000546,CL:0000899,CL:0001042,CL:0002038,CL:0000903,CL:0000904,CL:0000905,CL:0002677,CL:0002678,CL:4033038	ENSG00000160113	11595	44645	193	0.432299	1.503386	0.062396
blood	luminal_mammary_epithelial_cell	CL:0002326,CL:4033057,CL:4033058	ENSG00000160113	11595	0	0	0.000000	0.000000	0.000000
blood	urothelial_cell	CL:0000731,CL:1001428,CL:1000486,CL:1000703,CL:4030055,CL:4030056	ENSG00000160113	11595	0	0	0.000000	0.000000	0.000000
blood	cd4_tcell	CL:0000624,CL:0000492,CL:0000896,CL:0000792,CL:0000895,CL:0000897,CL:0000934,CL:0001043,CL:0001044,CL:0000545,CL:0000546,CL:0000899,CL:0001042,CL:0002038,CL:0000903,CL:0000904,CL:0000905,CL:0002677,CL:0002678,CL:4033038	ENSG00000160113	11595	1350506	649	0.048056	1.554959	0.024822
ureter	luminal_mammary_epithelial_cell	CL:0002326,CL:4033057,CL:4033058	ENSG00000160113	11595	0	0	0.000000	0.000000	0.000000
ureter	urothelial_cell	CL:0000731,CL:1001428,CL:1000486,CL:1000703,CL:4030055,CL:4030056	ENSG00000160113	11595	24813	11027	44.440414	0.886876	0.543992
ureter	cd4_tcell	CL:0000624,CL:0000492,CL:0000896,CL:0000792,CL:0000895,CL:0000897,CL:0000934,CL:0001043,CL:0001044,CL:0000545,CL:0000546,CL:0000899,CL:0001042,CL:0002038,CL:0000903,CL:0000904,CL:0000905,CL:0002677,CL:0002678,CL:4033038	ENSG00000160113	11595	0	0	0.000000	0.000000	0.000000
breast	luminal_mammary_epithelial_cell	CL:0002326,CL:4033057,CL:4033058	ENSG00000175745	3563	661862	1326	0.200344	1.458012	0.024715
breast	urothelial_cell	CL:0000731,CL:1001428,CL:1000486,CL:1000703,CL:4030055,CL:4030056	ENSG00000175745	3563	0	0	0.000000	0.000000	0.000000
breast	cd4_tcell	CL:0000624,CL:0000492,CL:0000896,CL:0000792,CL:0000895,CL:0000897,CL:0000934,CL:0001043,CL:0001044,CL:0000545,CL:0000546,CL:0000899,CL:0001042,CL:0002038,CL:0000903,CL:0000904,CL:0000905,CL:0002677,CL:0002678,CL:4033038	ENSG00000175745	3563	44645	36	0.080636	1.844341	0.011945
blood	luminal_mammary_epithelial_cell	CL:0002326,CL:4033057,CL:4033058	ENSG00000175745	3563	0	0	0.000000	0.000000	0.000000
blood	urothelial_cell	CL:0000731,CL:1001428,CL:1000486,CL:1000703,CL:4030055,CL:4030056	ENSG00000175745	3563	0	0	0.000000	0.000000	0.000000
blood	cd4_tcell	CL:0000624,CL:0000492,CL:0000896,CL:0000792,CL:0000895,CL:0000897,CL:0000934,CL:0001043,CL:0001044,CL:0000545,CL:0000546,CL:0000899,CL:0001042,CL:0002038,CL:0000903,CL:0000904,CL:0000905,CL:0002677,CL:0002678,CL:4033038	ENSG00000175745	3563	1350506	12	0.000889	1.442211	0.000193
ureter	luminal_mammary_epithelial_cell	CL:0002326,CL:4033057,CL:4033058	ENSG00000175745	3563	0	0	0.000000	0.000000	0.000000
ureter	urothelial_cell	CL:0000731,CL:1001428,CL:1000486,CL:1000703,CL:4030055,CL:4030056	ENSG00000175745	3563	24813	78	0.314351	1.040744	0.004962
ureter	cd4_tcell	CL:0000624,CL:0000492,CL:0000896,CL:0000792,CL:0000895,CL:0000897,CL:0000934,CL:0001043,CL:0001044,CL:0000545,CL:0000546,CL:0000899,CL:0001042,CL:0002038,CL:0000903,CL:0000904,CL:0000905,CL:0002677,CL:0002678,CL:4033038	ENSG00000175745	3563	0	0	0.000000	0.000000	0.000000
breast	luminal_mammary_epithelial_cell	CL:0002326,CL:4033057,CL:4033058	ENSG00000157933	40	661862	9149	1.382312	1.353125	0.127280
breast	urothelial_cell	CL:0000731,CL:1001428,CL:1000486,CL:1000703,CL:4030055,CL:4030056	ENSG00000157933	40	0	0	0.000000	0.000000	0.000000
breast	cd4_tcell	CL:0000624,CL:0000492,CL:0000896,CL:0000792,CL:0000895,CL:0000897,CL:0000934,CL:0001043,CL:0001044,CL:0000545,CL:0000546,CL:0000899,CL:0001042,CL:0002038,CL:0000903,CL:0000904,CL:0000905,CL:0002677,CL:0002678,CL:4033038	ENSG00000157933	40	44645	1033	2.313809	1.688340	0.170279
blood	luminal_mammary_epithelial_cell	CL:0002326,CL:4033057,CL:4033058	ENSG00000157933	40	0	0	0.000000	0.000000	0.000000
blood	urothelial_cell	CL:0000731,CL:1001428,CL:1000486,CL:1000703,CL:4030055,CL:4030056	ENSG00000157933	40	0	0	0.000000	0.000000	0.000000
blood	cd4_tcell	CL:0000624,CL:0000492,CL:0000896,CL:0000792,CL:0000895,CL:0000897,CL:0000934,CL:0001043,CL:0001044,CL:0000545,CL:0000546,CL:0000899,CL:0001042,CL:0002038,CL:0000903,CL:0000904,CL:0000905,CL:0002677,CL:0002678,CL:4033038	ENSG00000157933	40	1350506	6121	0.453238	1.702836	0.115960
ureter	luminal_mammary_epithelial_cell	CL:0002326,CL:4033057,CL:4033058	ENSG00000157933	40	0	0	0.000000	0.000000	0.000000
ureter	urothelial_cell	CL:0000731,CL:1001428,CL:1000486,CL:1000703,CL:4030055,CL:4030056	ENSG00000157933	40	24813	1486	5.988796	0.570624	0.113879
ureter	cd4_tcell	CL:0000624,CL:0000492,CL:0000896,CL:0000792,CL:0000895,CL:0000897,CL:0000934,CL:0001043,CL:0001044,CL:0000545,CL:0000546,CL:0000899,CL:0001042,CL:0002038,CL:0000903,CL:0000904,CL:0000905,CL:0002677,CL:0002678,CL:4033038	ENSG00000157933	40	0	0	0.000000	0.000000	0.000000
breast	luminal_mammary_epithelial_cell	CL:0002326,CL:4033057,CL:4033058	ENSG00000172819	7961	661862	9102	1.375211	1.247400	0.082009
breast	urothelial_cell	CL:0000731,CL:1001428,CL:1000486,CL:1000703,CL:4030055,CL:4030056	ENSG00000172819	7961	0	0	0.000000	0.000000	0.000000
breast	cd4_tcell	CL:0000624,CL:0000492,CL:0000896,CL:0000792,CL:0000895,CL:0000897,CL:0000934,CL:0001043,CL:0001044,CL:0000545,CL:0000546,CL:0000899,CL:0001042,CL:0002038,CL:0000903,CL:0000904,CL:0000905,CL:0002677,CL:0002678,CL:4033038	ENSG00000172819	7961	44645	62	0.138873	1.377339	0.030384
blood	luminal_mammary_epithelial_cell	CL:0002326,CL:4033057,CL:4033058	ENSG00000172819	7961	0	0	0.000000	0.000000	0.000000
blood	urothelial_cell	CL:0000731,CL:1001428,CL:1000486,CL:1000703,CL:4030055,CL:4030056	ENSG00000172819	7961	0	0	0.000000	0.000000	0.000000
blood	cd4_tcell	CL:0000624,CL:0000492,CL:0000896,CL:0000792,CL:0000895,CL:0000897,CL:0000934,CL:0001043,CL:0001044,CL:0000545,CL:0000546,CL:0000899,CL:0001042,CL:0002038,CL:0000903,CL:0000904,CL:0000905,CL:0002677,CL:0002678,CL:4033038	ENSG00000172819	7961	1350506	2814	0.208366	1.526774	0.044648
ureter	luminal_mammary_epithelial_cell	CL:0002326,CL:4033057,CL:4033058	ENSG00000172819	7961	0	0	0.000000	0.000000	0.000000
ureter	urothelial_cell	CL:0000731,CL:1001428,CL:1000486,CL:1000703,CL:4030055,CL:4030056	ENSG00000172819	7961	24813	2561	10.321203	0.566794	0.145322
ureter	cd4_tcell	CL:0000624,CL:0000492,CL:0000896,CL:0000792,CL:0000895,CL:0000897,CL:0000934,CL:0001043,CL:0001044,CL:0000545,CL:0000546,CL:0000899,CL:0001042,CL:0002038,CL:0000903,CL:0000904,CL:0000905,CL:0002677,CL:0002678,CL:4033038	ENSG00000172819	7961	0	0	0.000000	0.000000	0.000000
breast	luminal_mammary_epithelial_cell	CL:0002326,CL:4033057,CL:4033058	ENSG00000112561	4183	661862	3877	0.585772	1.277429	0.052421
breast	urothelial_cell	CL:0000731,CL:1001428,CL:1000486,CL:1000703,CL:4030055,CL:4030056	ENSG00000112561	4183	0	0	0.000000	0.000000	0.000000
breast	cd4_tcell	CL:0000624,CL:0000492,CL:0000896,CL:0000792,CL:0000895,CL:0000897,CL:0000934,CL:0001043,CL:0001044,CL:0000545,CL:0000546,CL:0000899,CL:0001042,CL:0002038,CL:0000903,CL:0000904,CL:0000905,CL:0002677,CL:0002678,CL:4033038	ENSG00000112561	4183	44645	51	0.114235	1.346166	0.026172
blood	luminal_mammary_epithelial_cell	CL:0002326,CL:4033057,CL:4033058	ENSG00000112561	4183	0	0	0.000000	0.000000	0.000000
blood	urothelial_cell	CL:0000731,CL:1001428,CL:1000486,CL:1000703,CL:4030055,CL:4030056	ENSG00000112561	4183	0	0	0.000000	0.000000	0.000000
blood	cd4_tcell	CL:0000624,CL:0000492,CL:0000896,CL:0000792,CL:0000895,CL:0000897,CL:0000934,CL:0001043,CL:0001044,CL:0000545,CL:0000546,CL:0000899,CL:0001042,CL:0002038,CL:0000903,CL:0000904,CL:0000905,CL:0002677,CL:0002678,CL:4033038	ENSG00000112561	4183	1350506	944	0.069900	1.590280	0.024974
ureter	luminal_mammary_epithelial_cell	CL:0002326,CL:4033057,CL:4033058	ENSG00000112561	4183	0	0	0.000000	0.000000	0.000000
ureter	urothelial_cell	CL:0000731,CL:1001428,CL:1000486,CL:1000703,CL:4030055,CL:4030056	ENSG00000112561	4183	24813	237	0.955144	0.602042	0.036830
ureter	cd4_tcell	CL:0000624,CL:0000492,CL:0000896,CL:0000792,CL:0000895,CL:0000897,CL:0000934,CL:0001043,CL:0001044,CL:0000545,CL:0000546,CL:0000899,CL:0001042,CL:0002038,CL:0000903,CL:0000904,CL:0000905,CL:0002677,CL:0002678,CL:4033038	ENSG00000112561	4183	0	0	0.000000	0.000000	0.000000
breast	luminal_mammary_epithelial_cell	CL:0002326,CL:4033057,CL:4033058	ENSG00000186350	6427	661862	6645	1.003986	1.309320	0.069628
breast	urothelial_cell	CL:0000731,CL:1001428,CL:1000486,CL:1000703,CL:4030055,CL:4030056	ENSG00000186350	6427	0	0	0.000000	0.000000	0.000000
breast	cd4_tcell	CL:0000624,CL:0000492,CL:0000896,CL:0000792,CL:0000895,CL:0000897,CL:0000934,CL:0001043,CL:0001044,CL:0000545,CL:0000546,CL:0000899,CL:0001042,CL:0002038,CL:0000903,CL:0000904,CL:0000905,CL:0002677,CL:0002678,CL:4033038	ENSG00000186350	6427	44645	74	0.165752	1.533570	0.033115
blood	luminal_mammary_epithelial_cell	CL:0002326,CL:4033057,CL:4033058	ENSG00000186350	6427	0	0	0.000000	0.000000	0.000000
blood	urothelial_cell	CL:0000731,CL:1001428,CL:1000486,CL:1000703,CL:4030055,CL:4030056	ENSG00000186350	6427	0	0	0.000000	0.000000	0.000000
blood	cd4_tcell	CL:0000624,CL:0000492,CL:0000896,CL:0000792,CL:0000895,CL:0000897,CL:0000934,CL:0001043,CL:0001044,CL:0000545,CL:0000546,CL:0000899,CL:0001042,CL:0002038,CL:0000903,CL:0000904,CL:0000905,CL:0002677,CL:0002678,CL:4033038	ENSG00000186350	6427	1350506	578	0.042799	1.574033	0.023714
ureter	luminal_mammary_epithelial_cell	CL:0002326,CL:4033057,CL:4033058	ENSG00000186350	6427	0	0	0.000000	0.000000	0.000000
ureter	urothelial_cell	CL:0000731,CL:1001428,CL:1000486,CL:1000703,CL:4030055,CL:4030056	ENSG00000186350	6427	24813	11076	44.637891	0.917451	0.588285
ureter	cd4_tcell	CL:0000624,CL:0000492,CL:0000896,CL:0000792,CL:0000895,CL:0000897,CL:0000934,CL:0001043,CL:0001044,CL:0000545,CL:0000546,CL:0000899,CL:0001042,CL:0002038,CL:0000903,CL:0000904,CL:0000905,CL:0002677,CL:0002678,CL:4033038	ENSG00000186350	6427	0	0	0.000000	0.000000	0.000000
breast	luminal_mammary_epithelial_cell	CL:0002326,CL:4033057,CL:4033058	ENSG00000143171	14860	661862	0	0.000000	0.000000	0.000467
breast	urothelial_cell	CL:0000731,CL:1001428,CL:1000486,CL:1000703,CL:4030055,CL:4030056	ENSG00000143171	14860	0	0	0.000000	0.000000	0.000000
breast	cd4_tcell	CL:0000624,CL:0000492,CL:0000896,CL:0000792,CL:0000895,CL:0000897,CL:0000934,CL:0001043,CL:0001044,CL:0000545,CL:0000546,CL:0000899,CL:0001042,CL:0002038,CL:0000903,CL:0000904,CL:0000905,CL:0002677,CL:0002678,CL:4033038	ENSG00000143171	14860	44645	0	0.000000	0.000000	0.000171
blood	luminal_mammary_epithelial_cell	CL:0002326,CL:4033057,CL:4033058	ENSG00000143171	14860	0	0	0.000000	0.000000	0.000000
blood	urothelial_cell	CL:0000731,CL:1001428,CL:1000486,CL:1000703,CL:4030055,CL:4030056	ENSG00000143171	14860	0	0	0.000000	0.000000	0.000000
blood	cd4_tcell	CL:0000624,CL:0000492,CL:0000896,CL:0000792,CL:0000895,CL:0000897,CL:0000934,CL:0001043,CL:0001044,CL:0000545,CL:0000546,CL:0000899,CL:0001042,CL:0002038,CL:0000903,CL:0000904,CL:0000905,CL:0002677,CL:0002678,CL:4033038	ENSG00000143171	14860	1350506	0	0.000000	0.000000	0.000015
ureter	luminal_mammary_epithelial_cell	CL:0002326,CL:4033057,CL:4033058	ENSG00000143171	14860	0	0	0.000000	0.000000	0.000000
ureter	urothelial_cell	CL:0000731,CL:1001428,CL:1000486,CL:1000703,CL:4030055,CL:4030056	ENSG00000143171	14860	24813	0	0.000000	0.000000	0.000000
ureter	cd4_tcell	CL:0000624,CL:0000492,CL:0000896,CL:0000792,CL:0000895,CL:0000897,CL:0000934,CL:0001043,CL:0001044,CL:0000545,CL:0000546,CL:0000899,CL:0001042,CL:0002038,CL:0000903,CL:0000904,CL:0000905,CL:0002677,CL:0002678,CL:4033038	ENSG00000143171	14860	0	0	0.000000	0.000000	0.000000
breast	luminal_mammary_epithelial_cell	CL:0002326,CL:4033057,CL:4033058	ENSG00000120068	13884	661862	112	0.016922	1.097946	0.000637
breast	urothelial_cell	CL:0000731,CL:1001428,CL:1000486,CL:1000703,CL:4030055,CL:4030056	ENSG00000120068	13884	0	0	0.000000	0.000000	0.000000
breast	cd4_tcell	CL:0000624,CL:0000492,CL:0000896,CL:0000792,CL:0000895,CL:0000897,CL:0000934,CL:0001043,CL:0001044,CL:0000545,CL:0000546,CL:0000899,CL:0001042,CL:0002038,CL:0000903,CL:0000904,CL:0000905,CL:0002677,CL:0002678,CL:4033038	ENSG00000120068	13884	44645	0	0.000000	0.000000	0.001216
blood	luminal_mammary_epithelial_cell	CL:0002326,CL:4033057,CL:4033058	ENSG00000120068	13884	0	0	0.000000	0.000000	0.000000
blood	urothelial_cell	CL:0000731,CL:1001428,CL:1000486,CL:1000703,CL:4030055,CL:4030056	ENSG00000120068	13884	0	0	0.000000	0.000000	0.000000
blood	cd4_tcell	CL:0000624,CL:0000492,CL:0000896,CL:0000792,CL:0000895,CL:0000897,CL:0000934,CL:0001043,CL:0001044,CL:0000545,CL:0000546,CL:0000899,CL:0001042,CL:0002038,CL:0000903,CL:0000904,CL:0000905,CL:0002677,CL:0002678,CL:4033038	ENSG00000120068	13884	1350506	0	0.000000	0.000000	0.000062
ureter	luminal_mammary_epithelial_cell	CL:0002326,CL:4033057,CL:4033058	ENSG00000120068	13884	0	0	0.000000	0.000000	0.000000
ureter	urothelial_cell	CL:0000731,CL:1001428,CL:1000486,CL:1000703,CL:4030055,CL:4030056	ENSG00000120068	13884	24813	4230	17.047515	0.639697	0.220841
ureter	cd4_tcell	CL:0000624,CL:0000492,CL:0000896,CL:0000792,CL:0000895,CL:0000897,CL:0000934,CL:0001043,CL:0001044,CL:0000545,CL:0000546,CL:0000899,CL:0001042,CL:0002038,CL:0000903,CL:0000904,CL:0000905,CL:0002677,CL:0002678,CL:4033038	ENSG00000120068	13884	0	0	0.000000	0.000000	0.000000
breast	luminal_mammary_epithelial_cell	CL:0002326,CL:4033057,CL:4033058	ENSG00000037965	12769	661862	842	0.127217	1.044426	0.007377
breast	urothelial_cell	CL:0000731,CL:1001428,CL:1000486,CL:1000703,CL:4030055,CL:4030056	ENSG00000037965	12769	0	0	0.000000	0.000000	0.000000
breast	cd4_tcell	CL:0000624,CL:0000492,CL:0000896,CL:0000792,CL:0000895,CL:0000897,CL:0000934,CL:0001043,CL:0001044,CL:0000545,CL:0000546,CL:0000899,CL:0001042,CL:0002038,CL:0000903,CL:0000904,CL:0000905,CL:0002677,CL:0002678,CL:4033038	ENSG00000037965	12769	44645	5	0.011199	1.269988	0.008110
blood	luminal_mammary_epithelial_cell	CL:0002326,CL:4033057,CL:4033058	ENSG00000037965	12769	0	0	0.000000	0.000000	0.000000
blood	urothelial_cell	CL:0000731,CL:1001428,CL:1000486,CL:1000703,CL:4030055,CL:4030056	ENSG00000037965	12769	0	0	0.000000	0.000000	0.000000
blood	cd4_tcell	CL:0000624,CL:0000492,CL:0000896,CL:0000792,CL:0000895,CL:0000897,CL:0000934,CL:0001043,CL:0001044,CL:0000545,CL:0000546,CL:0000899,CL:0001042,CL:0002038,CL:0000903,CL:0000904,CL:0000905,CL:0002677,CL:0002678,CL:4033038	ENSG00000037965	12769	1350506	0	0.000000	0.000000	0.000108
ureter	luminal_mammary_epithelial_cell	CL:0002326,CL:4033057,CL:4033058	ENSG00000037965	12769	0	0	0.000000	0.000000	0.000000
ureter	urothelial_cell	CL:0000731,CL:1001428,CL:1000486,CL:1000703,CL:4030055,CL:4030056	ENSG00000037965	12769	24813	0	0.000000	0.000000	0.000053
ureter	cd4_tcell	CL:0000624,CL:0000492,CL:0000896,CL:0000792,CL:0000895,CL:0000897,CL:0000934,CL:0001043,CL:0001044,CL:0000545,CL:0000546,CL:0000899,CL:0001042,CL:0002038,CL:0000903,CL:0000904,CL:0000905,CL:0002677,CL:0002678,CL:4033038	ENSG00000037965	12769	0	0	0.000000	0.000000	0.000000
breast	luminal_mammary_epithelial_cell	CL:0002326,CL:4033057,CL:4033058	ENSG00000010818	4451	661862	50058	7.563208	1.446291	0.215797
breast	urothelial_cell	CL:0000731,CL:1001428,CL:1000486,CL:1000703,CL:4030055,CL:4030056	ENSG00000010818	4451	0	0	0.000000	0.000000	0.000000
breast	cd4_tcell	CL:0000624,CL:0000492,CL:0000896,CL:0000792,CL:0000895,CL:0000897,CL:0000934,CL:0001043,CL:0001044,CL:0000545,CL:0000546,CL:0000899,CL:0001042,CL:0002038,CL:0000903,CL:0000904,CL:0000905,CL:0002677,CL:0002678,CL:4033038	ENSG00000010818	4451	44645	2034	4.555941	1.640664	0.236520
blood	luminal_mammary_epithelial_cell	CL:0002326,CL:4033057,CL:4033058	ENSG00000010818	4451	0	0	0.000000	0.000000	0.000000
blood	urothelial_cell	CL:0000731,CL:1001428,CL:1000486,CL:1000703,CL:4030055,CL:4030056	ENSG00000010818	4451	0	0	0.000000	0.000000	0.000000
blood	cd4_tcell	CL:0000624,CL:0000492,CL:0000896,CL:0000792,CL:0000895,CL:0000897,CL:0000934,CL:0001043,CL:0001044,CL:0000545,CL:0000546,CL:0000899,CL:0001042,CL:0002038,CL:0000903,CL:0000904,CL:0000905,CL:0002677,CL:0002678,CL:4033038	ENSG00000010818	4451	1350506	32832	2.431089	1.756838	0.287759
ureter	luminal_mammary_epithelial_cell	CL:0002326,CL:4033057,CL:4033058	ENSG00000010818	4451	0	0	0.000000	0.000000	0.000000
ureter	urothelial_cell	CL:0000731,CL:1001428,CL:1000486,CL:1000703,CL:4030055,CL:4030056	ENSG00000010818	4451	24813	3419	13.779067	0.643880	0.193095
ureter	cd4_tcell	CL:0000624,CL:0000492,CL:0000896,CL:0000792,CL:0000895,CL:0000897,CL:0000934,CL:0001043,CL:0001044,CL:0000545,CL:0000546,CL:0000899,CL:0001042,CL:0002038,CL:0000903,CL:0000904,CL:0000905,CL:0002677,CL:0002678,CL:4033038	ENSG00000010818	4451	0	0	0.000000	0.000000	0.000000
breast	luminal_mammary_epithelial_cell	CL:0002326,CL:4033057,CL:4033058	ENSG00000132170	2179	661862	5801	0.876467	1.491739	0.051073
breast	urothelial_cell	CL:0000731,CL:1001428,CL:1000486,CL:1000703,CL:4030055,CL:4030056	ENSG00000132170	2179	0	0	0.000000	0.000000	0.000000
breast	cd4_tcell	CL:0000624,CL:0000492,CL:0000896,CL:0000792,CL:0000895,CL:0000897,CL:0000934,CL:0001043,CL:0001044,CL:0000545,CL:0000546,CL:0000899,CL:0001042,CL:0002038,CL:0000903,CL:0000904,CL:0000905,CL:0002677,CL:0002678,CL:4033038	ENSG00000132170	2179	44645	44	0.098555	1.649308	0.019269
blood	luminal_mammary_epithelial_cell	CL:0002326,CL:4033057,CL:4033058	ENSG00000132170	2179	0	0	0.000000	0.000000	0.000000
blood	urothelial_cell	CL:0000731,CL:1001428,CL:1000486,CL:1000703,CL:4030055,CL:4030056	ENSG00000132170	2179	0	0	0.000000	0.000000	0.000000
blood	cd4_tcell	CL:0000624,CL:0000492,CL:0000896,CL:0000792,CL:0000895,CL:0000897,CL:0000934,CL:0001043,CL:0001044,CL:0000545,CL:0000546,CL:0000899,CL:0001042,CL:0002038,CL:0000903,CL:0000904,CL:0000905,CL:0002677,CL:0002678,CL:4033038	ENSG00000132170	2179	1350506	93	0.006886	1.419799	0.002816
ureter	luminal_mammary_epithelial_cell	CL:0002326,CL:4033057,CL:4033058	ENSG00000132170	2179	0	0	0.000000	0.000000	0.000000
ureter	urothelial_cell	CL:0000731,CL:1001428,CL:1000486,CL:1000703,CL:4030055,CL:4030056	ENSG00000132170	2179	24813	14772	59.533309	1.079414	0.762684
ureter	cd4_tcell	CL:0000624,CL:0000492,CL:0000896,CL:0000792,CL:0000895,CL:0000897,CL:0000934,CL:0001043,CL:0001044,CL:0000545,CL:0000546,CL:0000899,CL:0001042,CL:0002038,CL:0000903,CL:0000904,CL:0000905,CL:0002677,CL:0002678,CL:4033038	ENSG00000132170	2179	0	0	0.000000	0.000000	0.000000
breast	luminal_mammary_epithelial_cell	CL:0002326,CL:4033057,CL:4033058	ENSG00000148516	7298	661862	1380	0.208503	1.568173	0.041487
breast	urothelial_cell	CL:0000731,CL:1001428,CL:1000486,CL:1000703,CL:4030055,CL:4030056	ENSG00000148516	7298	0	0	0.000000	0.000000	0.000000
breast	cd4_tcell	CL:0000624,CL:0000492,CL:0000896,CL:0000792,CL:0000895,CL:0000897,CL:0000934,CL:0001043,CL:0001044,CL:0000545,CL:0000546,CL:0000899,CL:0001042,CL:0002038,CL:0000903,CL:0000904,CL:0000905,CL:0002677,CL:0002678,CL:4033038	ENSG00000148516	7298	44645	1286	2.880502	1.836721	0.172190
blood	luminal_mammary_epithelial_cell	CL:0002326,CL:4033057,CL:4033058	ENSG00000148516	7298	0	0	0.000000	0.000000	0.000000
blood	urothelial_cell	CL:0000731,CL:1001428,CL:1000486,CL:1000703,CL:4030055,CL:4030056	ENSG00000148516	7298	0	0	0.000000	0.000000	0.000000
blood	cd4_tcell	CL:0000624,CL:0000492,CL:0000896,CL:0000792,CL:0000895,CL:0000897,CL:0000934,CL:0001043,CL:0001044,CL:0000545,CL:0000546,CL:0000899,CL:0001042,CL:0002038,CL:0000903,CL:0000904,CL:0000905,CL:0002677,CL:0002678,CL:4033038	ENSG00000148516	7298	1350506	26602	1.969780	1.734274	0.251693
ureter	luminal_mammary_epithelial_cell	CL:0002326,CL:4033057,CL:4033058	ENSG00000148516	7298	0	0	0.000000	0.000000	0.000000
ureter	urothelial_cell	CL:0000731,CL:1001428,CL:1000486,CL:1000703,CL:4030055,CL:4030056	ENSG00000148516	7298	24813	62	0.249869	0.779386	0.009297
ureter	cd4_tcell	CL:0000624,CL:0000492,CL:0000896,CL:0000792,CL:0000895,CL:0000897,CL:0000934,CL:0001043,CL:0001044,CL:0000545,CL:0000546,CL:0000899,CL:0001042,CL:0002038,CL:0000903,CL:0000904,CL:0000905,CL:0002677,CL:0002678,CL:4033038	ENSG00000148516	7298	0	0	0.000000	0.000000	0.000000
breast	luminal_mammary_epithelial_cell	CL:0002326,CL:4033057,CL:4033058	ENSG00000185630	960	661862	57389	8.670841	1.618354	0.639241
breast	urothelial_cell	CL:0000731,CL:1001428,CL:1000486,CL:1000703,CL:4030055,CL:4030056	ENSG00000185630	960	0	0	0.000000	0.000000	0.000000
breast	cd4_tcell	CL:0000624,CL:0000492,CL:0000896,CL:0000792,CL:0000895,CL:0000897,CL:0000934,CL:0001043,CL:0001044,CL:0000545,CL:0000546,CL:0000899,CL:0001042,CL:0002038,CL:0000903,CL:0000904,CL:0000905,CL:0002677,CL:0002678,CL:4033038	ENSG00000185630	960	44645	150	0.335984	1.555977	0.048254
blood	luminal_mammary_epithelial_cell	CL:0002326,CL:4033057,CL:4033058	ENSG00000185630	960	0	0	0.000000	0.000000	0.000000
blood	urothelial_cell	CL:0000731,CL:1001428,CL:1000486,CL:1000703,CL:4030055,CL:4030056	ENSG00000185630	960	0	0	0.000000	0.000000	0.000000
blood	cd4_tcell	CL:0000624,CL:0000492,CL:0000896,CL:0000792,CL:0000895,CL:0000897,CL:0000934,CL:0001043,CL:0001044,CL:0000545,CL:0000546,CL:0000899,CL:0001042,CL:0002038,CL:0000903,CL:0000904,CL:0000905,CL:0002677,CL:0002678,CL:4033038	ENSG00000185630	960	1350506	180	0.013328	1.626948	0.003787
ureter	luminal_mammary_epithelial_cell	CL:0002326,CL:4033057,CL:4033058	ENSG00000185630	960	0	0	0.000000	0.000000	0.000000
ureter	urothelial_cell	CL:0000731,CL:1001428,CL:1000486,CL:1000703,CL:4030055,CL:4030056	ENSG00000185630	960	24813	7934	31.975174	0.746338	0.372674
ureter	cd4_tcell	CL:0000624,CL:0000492,CL:0000896,CL:0000792,CL:0000895,CL:0000897,CL:0000934,CL:0001043,CL:0001044,CL:0000545,CL:0000546,CL:0000899,CL:0001042,CL:0002038,CL:0000903,CL:0000904,CL:0000905,CL:0002677,CL:0002678,CL:4033038	ENSG00000185630	960	0	0	0.000000	0.000000	0.000000
breast	luminal_mammary_epithelial_cell	CL:0002326,CL:4033057,CL:4033058	ENSG00000167081	6323	661862	10781	1.628889	1.529393	0.159356
breast	urothelial_cell	CL:0000731,CL:1001428,CL:1000486,CL:1000703,CL:4030055,CL:4030056	ENSG00000167081	6323	0	0	0.000000	0.000000	0.000000
breast	cd4_tcell	CL:0000624,CL:0000492,CL:0000896,CL:0000792,CL:0000895,CL:0000897,CL:0000934,CL:0001043,CL:0001044,CL:0000545,CL:0000546,CL:0000899,CL:0001042,CL:0002038,CL:0000903,CL:0000904,CL:0000905,CL:0002677,CL:0002678,CL:4033038	ENSG00000167081	6323	44645	55	0.123194	1.533294	0.031633
blood	luminal_mammary_epithelial_cell	CL:0002326,CL:4033057,CL:4033058	ENSG00000167081	6323	0	0	0.000000	0.000000	0.000000
blood	urothelial_cell	CL:0000731,CL:1001428,CL:1000486,CL:1000703,CL:4030055,CL:4030056	ENSG00000167081	6323	0	0	0.000000	0.000000	0.000000
blood	cd4_tcell	CL:0000624,CL:0000492,CL:0000896,CL:0000792,CL:0000895,CL:0000897,CL:0000934,CL:0001043,CL:0001044,CL:0000545,CL:0000546,CL:0000899,CL:0001042,CL:0002038,CL:0000903,CL:0000904,CL:0000905,CL:0002677,CL:0002678,CL:4033038	ENSG00000167081	6323	1350506	2690	0.199185	1.718881	0.066865
ureter	luminal_mammary_epithelial_cell	CL:0002326,CL:4033057,CL:4033058	ENSG00000167081	6323	0	0	0.000000	0.000000	0.000000
ureter	urothelial_cell	CL:0000731,CL:1001428,CL:1000486,CL:1000703,CL:4030055,CL:4030056	ENSG00000167081	6323	24813	1471	5.928344	0.554953	0.109061
ureter	cd4_tcell	CL:0000624,CL:0000492,CL:0000896,CL:0000792,CL:0000895,CL:0000897,CL:0000934,CL:0001043,CL:0001044,CL:0000545,CL:0000546,CL:0000899,CL:0001042,CL:0002038,CL:0000903,CL:0000904,CL:0000905,CL:0002677,CL:0002678,CL:4033038	ENSG00000167081	6323	0	0	0.000000	0.000000	0.000000
breast	luminal_mammary_epithelial_cell	CL:0002326,CL:4033057,CL:4033058	ENSG00000244405	2794	661862	3158	0.477139	1.301797	0.045126
breast	urothelial_cell	CL:0000731,CL:1001428,CL:1000486,CL:1000703,CL:4030055,CL:4030056	ENSG00000244405	2794	0	0	0.000000	0.000000	0.000000
breast	cd4_tcell	CL:0000624,CL:0000492,CL:0000896,CL:0000792,CL:0000895,CL:0000897,CL:0000934,CL:0001043,CL:0001044,CL:0000545,CL:0000546,CL:0000899,CL:0001042,CL:0002038,CL:0000903,CL:0000904,CL:0000905,CL:0002677,CL:0002678,CL:4033038	ENSG00000244405	2794	44645	42	0.094075	1.680881	0.024853
blood	luminal_mammary_epithelial_cell	CL:0002326,CL:4033057,CL:4033058	ENSG00000244405	2794	0	0	0.000000	0.000000	0.000000
blood	urothelial_cell	CL:0000731,CL:1001428,CL:1000486,CL:1000703,CL:4030055,CL:4030056	ENSG00000244405	2794	0	0	0.000000	0.000000	0.000000
blood	cd4_tcell	CL:0000624,CL:0000492,CL:0000896,CL:0000792,CL:0000895,CL:0000897,CL:0000934,CL:0001043,CL:0001044,CL:0000545,CL:0000546,CL:0000899,CL:0001042,CL:0002038,CL:0000903,CL:0000904,CL:0000905,CL:0002677,CL:0002678,CL:4033038	ENSG00000244405	2794	1350506	7	0.000518	1.434100	0.000690
ureter	luminal_mammary_epithelial_cell	CL:0002326,CL:4033057,CL:4033058	ENSG00000244405	2794	0	0	0.000000	0.000000	0.000000
ureter	urothelial_cell	CL:0000731,CL:1001428,CL:1000486,CL:1000703,CL:4030055,CL:4030056	ENSG00000244405	2794	24813	86	0.346593	0.499559	0.013519
ureter	cd4_tcell	CL:0000624,CL:0000492,CL:0000896,CL:0000792,CL:0000895,CL:0000897,CL:0000934,CL:0001043,CL:0001044,CL:0000545,CL:0000546,CL:0000899,CL:0001042,CL:0002038,CL:0000903,CL:0000904,CL:0000905,CL:0002677,CL:0002678,CL:4033038	ENSG00000244405	2794	0	0	0.000000	0.000000	0.000000
breast	luminal_mammary_epithelial_cell	CL:0002326,CL:4033057,CL:4033058	ENSG00000163219	1553	661862	253	0.038225	1.352517	0.016725
breast	urothelial_cell	CL:0000731,CL:1001428,CL:1000486,CL:1000703,CL:4030055,CL:4030056	ENSG00000163219	1553	0	0	0.000000	0.000000	0.000000
breast	cd4_tcell	CL:0000624,CL:0000492,CL:0000896,CL:0000792,CL:0000895,CL:0000897,CL:0000934,CL:0001043,CL:0001044,CL:0000545,CL:0000546,CL:0000899,CL:0001042,CL:0002038,CL:0000903,CL:0000904,CL:0000905,CL:0002677,CL:0002678,CL:4033038	ENSG00000163219	1553	44645	227	0.508456	1.739132	0.063440
blood	luminal_mammary_epithelial_cell	CL:0002326,CL:4033057,CL:4033058	ENSG00000163219	1553	0	0	0.000000	0.000000	0.000000
blood	urothelial_cell	CL:0000731,CL:1001428,CL:1000486,CL:1000703,CL:4030055,CL:4030056	ENSG00000163219	1553	0	0	0.000000	0.000000	0.000000
blood	cd4_tcell	CL:0000624,CL:0000492,CL:0000896,CL:0000792,CL:0000895,CL:0000897,CL:0000934,CL:0001043,CL:0001044,CL:0000545,CL:0000546,CL:0000899,CL:0001042,CL:0002038,CL:0000903,CL:0000904,CL:0000905,CL:0002677,CL:0002678,CL:4033038	ENSG00000163219	1553	1350506	32203	2.384514	1.706769	0.274381
ureter	luminal_mammary_epithelial_cell	CL:0002326,CL:4033057,CL:4033058	ENSG00000163219	1553	0	0	0.000000	0.000000	0.000000
ureter	urothelial_cell	CL:0000731,CL:1001428,CL:1000486,CL:1000703,CL:4030055,CL:4030056	ENSG00000163219	1553	24813	32	0.128965	0.834740	0.009536
ureter	cd4_tcell	CL:0000624,CL:0000492,CL:0000896,CL:0000792,CL:0000895,CL:0000897,CL:0000934,CL:0001043,CL:0001044,CL:0000545,CL:0000546,CL:0000899,CL:0001042,CL:0002038,CL:0000903,CL:0000904,CL:0000905,CL:0002677,CL:0002678,CL:4033038	ENSG00000163219	1553	0	0	0.000000	0.000000	0.000000
breast	luminal_mammary_epithelial_cell	CL:0002326,CL:4033057,CL:4033058	ENSG00000213923	12378	661862	193563	29.245220	1.430995	0.407192
breast	urothelial_cell	CL:0000731,CL:1001428,CL:1000486,CL:1000703,CL:4030055,CL:4030056	ENSG00000213923	12378	0	0	0.000000	0.000000	0.000000
breast	cd4_tcell	CL:0000624,CL:0000492,CL:0000896,CL:0000792,CL:0000895,CL:0000897,CL:0000934,CL:0001043,CL:0001044,CL:0000545,CL:0000546,CL:0000899,CL:0001042,CL:0002038,CL:0000903,CL:0000904,CL:0000905,CL:0002677,CL:0002678,CL:4033038	ENSG00000213923	12378	44645	648	1.451450	1.615946	0.195913
blood	luminal_mammary_epithelial_cell	CL:0002326,CL:4033057,CL:4033058	ENSG00000213923	12378	0	0	0.000000	0.000000	0.000000
blood	urothelial_cell	CL:0000731,CL:1001428,CL:1000486,CL:1000703,CL:4030055,CL:4030056	ENSG00000213923	12378	0	0	0.000000	0.000000	0.000000
blood	cd4_tcell	CL:0000624,CL:0000492,CL:0000896,CL:0000792,CL:0000895,CL:0000897,CL:0000934,CL:0001043,CL:0001044,CL:0000545,CL:0000546,CL:0000899,CL:0001042,CL:0002038,CL:0000903,CL:0000904,CL:0000905,CL:0002677,CL:0002678,CL:4033038	ENSG00000213923	12378	1350506	4741	0.351054	1.637962	0.076638
ureter	luminal_mammary_epithelial_cell	CL:0002326,CL:4033057,CL:4033058	ENSG00000213923	12378	0	0	0.000000	0.000000	0.000000
ureter	urothelial_cell	CL:0000731,CL:1001428,CL:1000486,CL:1000703,CL:4030055,CL:4030056	ENSG00000213923	12378	24813	9873	39.789626	0.826389	0.455244
ureter	cd4_tcell	CL:0000624,CL:0000492,CL:0000896,CL:0000792,CL:0000895,CL:0000897,CL:0000934,CL:0001043,CL:0001044,CL:0000545,CL:0000546,CL:0000899,CL:0001042,CL:0002038,CL:0000903,CL:0000904,CL:0000905,CL:0002677,CL:0002678,CL:4033038	ENSG00000213923	12378	0	0	0.000000	0.000000	0.000000
breast	luminal_mammary_epithelial_cell	CL:0002326,CL:4033057,CL:4033058	ENSG00000117650	1151	661862	348	0.052579	0.982716	0.002733
breast	urothelial_cell	CL:0000731,CL:1001428,CL:1000486,CL:1000703,CL:4030055,CL:4030056	ENSG00000117650	1151	0	0	0.000000	0.000000	0.000000
breast	cd4_tcell	CL:0000624,CL:0000492,CL:0000896,CL:0000792,CL:0000895,CL:0000897,CL:0000934,CL:0001043,CL:0001044,CL:0000545,CL:0000546,CL:0000899,CL:0001042,CL:0002038,CL:0000903,CL:0000904,CL:0000905,CL:0002677,CL:0002678,CL:4033038	ENSG00000117650	1151	44645	9	0.020159	1.187602	0.001763
blood	luminal_mammary_epithelial_cell	CL:0002326,CL:4033057,CL:4033058	ENSG00000117650	1151	0	0	0.000000	0.000000	0.000000
blood	urothelial_cell	CL:0000731,CL:1001428,CL:1000486,CL:1000703,CL:4030055,CL:4030056	ENSG00000117650	1151	0	0	0.000000	0.000000	0.000000
blood	cd4_tcell	CL:0000624,CL:0000492,CL:0000896,CL:0000792,CL:0000895,CL:0000897,CL:0000934,CL:0001043,CL:0001044,CL:0000545,CL:0000546,CL:0000899,CL:0001042,CL:0002038,CL:0000903,CL:0000904,CL:0000905,CL:0002677,CL:0002678,CL:4033038	ENSG00000117650	1151	1350506	189	0.013995	0.957711	0.003488
ureter	luminal_mammary_epithelial_cell	CL:0002326,CL:4033057,CL:4033058	ENSG00000117650	1151	0	0	0.000000	0.000000	0.000000
ureter	urothelial_cell	CL:0000731,CL:1001428,CL:1000486,CL:1000703,CL:4030055,CL:4030056	ENSG00000117650	1151	24813	107	0.431226	0.706098	0.004701
ureter	cd4_tcell	CL:0000624,CL:0000492,CL:0000896,CL:0000792,CL:0000895,CL:0000897,CL:0000934,CL:0001043,CL:0001044,CL:0000545,CL:0000546,CL:0000899,CL:0001042,CL:0002038,CL:0000903,CL:0000904,CL:0000905,CL:0002677,CL:0002678,CL:4033038	ENSG00000117650	1151	0	0	0.000000	0.000000	0.000000
breast	luminal_mammary_epithelial_cell	CL:0002326,CL:4033057,CL:4033058	ENSG00000173744	2072	661862	84625	12.785898	1.388046	0.301231
breast	urothelial_cell	CL:0000731,CL:1001428,CL:1000486,CL:1000703,CL:4030055,CL:4030056	ENSG00000173744	2072	0	0	0.000000	0.000000	0.000000
breast	cd4_tcell	CL:0000624,CL:0000492,CL:0000896,CL:0000792,CL:0000895,CL:0000897,CL:0000934,CL:0001043,CL:0001044,CL:0000545,CL:0000546,CL:0000899,CL:0001042,CL:0002038,CL:0000903,CL:0000904,CL:0000905,CL:0002677,CL:0002678,CL:4033038	ENSG00000173744	2072	44645	593	1.328256	1.508584	0.139428
blood	luminal_mammary_epithelial_cell	CL:0002326,CL:4033057,CL:4033058	ENSG00000173744	2072	0	0	0.000000	0.000000	0.000000
blood	urothelial_cell	CL:0000731,CL:1001428,CL:1000486,CL:1000703,CL:4030055,CL:4030056	ENSG00000173744	2072	0	0	0.000000	0.000000	0.000000
blood	cd4_tcell	CL:0000624,CL:0000492,CL:0000896,CL:0000792,CL:0000895,CL:0000897,CL:0000934,CL:0001043,CL:0001044,CL:0000545,CL:0000546,CL:0000899,CL:0001042,CL:0002038,CL:0000903,CL:0000904,CL:0000905,CL:0002677,CL:0002678,CL:4033038	ENSG00000173744	2072	1350506	8338	0.617398	1.620203	0.122853
ureter	luminal_mammary_epithelial_cell	CL:0002326,CL:4033057,CL:4033058	ENSG00000173744	2072	0	0	0.000000	0.000000	0.000000
ureter	urothelial_cell	CL:0000731,CL:1001428,CL:1000486,CL:1000703,CL:4030055,CL:4030056	ENSG00000173744	2072	24813	3698	14.903478	0.625362	0.211373
ureter	cd4_tcell	CL:0000624,CL:0000492,CL:0000896,CL:0000792,CL:0000895,CL:0000897,CL:0000934,CL:0001043,CL:0001044,CL:0000545,CL:0000546,CL:0000899,CL:0001042,CL:0002038,CL:0000903,CL:0000904,CL:0000905,CL:0002677,CL:0002678,CL:4033038	ENSG00000173744	2072	0	0	0.000000	0.000000	0.000000
breast	luminal_mammary_epithelial_cell	CL:0002326,CL:4033057,CL:4033058	ENSG00000182809	8994	661862	76486	11.556185	1.534719	0.247435
breast	urothelial_cell	CL:0000731,CL:1001428,CL:1000486,CL:1000703,CL:4030055,CL:4030056	ENSG00000182809	8994	0	0	0.000000	0.000000	0.000000
breast	cd4_tcell	CL:0000624,CL:0000492,CL:0000896,CL:0000792,CL:0000895,CL:0000897,CL:0000934,CL:0001043,CL:0001044,CL:0000545,CL:0000546,CL:0000899,CL:0001042,CL:0002038,CL:0000903,CL:0000904,CL:0000905,CL:0002677,CL:0002678,CL:4033038	ENSG00000182809	8994	44645	645	1.444731	1.585321	0.124422
blood	luminal_mammary_epithelial_cell	CL:0002326,CL:4033057,CL:4033058	ENSG00000182809	8994	0	0	0.000000	0.000000	0.000000
blood	urothelial_cell	CL:0000731,CL:1001428,CL:1000486,CL:1000703,CL:4030055,CL:4030056	ENSG00000182809	8994	0	0	0.000000	0.000000	0.000000
blood	cd4_tcell	CL:0000624,CL:0000492,CL:0000896,CL:0000792,CL:0000895,CL:0000897,CL:0000934,CL:0001043,CL:0001044,CL:0000545,CL:0000546,CL:0000899,CL:0001042,CL:0002038,CL:0000903,CL:0000904,CL:0000905,CL:0002677,CL:0002678,CL:4033038	ENSG00000182809	8994	1350506	44135	3.268034	1.799475	0.155437
ureter	luminal_mammary_epithelial_cell	CL:0002326,CL:4033057,CL:4033058	ENSG00000182809	8994	0	0	0.000000	0.000000	0.000000
ureter	urothelial_cell	CL:0000731,CL:1001428,CL:1000486,CL:1000703,CL:4030055,CL:4030056	ENSG00000182809	8994	24813	8938	36.021440	0.833890	0.419899
ureter	cd4_tcell	CL:0000624,CL:0000492,CL:0000896,CL:0000792,CL:0000895,CL:0000897,CL:0000934,CL:0001043,CL:0001044,CL:0000545,CL:0000546,CL:0000899,CL:0001042,CL:0002038,CL:0000903,CL:0000904,CL:0000905,CL:0002677,CL:0002678,CL:4033038	ENSG00000182809	8994	0	0	0.000000	0.000000	0.000000
breast	luminal_mammary_epithelial_cell	CL:0002326,CL:4033057,CL:4033058	ENSG00000160199	12589	661862	18657	2.818866	1.339430	0.115348
breast	urothelial_cell	CL:0000731,CL:1001428,CL:1000486,CL:1000703,CL:4030055,CL:4030056	ENSG00000160199	12589	0	0	0.000000	0.000000	0.000000
breast	cd4_tcell	CL:0000624,CL:0000492,CL:0000896,CL:0000792,CL:0000895,CL:0000897,CL:0000934,CL:0001043,CL:0001044,CL:0000545,CL:0000546,CL:0000899,CL:0001042,CL:0002038,CL:0000903,CL:0000904,CL:0000905,CL:0002677,CL:0002678,CL:4033038	ENSG00000160199	12589	44645	388	0.869078	1.620418	0.102156
blood	luminal_mammary_epithelial_cell	CL:0002326,CL:4033057,CL:4033058	ENSG00000160199	12589	0	0	0.000000	0.000000	0.000000
blood	urothelial_cell	CL:0000731,CL:1001428,CL:1000486,CL:1000703,CL:4030055,CL:4030056	ENSG00000160199	12589	0	0	0.000000	0.000000	0.000000
blood	cd4_tcell	CL:0000624,CL:0000492,CL:0000896,CL:0000792,CL:0000895,CL:0000897,CL:0000934,CL:0001043,CL:0001044,CL:0000545,CL:0000546,CL:0000899,CL:0001042,CL:0002038,CL:0000903,CL:0000904,CL:0000905,CL:0002677,CL:0002678,CL:4033038	ENSG00000160199	12589	1350506	3484	0.257977	1.561218	0.062149
ureter	luminal_mammary_epithelial_cell	CL:0002326,CL:4033057,CL:4033058	ENSG00000160199	12589	0	0	0.000000	0.000000	0.000000
ureter	urothelial_cell	CL:0000731,CL:1001428,CL:1000486,CL:1000703,CL:4030055,CL:4030056	ENSG00000160199	12589	24813	1493	6.017007	0.566212	0.105514
ureter	cd4_tcell	CL:0000624,CL:0000492,CL:0000896,CL:0000792,CL:0000895,CL:0000897,CL:0000934,CL:0001043,CL:0001044,CL:0000545,CL:0000546,CL:0000899,CL:0001042,CL:0002038,CL:0000903,CL:0000904,CL:0000905,CL:0002677,CL:0002678,CL:4033038	ENSG00000160199	12589	0	0	0.000000	0.000000	0.000000
breast	luminal_mammary_epithelial_cell	CL:0002326,CL:4033057,CL:4033058	ENSG00000165495	15986	661862	2241	0.338590	1.515034	0.027209
breast	urothelial_cell	CL:0000731,CL:1001428,CL:1000486,CL:1000703,CL:4030055,CL:4030056	ENSG00000165495	15986	0	0	0.000000	0.000000	0.000000
breast	cd4_tcell	CL:0000624,CL:0000492,CL:0000896,CL:0000792,CL:0000895,CL:0000897,CL:0000934,CL:0001043,CL:0001044,CL:0000545,CL:0000546,CL:0000899,CL:0001042,CL:0002038,CL:0000903,CL:0000904,CL:0000905,CL:0002677,CL:0002678,CL:4033038	ENSG00000165495	15986	44645	0	0.000000	0.000000	0.001203
blood	luminal_mammary_epithelial_cell	CL:0002326,CL:4033057,CL:4033058	ENSG00000165495	15986	0	0	0.000000	0.000000	0.000000
blood	urothelial_cell	CL:0000731,CL:1001428,CL:1000486,CL:1000703,CL:4030055,CL:4030056	ENSG00000165495	15986	0	0	0.000000	0.000000	0.000000
blood	cd4_tcell	CL:0000624,CL:0000492,CL:0000896,CL:0000792,CL:0000895,CL:0000897,CL:0000934,CL:0001043,CL:0001044,CL:0000545,CL:0000546,CL:0000899,CL:0001042,CL:0002038,CL:0000903,CL:0000904,CL:0000905,CL:0002677,CL:0002678,CL:4033038	ENSG00000165495	15986	1350506	1	0.000074	1.733394	0.000156
ureter	luminal_mammary_epithelial_cell	CL:0002326,CL:4033057,CL:4033058	ENSG00000165495	15986	0	0	0.000000	0.000000	0.000000
ureter	urothelial_cell	CL:0000731,CL:1001428,CL:1000486,CL:1000703,CL:4030055,CL:4030056	ENSG00000165495	15986	24813	1	0.004030	0.748474	0.000501
ureter	cd4_tcell	CL:0000624,CL:0000492,CL:0000896,CL:0000792,CL:0000895,CL:0000897,CL:0000934,CL:0001043,CL:0001044,CL:0000545,CL:0000546,CL:0000899,CL:0001042,CL:0002038,CL:0000903,CL:0000904,CL:0000905,CL:0002677,CL:0002678,CL:4033038	ENSG00000165495	15986	0	0	0.000000	0.000000	0.000000
breast	luminal_mammary_epithelial_cell	CL:0002326,CL:4033057,CL:4033058	ENSG00000104518	5939	661862	54504	8.234949	1.359468	0.174004
breast	urothelial_cell	CL:0000731,CL:1001428,CL:1000486,CL:1000703,CL:4030055,CL:4030056	ENSG00000104518	5939	0	0	0.000000	0.000000	0.000000
breast	cd4_tcell	CL:0000624,CL:0000492,CL:0000896,CL:0000792,CL:0000895,CL:0000897,CL:0000934,CL:0001043,CL:0001044,CL:0000545,CL:0000546,CL:0000899,CL:0001042,CL:0002038,CL:0000903,CL:0000904,CL:0000905,CL:0002677,CL:0002678,CL:4033038	ENSG00000104518	5939	44645	436	0.976593	1.550927	0.137067
blood	luminal_mammary_epithelial_cell	CL:0002326,CL:4033057,CL:4033058	ENSG00000104518	5939	0	0	0.000000	0.000000	0.000000
blood	urothelial_cell	CL:0000731,CL:1001428,CL:1000486,CL:1000703,CL:4030055,CL:4030056	ENSG00000104518	5939	0	0	0.000000	0.000000	0.000000
blood	cd4_tcell	CL:0000624,CL:0000492,CL:0000896,CL:0000792,CL:0000895,CL:0000897,CL:0000934,CL:0001043,CL:0001044,CL:0000545,CL:0000546,CL:0000899,CL:0001042,CL:0002038,CL:0000903,CL:0000904,CL:0000905,CL:0002677,CL:0002678,CL:4033038	ENSG00000104518	5939	1350506	41675	3.085880	1.621059	0.264350
ureter	luminal_mammary_epithelial_cell	CL:0002326,CL:4033057,CL:4033058	ENSG00000104518	5939	0	0	0.000000	0.000000	0.000000
ureter	urothelial_cell	CL:0000731,CL:1001428,CL:1000486,CL:1000703,CL:4030055,CL:4030056	ENSG00000104518	5939	24813	4891	19.711442	0.667405	0.263241
ureter	cd4_tcell	CL:0000624,CL:0000492,CL:0000896,CL:0000792,CL:0000895,CL:0000897,CL:0000934,CL:0001043,CL:0001044,CL:0000545,CL:0000546,CL:0000899,CL:0001042,CL:0002038,CL:0000903,CL:0000904,CL:0000905,CL:0002677,CL:0002678,CL:4033038	ENSG00000104518	5939	0	0	0.000000	0.000000	0.000000
breast	luminal_mammary_epithelial_cell	CL:0002326,CL:4033057,CL:4033058	ENSG00000113430	13698	661862	866	0.130843	1.349007	0.014756
breast	urothelial_cell	CL:0000731,CL:1001428,CL:1000486,CL:1000703,CL:4030055,CL:4030056	ENSG00000113430	13698	0	0	0.000000	0.000000	0.000000
breast	cd4_tcell	CL:0000624,CL:0000492,CL:0000896,CL:0000792,CL:0000895,CL:0000897,CL:0000934,CL:0001043,CL:0001044,CL:0000545,CL:0000546,CL:0000899,CL:0001042,CL:0002038,CL:0000903,CL:0000904,CL:0000905,CL:0002677,CL:0002678,CL:4033038	ENSG00000113430	13698	44645	33	0.073916	1.264345	0.017474
blood	luminal_mammary_epithelial_cell	CL:0002326,CL:4033057,CL:4033058	ENSG00000113430	13698	0	0	0.000000	0.000000	0.000000
blood	urothelial_cell	CL:0000731,CL:1001428,CL:1000486,CL:1000703,CL:4030055,CL:4030056	ENSG00000113430	13698	0	0	0.000000	0.000000	0.000000
blood	cd4_tcell	CL:0000624,CL:0000492,CL:0000896,CL:0000792,CL:0000895,CL:0000897,CL:0000934,CL:0001043,CL:0001044,CL:0000545,CL:0000546,CL:0000899,CL:0001042,CL:0002038,CL:0000903,CL:0000904,CL:0000905,CL:0002677,CL:0002678,CL:4033038	ENSG00000113430	13698	1350506	0	0.000000	0.000000	0.000061
ureter	luminal_mammary_epithelial_cell	CL:0002326,CL:4033057,CL:4033058	ENSG00000113430	13698	0	0	0.000000	0.000000	0.000000
ureter	urothelial_cell	CL:0000731,CL:1001428,CL:1000486,CL:1000703,CL:4030055,CL:4030056	ENSG00000113430	13698	24813	0	0.000000	0.000000	0.000091
ureter	cd4_tcell	CL:0000624,CL:0000492,CL:0000896,CL:0000792,CL:0000895,CL:0000897,CL:0000934,CL:0001043,CL:0001044,CL:0000545,CL:0000546,CL:0000899,CL:0001042,CL:0002038,CL:0000903,CL:0000904,CL:0000905,CL:0002677,CL:0002678,CL:4033038	ENSG00000113430	13698	0	0	0.000000	0.000000	0.000000
breast	luminal_mammary_epithelial_cell	CL:0002326,CL:4033057,CL:4033058	ENSG00000182568	2215	661862	12105	1.828931	0.874909	0.059110
breast	urothelial_cell	CL:0000731,CL:1001428,CL:1000486,CL:1000703,CL:4030055,CL:4030056	ENSG00000182568	2215	0	0	0.000000	0.000000	0.000000
breast	cd4_tcell	CL:0000624,CL:0000492,CL:0000896,CL:0000792,CL:0000895,CL:0000897,CL:0000934,CL:0001043,CL:0001044,CL:0000545,CL:0000546,CL:0000899,CL:0001042,CL:0002038,CL:0000903,CL:0000904,CL:0000905,CL:0002677,CL:0002678,CL:4033038	ENSG00000182568	2215	44645	3974	8.901333	1.892594	0.304564
blood	luminal_mammary_epithelial_cell	CL:0002326,CL:4033057,CL:4033058	ENSG00000182568	2215	0	0	0.000000	0.000000	0.000000
blood	urothelial_cell	CL:0000731,CL:1001428,CL:1000486,CL:1000703,CL:4030055,CL:4030056	ENSG00000182568	2215	0	0	0.000000	0.000000	0.000000
blood	cd4_tcell	CL:0000624,CL:0000492,CL:0000896,CL:0000792,CL:0000895,CL:0000897,CL:0000934,CL:0001043,CL:0001044,CL:0000545,CL:0000546,CL:0000899,CL:0001042,CL:0002038,CL:0000903,CL:0000904,CL:0000905,CL:0002677,CL:0002678,CL:4033038	ENSG00000182568	2215	1350506	148569	11.000988	1.778364	0.474895
ureter	luminal_mammary_epithelial_cell	CL:0002326,CL:4033057,CL:4033058	ENSG00000182568	2215	0	0	0.000000	0.000000	0.000000
ureter	urothelial_cell	CL:0000731,CL:1001428,CL:1000486,CL:1000703,CL:4030055,CL:4030056	ENSG00000182568	2215	24813	4288	17.281264	0.646859	0.231816
ureter	cd4_tcell	CL:0000624,CL:0000492,CL:0000896,CL:0000792,CL:0000895,CL:0000897,CL:0000934,CL:0001043,CL:0001044,CL:0000545,CL:0000546,CL:0000899,CL:0001042,CL:0002038,CL:0000903,CL:0000904,CL:0000905,CL:0002677,CL:0002678,CL:4033038	ENSG00000182568	2215	0	0	0.000000	0.000000	0.000000
breast	luminal_mammary_epithelial_cell	CL:0002326,CL:4033057,CL:4033058	ENSG00000119042	13854	661862	234	0.035355	1.326726	0.011729
breast	urothelial_cell	CL:0000731,CL:1001428,CL:1000486,CL:1000703,CL:4030055,CL:4030056	ENSG00000119042	13854	0	0	0.000000	0.000000	0.000000
breast	cd4_tcell	CL:0000624,CL:0000492,CL:0000896,CL:0000792,CL:0000895,CL:0000897,CL:0000934,CL:0001043,CL:0001044,CL:0000545,CL:0000546,CL:0000899,CL:0001042,CL:0002038,CL:0000903,CL:0000904,CL:0000905,CL:0002677,CL:0002678,CL:4033038	ENSG00000119042	13854	44645	0	0.000000	0.000000	0.003252
blood	luminal_mammary_epithelial_cell	CL:0002326,CL:4033057,CL:4033058	ENSG00000119042	13854	0	0	0.000000	0.000000	0.000000
blood	urothelial_cell	CL:0000731,CL:1001428,CL:1000486,CL:1000703,CL:4030055,CL:4030056	ENSG00000119042	13854	0	0	0.000000	0.000000	0.000000
blood	cd4_tcell	CL:0000624,CL:0000492,CL:0000896,CL:0000792,CL:0000895,CL:0000897,CL:0000934,CL:0001043,CL:0001044,CL:0000545,CL:0000546,CL:0000899,CL:0001042,CL:0002038,CL:0000903,CL:0000904,CL:0000905,CL:0002677,CL:0002678,CL:4033038	ENSG00000119042	13854	1350506	5	0.000370	1.575518	0.000603
ureter	luminal_mammary_epithelial_cell	CL:0002326,CL:4033057,CL:4033058	ENSG00000119042	13854	0	0	0.000000	0.000000	0.000000
ureter	urothelial_cell	CL:0000731,CL:1001428,CL:1000486,CL:1000703,CL:4030055,CL:4030056	ENSG00000119042	13854	24813	39	0.157176	0.729153	0.008998
ureter	cd4_tcell	CL:0000624,CL:0000492,CL:0000896,CL:0000792,CL:0000895,CL:0000897,CL:0000934,CL:0001043,CL:0001044,CL:0000545,CL:0000546,CL:0000899,CL:0001042,CL:0002038,CL:0000903,CL:0000904,CL:0000905,CL:0002677,CL:0002678,CL:4033038	ENSG00000119042	13854	0	0	0.000000	0.000000	0.000000
breast	luminal_mammary_epithelial_cell	CL:0002326,CL:4033057,CL:4033058	ENSG00000085276	2731	661862	886	0.133865	1.322298	0.028865
breast	urothelial_cell	CL:0000731,CL:1001428,CL:1000486,CL:1000703,CL:4030055,CL:4030056	ENSG00000085276	2731	0	0	0.000000	0.000000	0.000000
breast	cd4_tcell	CL:0000624,CL:0000492,CL:0000896,CL:0000792,CL:0000895,CL:0000897,CL:0000934,CL:0001043,CL:0001044,CL:0000545,CL:0000546,CL:0000899,CL:0001042,CL:0002038,CL:0000903,CL:0000904,CL:0000905,CL:0002677,CL:0002678,CL:4033038	ENSG00000085276	2731	44645	8	0.017919	1.235123	0.005136
blood	luminal_mammary_epithelial_cell	CL:0002326,CL:4033057,CL:4033058	ENSG00000085276	2731	0	0	0.000000	0.000000	0.000000
blood	urothelial_cell	CL:0000731,CL:1001428,CL:1000486,CL:1000703,CL:4030055,CL:4030056	ENSG00000085276	2731	0	0	0.000000	0.000000	0.000000
blood	cd4_tcell	CL:0000624,CL:0000492,CL:0000896,CL:0000792,CL:0000895,CL:0000897,CL:0000934,CL:0001043,CL:0001044,CL:0000545,CL:0000546,CL:0000899,CL:0001042,CL:0002038,CL:0000903,CL:0000904,CL:0000905,CL:0002677,CL:0002678,CL:4033038	ENSG00000085276	2731	1350506	26	0.001925	1.792075	0.006019
ureter	luminal_mammary_epithelial_cell	CL:0002326,CL:4033057,CL:4033058	ENSG00000085276	2731	0	0	0.000000	0.000000	0.000000
ureter	urothelial_cell	CL:0000731,CL:1001428,CL:1000486,CL:1000703,CL:4030055,CL:4030056	ENSG00000085276	2731	24813	10616	42.784025	0.876762	0.522210
ureter	cd4_tcell	CL:0000624,CL:0000492,CL:0000896,CL:0000792,CL:0000895,CL:0000897,CL:0000934,CL:0001043,CL:0001044,CL:0000545,CL:0000546,CL:0000899,CL:0001042,CL:0002038,CL:0000903,CL:0000904,CL:0000905,CL:0002677,CL:0002678,CL:4033038	ENSG00000085276	2731	0	0	0.000000	0.000000	0.000000
breast	luminal_mammary_epithelial_cell	CL:0002326,CL:4033057,CL:4033058	ENSG00000142611	50	661862	219	0.033088	1.088025	0.009433
breast	urothelial_cell	CL:0000731,CL:1001428,CL:1000486,CL:1000703,CL:4030055,CL:4030056	ENSG00000142611	50	0	0	0.000000	0.000000	0.000000
breast	cd4_tcell	CL:0000624,CL:0000492,CL:0000896,CL:0000792,CL:0000895,CL:0000897,CL:0000934,CL:0001043,CL:0001044,CL:0000545,CL:0000546,CL:0000899,CL:0001042,CL:0002038,CL:0000903,CL:0000904,CL:0000905,CL:0002677,CL:0002678,CL:4033038	ENSG00000142611	50	44645	0	0.000000	0.000000	0.001243
blood	luminal_mammary_epithelial_cell	CL:0002326,CL:4033057,CL:4033058	ENSG00000142611	50	0	0	0.000000	0.000000	0.000000
blood	urothelial_cell	CL:0000731,CL:1001428,CL:1000486,CL:1000703,CL:4030055,CL:4030056	ENSG00000142611	50	0	0	0.000000	0.000000	0.000000
blood	cd4_tcell	CL:0000624,CL:0000492,CL:0000896,CL:0000792,CL:0000895,CL:0000897,CL:0000934,CL:0001043,CL:0001044,CL:0000545,CL:0000546,CL:0000899,CL:0001042,CL:0002038,CL:0000903,CL:0000904,CL:0000905,CL:0002677,CL:0002678,CL:4033038	ENSG00000142611	50	1350506	1	0.000074	1.060640	0.000445
ureter	luminal_mammary_epithelial_cell	CL:0002326,CL:4033057,CL:4033058	ENSG00000142611	50	0	0	0.000000	0.000000	0.000000
ureter	urothelial_cell	CL:0000731,CL:1001428,CL:1000486,CL:1000703,CL:4030055,CL:4030056	ENSG00000142611	50	24813	189	0.761697	0.515388	0.025716
ureter	cd4_tcell	CL:0000624,CL:0000492,CL:0000896,CL:0000792,CL:0000895,CL:0000897,CL:0000934,CL:0001043,CL:0001044,CL:0000545,CL:0000546,CL:0000899,CL:0001042,CL:0002038,CL:0000903,CL:0000904,CL:0000905,CL:0002677,CL:0002678,CL:4033038	ENSG00000142611	50	0	0	0.000000	0.000000	0.000000
breast	luminal_mammary_epithelial_cell	CL:0002326,CL:4033057,CL:4033058	ENSG00000117399	13811	661862	1455	0.219834	1.197080	0.011610
breast	urothelial_cell	CL:0000731,CL:1001428,CL:1000486,CL:1000703,CL:4030055,CL:4030056	ENSG00000117399	13811	0	0	0.000000	0.000000	0.000000
breast	cd4_tcell	CL:0000624,CL:0000492,CL:0000896,CL:0000792,CL:0000895,CL:0000897,CL:0000934,CL:0001043,CL:0001044,CL:0000545,CL:0000546,CL:0000899,CL:0001042,CL:0002038,CL:0000903,CL:0000904,CL:0000905,CL:0002677,CL:0002678,CL:4033038	ENSG00000117399	13811	44645	16	0.035838	1.477385	0.005305
blood	luminal_mammary_epithelial_cell	CL:0002326,CL:4033057,CL:4033058	ENSG00000117399	13811	0	0	0.000000	0.000000	0.000000
blood	urothelial_cell	CL:0000731,CL:1001428,CL:1000486,CL:1000703,CL:4030055,CL:4030056	ENSG00000117399	13811	0	0	0.000000	0.000000	0.000000
blood	cd4_tcell	CL:0000624,CL:0000492,CL:0000896,CL:0000792,CL:0000895,CL:0000897,CL:0000934,CL:0001043,CL:0001044,CL:0000545,CL:0000546,CL:0000899,CL:0001042,CL:0002038,CL:0000903,CL:0000904,CL:0000905,CL:0002677,CL:0002678,CL:4033038	ENSG00000117399	13811	1350506	3016	0.223324	1.458439	0.029055
ureter	luminal_mammary_epithelial_cell	CL:0002326,CL:4033057,CL:4033058	ENSG00000117399	13811	0	0	0.000000	0.000000	0.000000
ureter	urothelial_cell	CL:0000731,CL:1001428,CL:1000486,CL:1000703,CL:4030055,CL:4030056	ENSG00000117399	13811	24813	251	1.011567	0.820378	0.013582
ureter	cd4_tcell	CL:0000624,CL:0000492,CL:0000896,CL:0000792,CL:0000895,CL:0000897,CL:0000934,CL:0001043,CL:0001044,CL:0000545,CL:0000546,CL:0000899,CL:0001042,CL:0002038,CL:0000903,CL:0000904,CL:0000905,CL:0002677,CL:0002678,CL:4033038	ENSG00000117399	13811	0	0	0.000000	0.000000	0.000000
breast	luminal_mammary_epithelial_cell	CL:0002326,CL:4033057,CL:4033058	ENSG00000054598	3907	661862	44621	6.741738	1.384629	0.088248
breast	urothelial_cell	CL:0000731,CL:1001428,CL:1000486,CL:1000703,CL:4030055,CL:4030056	ENSG00000054598	3907	0	0	0.000000	0.000000	0.000000
breast	cd4_tcell	CL:0000624,CL:0000492,CL:0000896,CL:0000792,CL:0000895,CL:0000897,CL:0000934,CL:0001043,CL:0001044,CL:0000545,CL:0000546,CL:0000899,CL:0001042,CL:0002038,CL:0000903,CL:0000904,CL:0000905,CL:0002677,CL:0002678,CL:4033038	ENSG00000054598	3907	44645	68	0.152313	1.445337	0.026634
blood	luminal_mammary_epithelial_cell	CL:0002326,CL:4033057,CL:4033058	ENSG00000054598	3907	0	0	0.000000	0.000000	0.000000
blood	urothelial_cell	CL:0000731,CL:1001428,CL:1000486,CL:1000703,CL:4030055,CL:4030056	ENSG00000054598	3907	0	0	0.000000	0.000000	0.000000
blood	cd4_tcell	CL:0000624,CL:0000492,CL:0000896,CL:0000792,CL:0000895,CL:0000897,CL:0000934,CL:0001043,CL:0001044,CL:0000545,CL:0000546,CL:0000899,CL:0001042,CL:0002038,CL:0000903,CL:0000904,CL:0000905,CL:0002677,CL:0002678,CL:4033038	ENSG00000054598	3907	1350506	1	0.000074	1.596132	0.000118
ureter	luminal_mammary_epithelial_cell	CL:0002326,CL:4033057,CL:4033058	ENSG00000054598	3907	0	0	0.000000	0.000000	0.000000
ureter	urothelial_cell	CL:0000731,CL:1001428,CL:1000486,CL:1000703,CL:4030055,CL:4030056	ENSG00000054598	3907	24813	5700	22.971829	0.782415	0.283446
ureter	cd4_tcell	CL:0000624,CL:0000492,CL:0000896,CL:0000792,CL:0000895,CL:0000897,CL:0000934,CL:0001043,CL:0001044,CL:0000545,CL:0000546,CL:0000899,CL:0001042,CL:0002038,CL:0000903,CL:0000904,CL:0000905,CL:0002677,CL:0002678,CL:4033038	ENSG00000054598	3907	0	0	0.000000	0.000000	0.000000
breast	luminal_mammary_epithelial_cell	CL:0002326,CL:4033057,CL:4033058	ENSG00000167670	16191	661862	1815	0.274226	1.300415	0.035405
breast	urothelial_cell	CL:0000731,CL:1001428,CL:1000486,CL:1000703,CL:4030055,CL:4030056	ENSG00000167670	16191	0	0	0.000000	0.000000	0.000000
breast	cd4_tcell	CL:0000624,CL:0000492,CL:0000896,CL:0000792,CL:0000895,CL:0000897,CL:0000934,CL:0001043,CL:0001044,CL:0000545,CL:0000546,CL:0000899,CL:0001042,CL:0002038,CL:0000903,CL:0000904,CL:0000905,CL:0002677,CL:0002678,CL:4033038	ENSG00000167670	16191	44645	37	0.082876	1.441203	0.017464
blood	luminal_mammary_epithelial_cell	CL:0002326,CL:4033057,CL:4033058	ENSG00000167670	16191	0	0	0.000000	0.000000	0.000000
blood	urothelial_cell	CL:0000731,CL:1001428,CL:1000486,CL:1000703,CL:4030055,CL:4030056	ENSG00000167670	16191	0	0	0.000000	0.000000	0.000000
blood	cd4_tcell	CL:0000624,CL:0000492,CL:0000896,CL:0000792,CL:0000895,CL:0000897,CL:0000934,CL:0001043,CL:0001044,CL:0000545,CL:0000546,CL:0000899,CL:0001042,CL:0002038,CL:0000903,CL:0000904,CL:0000905,CL:0002677,CL:0002678,CL:4033038	ENSG00000167670	16191	1350506	2120	0.156978	1.476461	0.036751
ureter	luminal_mammary_epithelial_cell	CL:0002326,CL:4033057,CL:4033058	ENSG00000167670	16191	0	0	0.000000	0.000000	0.000000
ureter	urothelial_cell	CL:0000731,CL:1001428,CL:1000486,CL:1000703,CL:4030055,CL:4030056	ENSG00000167670	16191	24813	751	3.026639	0.545832	0.058370
ureter	cd4_tcell	CL:0000624,CL:0000492,CL:0000896,CL:0000792,CL:0000895,CL:0000897,CL:0000934,CL:0001043,CL:0001044,CL:0000545,CL:0000546,CL:0000899,CL:0001042,CL:0002038,CL:0000903,CL:0000904,CL:0000905,CL:0002677,CL:0002678,CL:4033038	ENSG00000167670	16191	0	0	0.000000	0.000000	0.000000
breast	luminal_mammary_epithelial_cell	CL:0002326,CL:4033057,CL:4033058	ENSG00000145604	14982	661862	324	0.048953	0.945559	0.018301
breast	urothelial_cell	CL:0000731,CL:1001428,CL:1000486,CL:1000703,CL:4030055,CL:4030056	ENSG00000145604	14982	0	0	0.000000	0.000000	0.000000
breast	cd4_tcell	CL:0000624,CL:0000492,CL:0000896,CL:0000792,CL:0000895,CL:0000897,CL:0000934,CL:0001043,CL:0001044,CL:0000545,CL:0000546,CL:0000899,CL:0001042,CL:0002038,CL:0000903,CL:0000904,CL:0000905,CL:0002677,CL:0002678,CL:4033038	ENSG00000145604	14982	44645	14	0.031358	1.249448	0.015078
blood	luminal_mammary_epithelial_cell	CL:0002326,CL:4033057,CL:4033058	ENSG00000145604	14982	0	0	0.000000	0.000000	0.000000
blood	urothelial_cell	CL:0000731,CL:1001428,CL:1000486,CL:1000703,CL:4030055,CL:4030056	ENSG00000145604	14982	0	0	0.000000	0.000000	0.000000
blood	cd4_tcell	CL:0000624,CL:0000492,CL:0000896,CL:0000792,CL:0000895,CL:0000897,CL:0000934,CL:0001043,CL:0001044,CL:0000545,CL:0000546,CL:0000899,CL:0001042,CL:0002038,CL:0000903,CL:0000904,CL:0000905,CL:0002677,CL:0002678,CL:4033038	ENSG00000145604	14982	1350506	1735	0.128470	1.480142	0.049823
ureter	luminal_mammary_epithelial_cell	CL:0002326,CL:4033057,CL:4033058	ENSG00000145604	14982	0	0	0.000000	0.000000	0.000000
ureter	urothelial_cell	CL:0000731,CL:1001428,CL:1000486,CL:1000703,CL:4030055,CL:4030056	ENSG00000145604	14982	24813	545	2.196429	0.512191	0.055647
ureter	cd4_tcell	CL:0000624,CL:0000492,CL:0000896,CL:0000792,CL:0000895,CL:0000897,CL:0000934,CL:0001043,CL:0001044,CL:0000545,CL:0000546,CL:0000899,CL:0001042,CL:0002038,CL:0000903,CL:0000904,CL:0000905,CL:0002677,CL:0002678,CL:4033038	ENSG00000145604	14982	0	0	0.000000	0.000000	0.000000
breast	luminal_mammary_epithelial_cell	CL:0002326,CL:4033057,CL:4033058	ENSG00000013619	12729	661862	3049	0.460670	1.309092	0.028409
breast	urothelial_cell	CL:0000731,CL:1001428,CL:1000486,CL:1000703,CL:4030055,CL:4030056	ENSG00000013619	12729	0	0	0.000000	0.000000	0.000000
breast	cd4_tcell	CL:0000624,CL:0000492,CL:0000896,CL:0000792,CL:0000895,CL:0000897,CL:0000934,CL:0001043,CL:0001044,CL:0000545,CL:0000546,CL:0000899,CL:0001042,CL:0002038,CL:0000903,CL:0000904,CL:0000905,CL:0002677,CL:0002678,CL:4033038	ENSG00000013619	12729	44645	13	0.029119	1.239941	0.014292
blood	luminal_mammary_epithelial_cell	CL:0002326,CL:4033057,CL:4033058	ENSG00000013619	12729	0	0	0.000000	0.000000	0.000000
blood	urothelial_cell	CL:0000731,CL:1001428,CL:1000486,CL:1000703,CL:4030055,CL:4030056	ENSG00000013619	12729	0	0	0.000000	0.000000	0.000000
blood	cd4_tcell	CL:0000624,CL:0000492,CL:0000896,CL:0000792,CL:0000895,CL:0000897,CL:0000934,CL:0001043,CL:0001044,CL:0000545,CL:0000546,CL:0000899,CL:0001042,CL:0002038,CL:0000903,CL:0000904,CL:0000905,CL:0002677,CL:0002678,CL:4033038	ENSG00000013619	12729	1350506	191	0.014143	1.577523	0.004421
ureter	luminal_mammary_epithelial_cell	CL:0002326,CL:4033057,CL:4033058	ENSG00000013619	12729	0	0	0.000000	0.000000	0.000000
ureter	urothelial_cell	CL:0000731,CL:1001428,CL:1000486,CL:1000703,CL:4030055,CL:4030056	ENSG00000013619	12729	24813	3	0.012090	0.558508	0.000763
ureter	cd4_tcell	CL:0000624,CL:0000492,CL:0000896,CL:0000792,CL:0000895,CL:0000897,CL:0000934,CL:0001043,CL:0001044,CL:0000545,CL:0000546,CL:0000899,CL:0001042,CL:0002038,CL:0000903,CL:0000904,CL:0000905,CL:0002677,CL:0002678,CL:4033038	ENSG00000013619	12729	0	0	0.000000	0.000000	0.000000
breast	luminal_mammary_epithelial_cell	CL:0002326,CL:4033057,CL:4033058	ENSG00000102554	13310	661862	138576	20.937295	1.542670	0.274591
breast	urothelial_cell	CL:0000731,CL:1001428,CL:1000486,CL:1000703,CL:4030055,CL:4030056	ENSG00000102554	13310	0	0	0.000000	0.000000	0.000000
breast	cd4_tcell	CL:0000624,CL:0000492,CL:0000896,CL:0000792,CL:0000895,CL:0000897,CL:0000934,CL:0001043,CL:0001044,CL:0000545,CL:0000546,CL:0000899,CL:0001042,CL:0002038,CL:0000903,CL:0000904,CL:0000905,CL:0002677,CL:0002678,CL:4033038	ENSG00000102554	13310	44645	572	1.281219	1.653513	0.112342
blood	luminal_mammary_epithelial_cell	CL:0002326,CL:4033057,CL:4033058	ENSG00000102554	13310	0	0	0.000000	0.000000	0.000000
blood	urothelial_cell	CL:0000731,CL:1001428,CL:1000486,CL:1000703,CL:4030055,CL:4030056	ENSG00000102554	13310	0	0	0.000000	0.000000	0.000000
blood	cd4_tcell	CL:0000624,CL:0000492,CL:0000896,CL:0000792,CL:0000895,CL:0000897,CL:0000934,CL:0001043,CL:0001044,CL:0000545,CL:0000546,CL:0000899,CL:0001042,CL:0002038,CL:0000903,CL:0000904,CL:0000905,CL:0002677,CL:0002678,CL:4033038	ENSG00000102554	13310	1350506	1435	0.106256	1.685306	0.019516
ureter	luminal_mammary_epithelial_cell	CL:0002326,CL:4033057,CL:4033058	ENSG00000102554	13310	0	0	0.000000	0.000000	0.000000
ureter	urothelial_cell	CL:0000731,CL:1001428,CL:1000486,CL:1000703,CL:4030055,CL:4030056	ENSG00000102554	13310	24813	18579	74.876073	1.394345	1.149206
ureter	cd4_tcell	CL:0000624,CL:0000492,CL:0000896,CL:0000792,CL:0000895,CL:0000897,CL:0000934,CL:0001043,CL:0001044,CL:0000545,CL:0000546,CL:0000899,CL:0001042,CL:0002038,CL:0000903,CL:0000904,CL:0000905,CL:0002677,CL:0002678,CL:4033038	ENSG00000102554	13310	0	0	0.000000	0.000000	0.000000
breast	luminal_mammary_epithelial_cell	CL:0002326,CL:4033057,CL:4033058	ENSG00000007968	12695	661862	82	0.012389	1.030409	0.002030
breast	urothelial_cell	CL:0000731,CL:1001428,CL:1000486,CL:1000703,CL:4030055,CL:4030056	ENSG00000007968	12695	0	0	0.000000	0.000000	0.000000
breast	cd4_tcell	CL:0000624,CL:0000492,CL:0000896,CL:0000792,CL:0000895,CL:0000897,CL:0000934,CL:0001043,CL:0001044,CL:0000545,CL:0000546,CL:0000899,CL:0001042,CL:0002038,CL:0000903,CL:0000904,CL:0000905,CL:0002677,CL:0002678,CL:4033038	ENSG00000007968	12695	44645	3	0.006720	0.643291	0.000939
blood	luminal_mammary_epithelial_cell	CL:0002326,CL:4033057,CL:4033058	ENSG00000007968	12695	0	0	0.000000	0.000000	0.000000
blood	urothelial_cell	CL:0000731,CL:1001428,CL:1000486,CL:1000703,CL:4030055,CL:4030056	ENSG00000007968	12695	0	0	0.000000	0.000000	0.000000
blood	cd4_tcell	CL:0000624,CL:0000492,CL:0000896,CL:0000792,CL:0000895,CL:0000897,CL:0000934,CL:0001043,CL:0001044,CL:0000545,CL:0000546,CL:0000899,CL:0001042,CL:0002038,CL:0000903,CL:0000904,CL:0000905,CL:0002677,CL:0002678,CL:4033038	ENSG00000007968	12695	1350506	490	0.036283	1.371685	0.009212
ureter	luminal_mammary_epithelial_cell	CL:0002326,CL:4033057,CL:4033058	ENSG00000007968	12695	0	0	0.000000	0.000000	0.000000
ureter	urothelial_cell	CL:0000731,CL:1001428,CL:1000486,CL:1000703,CL:4030055,CL:4030056	ENSG00000007968	12695	24813	25	0.100754	0.502831	0.001866
ureter	cd4_tcell	CL:0000624,CL:0000492,CL:0000896,CL:0000792,CL:0000895,CL:0000897,CL:0000934,CL:0001043,CL:0001044,CL:0000545,CL:0000546,CL:0000899,CL:0001042,CL:0002038,CL:0000903,CL:0000904,CL:0000905,CL:0002677,CL:0002678,CL:4033038	ENSG00000007968	12695	0	0	0.000000	0.000000	0.000000
breast	luminal_mammary_epithelial_cell	CL:0002326,CL:4033057,CL:4033058	ENSG00000112242	3977	661862	14420	2.178702	1.253725	0.107481
breast	urothelial_cell	CL:0000731,CL:1001428,CL:1000486,CL:1000703,CL:4030055,CL:4030056	ENSG00000112242	3977	0	0	0.000000	0.000000	0.000000
breast	cd4_tcell	CL:0000624,CL:0000492,CL:0000896,CL:0000792,CL:0000895,CL:0000897,CL:0000934,CL:0001043,CL:0001044,CL:0000545,CL:0000546,CL:0000899,CL:0001042,CL:0002038,CL:0000903,CL:0000904,CL:0000905,CL:0002677,CL:0002678,CL:4033038	ENSG00000112242	3977	44645	178	0.398701	1.521156	0.051418
blood	luminal_mammary_epithelial_cell	CL:0002326,CL:4033057,CL:4033058	ENSG00000112242	3977	0	0	0.000000	0.000000	0.000000
blood	urothelial_cell	CL:0000731,CL:1001428,CL:1000486,CL:1000703,CL:4030055,CL:4030056	ENSG00000112242	3977	0	0	0.000000	0.000000	0.000000
blood	cd4_tcell	CL:0000624,CL:0000492,CL:0000896,CL:0000792,CL:0000895,CL:0000897,CL:0000934,CL:0001043,CL:0001044,CL:0000545,CL:0000546,CL:0000899,CL:0001042,CL:0002038,CL:0000903,CL:0000904,CL:0000905,CL:0002677,CL:0002678,CL:4033038	ENSG00000112242	3977	1350506	3963	0.293446	1.666007	0.060725
ureter	luminal_mammary_epithelial_cell	CL:0002326,CL:4033057,CL:4033058	ENSG00000112242	3977	0	0	0.000000	0.000000	0.000000
ureter	urothelial_cell	CL:0000731,CL:1001428,CL:1000486,CL:1000703,CL:4030055,CL:4030056	ENSG00000112242	3977	24813	2082	8.390763	0.553918	0.128240
ureter	cd4_tcell	CL:0000624,CL:0000492,CL:0000896,CL:0000792,CL:0000895,CL:0000897,CL:0000934,CL:0001043,CL:0001044,CL:0000545,CL:0000546,CL:0000899,CL:0001042,CL:0002038,CL:0000903,CL:0000904,CL:0000905,CL:0002677,CL:0002678,CL:4033038	ENSG00000112242	3977	0	0	0.000000	0.000000	0.000000
breast	luminal_mammary_epithelial_cell	CL:0002326,CL:4033057,CL:4033058	ENSG00000187079	6597	661862	78276	11.826635	1.458987	0.308727
breast	urothelial_cell	CL:0000731,CL:1001428,CL:1000486,CL:1000703,CL:4030055,CL:4030056	ENSG00000187079	6597	0	0	0.000000	0.000000	0.000000
breast	cd4_tcell	CL:0000624,CL:0000492,CL:0000896,CL:0000792,CL:0000895,CL:0000897,CL:0000934,CL:0001043,CL:0001044,CL:0000545,CL:0000546,CL:0000899,CL:0001042,CL:0002038,CL:0000903,CL:0000904,CL:0000905,CL:0002677,CL:0002678,CL:4033038	ENSG00000187079	6597	44645	101	0.226229	1.527197	0.042983
blood	luminal_mammary_epithelial_cell	CL:0002326,CL:4033057,CL:4033058	ENSG00000187079	6597	0	0	0.000000	0.000000	0.000000
blood	urothelial_cell	CL:0000731,CL:1001428,CL:1000486,CL:1000703,CL:4030055,CL:4030056	ENSG00000187079	6597	0	0	0.000000	0.000000	0.000000
blood	cd4_tcell	CL:0000624,CL:0000492,CL:0000896,CL:0000792,CL:0000895,CL:0000897,CL:0000934,CL:0001043,CL:0001044,CL:0000545,CL:0000546,CL:0000899,CL:0001042,CL:0002038,CL:0000903,CL:0000904,CL:0000905,CL:0002677,CL:0002678,CL:4033038	ENSG00000187079	6597	1350506	35	0.002592	1.476923	0.000867
ureter	luminal_mammary_epithelial_cell	CL:0002326,CL:4033057,CL:4033058	ENSG00000187079	6597	0	0	0.000000	0.000000	0.000000
ureter	urothelial_cell	CL:0000731,CL:1001428,CL:1000486,CL:1000703,CL:4030055,CL:4030056	ENSG00000187079	6597	24813	5340	21.520977	0.672345	0.261853
ureter	cd4_tcell	CL:0000624,CL:0000492,CL:0000896,CL:0000792,CL:0000895,CL:0000897,CL:0000934,CL:0001043,CL:0001044,CL:0000545,CL:0000546,CL:0000899,CL:0001042,CL:0002038,CL:0000903,CL:0000904,CL:0000905,CL:0002677,CL:0002678,CL:4033038	ENSG00000187079	6597	0	0	0.000000	0.000000	0.000000
breast	luminal_mammary_epithelial_cell	CL:0002326,CL:4033057,CL:4033058	ENSG00000074219	11998	661862	19149	2.893201	1.285053	0.087192
breast	urothelial_cell	CL:0000731,CL:1001428,CL:1000486,CL:1000703,CL:4030055,CL:4030056	ENSG00000074219	11998	0	0	0.000000	0.000000	0.000000
breast	cd4_tcell	CL:0000624,CL:0000492,CL:0000896,CL:0000792,CL:0000895,CL:0000897,CL:0000934,CL:0001043,CL:0001044,CL:0000545,CL:0000546,CL:0000899,CL:0001042,CL:0002038,CL:0000903,CL:0000904,CL:0000905,CL:0002677,CL:0002678,CL:4033038	ENSG00000074219	11998	44645	104	0.232949	1.621529	0.039391
blood	luminal_mammary_epithelial_cell	CL:0002326,CL:4033057,CL:4033058	ENSG00000074219	11998	0	0	0.000000	0.000000	0.000000
blood	urothelial_cell	CL:0000731,CL:1001428,CL:1000486,CL:1000703,CL:4030055,CL:4030056	ENSG00000074219	11998	0	0	0.000000	0.000000	0.000000
blood	cd4_tcell	CL:0000624,CL:0000492,CL:0000896,CL:0000792,CL:0000895,CL:0000897,CL:0000934,CL:0001043,CL:0001044,CL:0000545,CL:0000546,CL:0000899,CL:0001042,CL:0002038,CL:0000903,CL:0000904,CL:0000905,CL:0002677,CL:0002678,CL:4033038	ENSG00000074219	11998	1350506	1	0.000074	1.653750	0.000610
ureter	luminal_mammary_epithelial_cell	CL:0002326,CL:4033057,CL:4033058	ENSG00000074219	11998	0	0	0.000000	0.000000	0.000000
ureter	urothelial_cell	CL:0000731,CL:1001428,CL:1000486,CL:1000703,CL:4030055,CL:4030056	ENSG00000074219	11998	24813	14	0.056422	0.783299	0.001265
ureter	cd4_tcell	CL:0000624,CL:0000492,CL:0000896,CL:0000792,CL:0000895,CL:0000897,CL:0000934,CL:0001043,CL:0001044,CL:0000545,CL:0000546,CL:0000899,CL:0001042,CL:0002038,CL:0000903,CL:0000904,CL:0000905,CL:0002677,CL:0002678,CL:4033038	ENSG00000074219	11998	0	0	0.000000	0.000000	0.000000
breast	luminal_mammary_epithelial_cell	CL:0002326,CL:4033057,CL:4033058	ENSG00000007866	4150	661862	15435	2.332057	1.249212	0.112794
breast	urothelial_cell	CL:0000731,CL:1001428,CL:1000486,CL:1000703,CL:4030055,CL:4030056	ENSG00000007866	4150	0	0	0.000000	0.000000	0.000000
breast	cd4_tcell	CL:0000624,CL:0000492,CL:0000896,CL:0000792,CL:0000895,CL:0000897,CL:0000934,CL:0001043,CL:0001044,CL:0000545,CL:0000546,CL:0000899,CL:0001042,CL:0002038,CL:0000903,CL:0000904,CL:0000905,CL:0002677,CL:0002678,CL:4033038	ENSG00000007866	4150	44645	39	0.087356	1.547760	0.028838
blood	luminal_mammary_epithelial_cell	CL:0002326,CL:4033057,CL:4033058	ENSG00000007866	4150	0	0	0.000000	0.000000	0.000000
blood	urothelial_cell	CL:0000731,CL:1001428,CL:1000486,CL:1000703,CL:4030055,CL:4030056	ENSG00000007866	4150	0	0	0.000000	0.000000	0.000000
blood	cd4_tcell	CL:0000624,CL:0000492,CL:0000896,CL:0000792,CL:0000895,CL:0000897,CL:0000934,CL:0001043,CL:0001044,CL:0000545,CL:0000546,CL:0000899,CL:0001042,CL:0002038,CL:0000903,CL:0000904,CL:0000905,CL:0002677,CL:0002678,CL:4033038	ENSG00000007866	4150	1350506	11	0.000815	1.547991	0.001153
ureter	luminal_mammary_epithelial_cell	CL:0002326,CL:4033057,CL:4033058	ENSG00000007866	4150	0	0	0.000000	0.000000	0.000000
ureter	urothelial_cell	CL:0000731,CL:1001428,CL:1000486,CL:1000703,CL:4030055,CL:4030056	ENSG00000007866	4150	24813	2448	9.865796	0.567596	0.153001
ureter	cd4_tcell	CL:0000624,CL:0000492,CL:0000896,CL:0000792,CL:0000895,CL:0000897,CL:0000934,CL:0001043,CL:0001044,CL:0000545,CL:0000546,CL:0000899,CL:0001042,CL:0002038,CL:0000903,CL:0000904,CL:0000905,CL:0002677,CL:0002678,CL:4033038	ENSG00000007866	4150	0	0	0.000000	0.000000	0.000000
breast	luminal_mammary_epithelial_cell	CL:0002326,CL:4033057,CL:4033058	ENSG00000197905	7700	661862	12820	1.936960	1.238374	0.069382
breast	urothelial_cell	CL:0000731,CL:1001428,CL:1000486,CL:1000703,CL:4030055,CL:4030056	ENSG00000197905	7700	0	0	0.000000	0.000000	0.000000
breast	cd4_tcell	CL:0000624,CL:0000492,CL:0000896,CL:0000792,CL:0000895,CL:0000897,CL:0000934,CL:0001043,CL:0001044,CL:0000545,CL:0000546,CL:0000899,CL:0001042,CL:0002038,CL:0000903,CL:0000904,CL:0000905,CL:0002677,CL:0002678,CL:4033038	ENSG00000197905	7700	44645	64	0.143353	1.245827	0.039552
blood	luminal_mammary_epithelial_cell	CL:0002326,CL:4033057,CL:4033058	ENSG00000197905	7700	0	0	0.000000	0.000000	0.000000
blood	urothelial_cell	CL:0000731,CL:1001428,CL:1000486,CL:1000703,CL:4030055,CL:4030056	ENSG00000197905	7700	0	0	0.000000	0.000000	0.000000
blood	cd4_tcell	CL:0000624,CL:0000492,CL:0000896,CL:0000792,CL:0000895,CL:0000897,CL:0000934,CL:0001043,CL:0001044,CL:0000545,CL:0000546,CL:0000899,CL:0001042,CL:0002038,CL:0000903,CL:0000904,CL:0000905,CL:0002677,CL:0002678,CL:4033038	ENSG00000197905	7700	1350506	35	0.002592	0.849702	0.001442
ureter	luminal_mammary_epithelial_cell	CL:0002326,CL:4033057,CL:4033058	ENSG00000197905	7700	0	0	0.000000	0.000000	0.000000
ureter	urothelial_cell	CL:0000731,CL:1001428,CL:1000486,CL:1000703,CL:4030055,CL:4030056	ENSG00000197905	7700	24813	80	0.322412	0.779088	0.014512
ureter	cd4_tcell	CL:0000624,CL:0000492,CL:0000896,CL:0000792,CL:0000895,CL:0000897,CL:0000934,CL:0001043,CL:0001044,CL:0000545,CL:0000546,CL:0000899,CL:0001042,CL:0002038,CL:0000903,CL:0000904,CL:0000905,CL:0002677,CL:0002678,CL:4033038	ENSG00000197905	7700	0	0	0.000000	0.000000	0.000000
breast	luminal_mammary_epithelial_cell	CL:0002326,CL:4033057,CL:4033058	ENSG00000160051	294	661862	250	0.037772	1.196620	0.010744
breast	urothelial_cell	CL:0000731,CL:1001428,CL:1000486,CL:1000703,CL:4030055,CL:4030056	ENSG00000160051	294	0	0	0.000000	0.000000	0.000000
breast	cd4_tcell	CL:0000624,CL:0000492,CL:0000896,CL:0000792,CL:0000895,CL:0000897,CL:0000934,CL:0001043,CL:0001044,CL:0000545,CL:0000546,CL:0000899,CL:0001042,CL:0002038,CL:0000903,CL:0000904,CL:0000905,CL:0002677,CL:0002678,CL:4033038	ENSG00000160051	294	44645	4	0.008960	1.576303	0.004177
blood	luminal_mammary_epithelial_cell	CL:0002326,CL:4033057,CL:4033058	ENSG00000160051	294	0	0	0.000000	0.000000	0.000000
blood	urothelial_cell	CL:0000731,CL:1001428,CL:1000486,CL:1000703,CL:4030055,CL:4030056	ENSG00000160051	294	0	0	0.000000	0.000000	0.000000
blood	cd4_tcell	CL:0000624,CL:0000492,CL:0000896,CL:0000792,CL:0000895,CL:0000897,CL:0000934,CL:0001043,CL:0001044,CL:0000545,CL:0000546,CL:0000899,CL:0001042,CL:0002038,CL:0000903,CL:0000904,CL:0000905,CL:0002677,CL:0002678,CL:4033038	ENSG00000160051	294	1350506	128	0.009478	1.746782	0.005521
ureter	luminal_mammary_epithelial_cell	CL:0002326,CL:4033057,CL:4033058	ENSG00000160051	294	0	0	0.000000	0.000000	0.000000
ureter	urothelial_cell	CL:0000731,CL:1001428,CL:1000486,CL:1000703,CL:4030055,CL:4030056	ENSG00000160051	294	24813	48	0.193447	0.572774	0.012576
ureter	cd4_tcell	CL:0000624,CL:0000492,CL:0000896,CL:0000792,CL:0000895,CL:0000897,CL:0000934,CL:0001043,CL:0001044,CL:0000545,CL:0000546,CL:0000899,CL:0001042,CL:0002038,CL:0000903,CL:0000904,CL:0000905,CL:0002677,CL:0002678,CL:4033038	ENSG00000160051	294	0	0	0.000000	0.000000	0.000000
breast	luminal_mammary_epithelial_cell	CL:0002326,CL:4033057,CL:4033058	ENSG00000184661	17763	661862	504	0.076149	1.031728	0.009311
breast	urothelial_cell	CL:0000731,CL:1001428,CL:1000486,CL:1000703,CL:4030055,CL:4030056	ENSG00000184661	17763	0	0	0.000000	0.000000	0.000000
breast	cd4_tcell	CL:0000624,CL:0000492,CL:0000896,CL:0000792,CL:0000895,CL:0000897,CL:0000934,CL:0001043,CL:0001044,CL:0000545,CL:0000546,CL:0000899,CL:0001042,CL:0002038,CL:0000903,CL:0000904,CL:0000905,CL:0002677,CL:0002678,CL:4033038	ENSG00000184661	17763	44645	5	0.011199	1.279246	0.001464
blood	luminal_mammary_epithelial_cell	CL:0002326,CL:4033057,CL:4033058	ENSG00000184661	17763	0	0	0.000000	0.000000	0.000000
blood	urothelial_cell	CL:0000731,CL:1001428,CL:1000486,CL:1000703,CL:4030055,CL:4030056	ENSG00000184661	17763	0	0	0.000000	0.000000	0.000000
blood	cd4_tcell	CL:0000624,CL:0000492,CL:0000896,CL:0000792,CL:0000895,CL:0000897,CL:0000934,CL:0001043,CL:0001044,CL:0000545,CL:0000546,CL:0000899,CL:0001042,CL:0002038,CL:0000903,CL:0000904,CL:0000905,CL:0002677,CL:0002678,CL:4033038	ENSG00000184661	17763	1350506	847	0.062717	1.361117	0.011191
ureter	luminal_mammary_epithelial_cell	CL:0002326,CL:4033057,CL:4033058	ENSG00000184661	17763	0	0	0.000000	0.000000	0.000000
ureter	urothelial_cell	CL:0000731,CL:1001428,CL:1000486,CL:1000703,CL:4030055,CL:4030056	ENSG00000184661	17763	24813	110	0.443316	0.593241	0.007597
ureter	cd4_tcell	CL:0000624,CL:0000492,CL:0000896,CL:0000792,CL:0000895,CL:0000897,CL:0000934,CL:0001043,CL:0001044,CL:0000545,CL:0000546,CL:0000899,CL:0001042,CL:0002038,CL:0000903,CL:0000904,CL:0000905,CL:0002677,CL:0002678,CL:4033038	ENSG00000184661	17763	0	0	0.000000	0.000000	0.000000
breast	luminal_mammary_epithelial_cell	CL:0002326,CL:4033057,CL:4033058	ENSG00000083307	5841	661862	17527	2.648135	1.423282	0.316824
breast	urothelial_cell	CL:0000731,CL:1001428,CL:1000486,CL:1000703,CL:4030055,CL:4030056	ENSG00000083307	5841	0	0	0.000000	0.000000	0.000000
breast	cd4_tcell	CL:0000624,CL:0000492,CL:0000896,CL:0000792,CL:0000895,CL:0000897,CL:0000934,CL:0001043,CL:0001044,CL:0000545,CL:0000546,CL:0000899,CL:0001042,CL:0002038,CL:0000903,CL:0000904,CL:0000905,CL:0002677,CL:0002678,CL:4033038	ENSG00000083307	5841	44645	20	0.044798	1.194507	0.013046
blood	luminal_mammary_epithelial_cell	CL:0002326,CL:4033057,CL:4033058	ENSG00000083307	5841	0	0	0.000000	0.000000	0.000000
blood	urothelial_cell	CL:0000731,CL:1001428,CL:1000486,CL:1000703,CL:4030055,CL:4030056	ENSG00000083307	5841	0	0	0.000000	0.000000	0.000000
blood	cd4_tcell	CL:0000624,CL:0000492,CL:0000896,CL:0000792,CL:0000895,CL:0000897,CL:0000934,CL:0001043,CL:0001044,CL:0000545,CL:0000546,CL:0000899,CL:0001042,CL:0002038,CL:0000903,CL:0000904,CL:0000905,CL:0002677,CL:0002678,CL:4033038	ENSG00000083307	5841	1350506	2	0.000148	1.383198	0.000283
ureter	luminal_mammary_epithelial_cell	CL:0002326,CL:4033057,CL:4033058	ENSG00000083307	5841	0	0	0.000000	0.000000	0.000000
ureter	urothelial_cell	CL:0000731,CL:1001428,CL:1000486,CL:1000703,CL:4030055,CL:4030056	ENSG00000083307	5841	24813	1311	5.283521	0.545646	0.099442
ureter	cd4_tcell	CL:0000624,CL:0000492,CL:0000896,CL:0000792,CL:0000895,CL:0000897,CL:0000934,CL:0001043,CL:0001044,CL:0000545,CL:0000546,CL:0000899,CL:0001042,CL:0002038,CL:0000903,CL:0000904,CL:0000905,CL:0002677,CL:0002678,CL:4033038	ENSG00000083307	5841	0	0	0.000000	0.000000	0.000000
breast	luminal_mammary_epithelial_cell	CL:0002326,CL:4033057,CL:4033058	ENSG00000160551	10209	661862	54612	8.251267	1.384361	0.301887
breast	urothelial_cell	CL:0000731,CL:1001428,CL:1000486,CL:1000703,CL:4030055,CL:4030056	ENSG00000160551	10209	0	0	0.000000	0.000000	0.000000
breast	cd4_tcell	CL:0000624,CL:0000492,CL:0000896,CL:0000792,CL:0000895,CL:0000897,CL:0000934,CL:0001043,CL:0001044,CL:0000545,CL:0000546,CL:0000899,CL:0001042,CL:0002038,CL:0000903,CL:0000904,CL:0000905,CL:0002677,CL:0002678,CL:4033038	ENSG00000160551	10209	44645	1009	2.260052	1.592909	0.183636
blood	luminal_mammary_epithelial_cell	CL:0002326,CL:4033057,CL:4033058	ENSG00000160551	10209	0	0	0.000000	0.000000	0.000000
blood	urothelial_cell	CL:0000731,CL:1001428,CL:1000486,CL:1000703,CL:4030055,CL:4030056	ENSG00000160551	10209	0	0	0.000000	0.000000	0.000000
blood	cd4_tcell	CL:0000624,CL:0000492,CL:0000896,CL:0000792,CL:0000895,CL:0000897,CL:0000934,CL:0001043,CL:0001044,CL:0000545,CL:0000546,CL:0000899,CL:0001042,CL:0002038,CL:0000903,CL:0000904,CL:0000905,CL:0002677,CL:0002678,CL:4033038	ENSG00000160551	10209	1350506	17780	1.316544	1.688873	0.171949
ureter	luminal_mammary_epithelial_cell	CL:0002326,CL:4033057,CL:4033058	ENSG00000160551	10209	0	0	0.000000	0.000000	0.000000
ureter	urothelial_cell	CL:0000731,CL:1001428,CL:1000486,CL:1000703,CL:4030055,CL:4030056	ENSG00000160551	10209	24813	6883	27.739491	0.692705	0.328409
ureter	cd4_tcell	CL:0000624,CL:0000492,CL:0000896,CL:0000792,CL:0000895,CL:0000897,CL:0000934,CL:0001043,CL:0001044,CL:0000545,CL:0000546,CL:0000899,CL:0001042,CL:0002038,CL:0000903,CL:0000904,CL:0000905,CL:0002677,CL:0002678,CL:4033038	ENSG00000160551	10209	0	0	0.000000	0.000000	0.000000
breast	luminal_mammary_epithelial_cell	CL:0002326,CL:4033057,CL:4033058	ENSG00000123607	1860	661862	5261	0.794879	1.385268	0.108773
breast	urothelial_cell	CL:0000731,CL:1001428,CL:1000486,CL:1000703,CL:4030055,CL:4030056	ENSG00000123607	1860	0	0	0.000000	0.000000	0.000000
breast	cd4_tcell	CL:0000624,CL:0000492,CL:0000896,CL:0000792,CL:0000895,CL:0000897,CL:0000934,CL:0001043,CL:0001044,CL:0000545,CL:0000546,CL:0000899,CL:0001042,CL:0002038,CL:0000903,CL:0000904,CL:0000905,CL:0002677,CL:0002678,CL:4033038	ENSG00000123607	1860	44645	142	0.318065	1.519395	0.053806
blood	luminal_mammary_epithelial_cell	CL:0002326,CL:4033057,CL:4033058	ENSG00000123607	1860	0	0	0.000000	0.000000	0.000000
blood	urothelial_cell	CL:0000731,CL:1001428,CL:1000486,CL:1000703,CL:4030055,CL:4030056	ENSG00000123607	1860	0	0	0.000000	0.000000	0.000000
blood	cd4_tcell	CL:0000624,CL:0000492,CL:0000896,CL:0000792,CL:0000895,CL:0000897,CL:0000934,CL:0001043,CL:0001044,CL:0000545,CL:0000546,CL:0000899,CL:0001042,CL:0002038,CL:0000903,CL:0000904,CL:0000905,CL:0002677,CL:0002678,CL:4033038	ENSG00000123607	1860	1350506	4418	0.327137	1.650129	0.074945
ureter	luminal_mammary_epithelial_cell	CL:0002326,CL:4033057,CL:4033058	ENSG00000123607	1860	0	0	0.000000	0.000000	0.000000
ureter	urothelial_cell	CL:0000731,CL:1001428,CL:1000486,CL:1000703,CL:4030055,CL:4030056	ENSG00000123607	1860	24813	373	1.503244	0.555580	0.047466
ureter	cd4_tcell	CL:0000624,CL:0000492,CL:0000896,CL:0000792,CL:0000895,CL:0000897,CL:0000934,CL:0001043,CL:0001044,CL:0000545,CL:0000546,CL:0000899,CL:0001042,CL:0002038,CL:0000903,CL:0000904,CL:0000905,CL:0002677,CL:0002678,CL:4033038	ENSG00000123607	1860	0	0	0.000000	0.000000	0.000000
breast	luminal_mammary_epithelial_cell	CL:0002326,CL:4033057,CL:4033058	ENSG00000184384	7033	661862	75812	11.454352	1.731146	0.737145
breast	urothelial_cell	CL:0000731,CL:1001428,CL:1000486,CL:1000703,CL:4030055,CL:4030056	ENSG00000184384	7033	0	0	0.000000	0.000000	0.000000
breast	cd4_tcell	CL:0000624,CL:0000492,CL:0000896,CL:0000792,CL:0000895,CL:0000897,CL:0000934,CL:0001043,CL:0001044,CL:0000545,CL:0000546,CL:0000899,CL:0001042,CL:0002038,CL:0000903,CL:0000904,CL:0000905,CL:0002677,CL:0002678,CL:4033038	ENSG00000184384	7033	44645	1755	3.931011	1.805605	0.228078
blood	luminal_mammary_epithelial_cell	CL:0002326,CL:4033057,CL:4033058	ENSG00000184384	7033	0	0	0.000000	0.000000	0.000000
blood	urothelial_cell	CL:0000731,CL:1001428,CL:1000486,CL:1000703,CL:4030055,CL:4030056	ENSG00000184384	7033	0	0	0.000000	0.000000	0.000000
blood	cd4_tcell	CL:0000624,CL:0000492,CL:0000896,CL:0000792,CL:0000895,CL:0000897,CL:0000934,CL:0001043,CL:0001044,CL:0000545,CL:0000546,CL:0000899,CL:0001042,CL:0002038,CL:0000903,CL:0000904,CL:0000905,CL:0002677,CL:0002678,CL:4033038	ENSG00000184384	7033	1350506	92592	6.856097	1.846125	0.442503
ureter	luminal_mammary_epithelial_cell	CL:0002326,CL:4033057,CL:4033058	ENSG00000184384	7033	0	0	0.000000	0.000000	0.000000
ureter	urothelial_cell	CL:0000731,CL:1001428,CL:1000486,CL:1000703,CL:4030055,CL:4030056	ENSG00000184384	7033	24813	3589	14.464192	0.633058	0.203302
ureter	cd4_tcell	CL:0000624,CL:0000492,CL:0000896,CL:0000792,CL:0000895,CL:0000897,CL:0000934,CL:0001043,CL:0001044,CL:0000545,CL:0000546,CL:0000899,CL:0001042,CL:0002038,CL:0000903,CL:0000904,CL:0000905,CL:0002677,CL:0002678,CL:4033038	ENSG00000184384	7033	0	0	0.000000	0.000000	0.000000
breast	luminal_mammary_epithelial_cell	CL:0002326,CL:4033057,CL:4033058	ENSG00000196323	7192	661862	34771	5.253512	1.354009	0.220266
breast	urothelial_cell	CL:0000731,CL:1001428,CL:1000486,CL:1000703,CL:4030055,CL:4030056	ENSG00000196323	7192	0	0	0.000000	0.000000	0.000000
breast	cd4_tcell	CL:0000624,CL:0000492,CL:0000896,CL:0000792,CL:0000895,CL:0000897,CL:0000934,CL:0001043,CL:0001044,CL:0000545,CL:0000546,CL:0000899,CL:0001042,CL:0002038,CL:0000903,CL:0000904,CL:0000905,CL:0002677,CL:0002678,CL:4033038	ENSG00000196323	7192	44645	1033	2.313809	1.579460	0.185566
blood	luminal_mammary_epithelial_cell	CL:0002326,CL:4033057,CL:4033058	ENSG00000196323	7192	0	0	0.000000	0.000000	0.000000
blood	urothelial_cell	CL:0000731,CL:1001428,CL:1000486,CL:1000703,CL:4030055,CL:4030056	ENSG00000196323	7192	0	0	0.000000	0.000000	0.000000
blood	cd4_tcell	CL:0000624,CL:0000492,CL:0000896,CL:0000792,CL:0000895,CL:0000897,CL:0000934,CL:0001043,CL:0001044,CL:0000545,CL:0000546,CL:0000899,CL:0001042,CL:0002038,CL:0000903,CL:0000904,CL:0000905,CL:0002677,CL:0002678,CL:4033038	ENSG00000196323	7192	1350506	17547	1.299291	1.667388	0.156135
ureter	luminal_mammary_epithelial_cell	CL:0002326,CL:4033057,CL:4033058	ENSG00000196323	7192	0	0	0.000000	0.000000	0.000000
ureter	urothelial_cell	CL:0000731,CL:1001428,CL:1000486,CL:1000703,CL:4030055,CL:4030056	ENSG00000196323	7192	24813	7777	31.342441	0.760766	0.385455
ureter	cd4_tcell	CL:0000624,CL:0000492,CL:0000896,CL:0000792,CL:0000895,CL:0000897,CL:0000934,CL:0001043,CL:0001044,CL:0000545,CL:0000546,CL:0000899,CL:0001042,CL:0002038,CL:0000903,CL:0000904,CL:0000905,CL:0002677,CL:0002678,CL:4033038	ENSG00000196323	7192	0	0	0.000000	0.000000	0.000000
breast	luminal_mammary_epithelial_cell	CL:0002326,CL:4033057,CL:4033058	ENSG00000137812	14629	661862	491	0.074185	1.385414	0.012199
breast	urothelial_cell	CL:0000731,CL:1001428,CL:1000486,CL:1000703,CL:4030055,CL:4030056	ENSG00000137812	14629	0	0	0.000000	0.000000	0.000000
breast	cd4_tcell	CL:0000624,CL:0000492,CL:0000896,CL:0000792,CL:0000895,CL:0000897,CL:0000934,CL:0001043,CL:0001044,CL:0000545,CL:0000546,CL:0000899,CL:0001042,CL:0002038,CL:0000903,CL:0000904,CL:0000905,CL:0002677,CL:0002678,CL:4033038	ENSG00000137812	14629	44645	13	0.029119	1.822976	0.003367
blood	luminal_mammary_epithelial_cell	CL:0002326,CL:4033057,CL:4033058	ENSG00000137812	14629	0	0	0.000000	0.000000	0.000000
blood	urothelial_cell	CL:0000731,CL:1001428,CL:1000486,CL:1000703,CL:4030055,CL:4030056	ENSG00000137812	14629	0	0	0.000000	0.000000	0.000000
blood	cd4_tcell	CL:0000624,CL:0000492,CL:0000896,CL:0000792,CL:0000895,CL:0000897,CL:0000934,CL:0001043,CL:0001044,CL:0000545,CL:0000546,CL:0000899,CL:0001042,CL:0002038,CL:0000903,CL:0000904,CL:0000905,CL:0002677,CL:0002678,CL:4033038	ENSG00000137812	14629	1350506	1037	0.076786	1.527658	0.017471
ureter	luminal_mammary_epithelial_cell	CL:0002326,CL:4033057,CL:4033058	ENSG00000137812	14629	0	0	0.000000	0.000000	0.000000
ureter	urothelial_cell	CL:0000731,CL:1001428,CL:1000486,CL:1000703,CL:4030055,CL:4030056	ENSG00000137812	14629	24813	206	0.830210	0.722571	0.014515
ureter	cd4_tcell	CL:0000624,CL:0000492,CL:0000896,CL:0000792,CL:0000895,CL:0000897,CL:0000934,CL:0001043,CL:0001044,CL:0000545,CL:0000546,CL:0000899,CL:0001042,CL:0002038,CL:0000903,CL:0000904,CL:0000905,CL:0002677,CL:0002678,CL:4033038	ENSG00000137812	14629	0	0	0.000000	0.000000	0.000000
breast	luminal_mammary_epithelial_cell	CL:0002326,CL:4033057,CL:4033058	ENSG00000158411	1691	661862	23372	3.531250	1.350752	0.126169
breast	urothelial_cell	CL:0000731,CL:1001428,CL:1000486,CL:1000703,CL:4030055,CL:4030056	ENSG00000158411	1691	0	0	0.000000	0.000000	0.000000
breast	cd4_tcell	CL:0000624,CL:0000492,CL:0000896,CL:0000792,CL:0000895,CL:0000897,CL:0000934,CL:0001043,CL:0001044,CL:0000545,CL:0000546,CL:0000899,CL:0001042,CL:0002038,CL:0000903,CL:0000904,CL:0000905,CL:0002677,CL:0002678,CL:4033038	ENSG00000158411	1691	44645	626	1.402173	1.639309	0.150955
blood	luminal_mammary_epithelial_cell	CL:0002326,CL:4033057,CL:4033058	ENSG00000158411	1691	0	0	0.000000	0.000000	0.000000
blood	urothelial_cell	CL:0000731,CL:1001428,CL:1000486,CL:1000703,CL:4030055,CL:4030056	ENSG00000158411	1691	0	0	0.000000	0.000000	0.000000
blood	cd4_tcell	CL:0000624,CL:0000492,CL:0000896,CL:0000792,CL:0000895,CL:0000897,CL:0000934,CL:0001043,CL:0001044,CL:0000545,CL:0000546,CL:0000899,CL:0001042,CL:0002038,CL:0000903,CL:0000904,CL:0000905,CL:0002677,CL:0002678,CL:4033038	ENSG00000158411	1691	1350506	30255	2.240271	1.663874	0.222999
ureter	luminal_mammary_epithelial_cell	CL:0002326,CL:4033057,CL:4033058	ENSG00000158411	1691	0	0	0.000000	0.000000	0.000000
ureter	urothelial_cell	CL:0000731,CL:1001428,CL:1000486,CL:1000703,CL:4030055,CL:4030056	ENSG00000158411	1691	24813	2696	10.865272	0.583179	0.166376
ureter	cd4_tcell	CL:0000624,CL:0000492,CL:0000896,CL:0000792,CL:0000895,CL:0000897,CL:0000934,CL:0001043,CL:0001044,CL:0000545,CL:0000546,CL:0000899,CL:0001042,CL:0002038,CL:0000903,CL:0000904,CL:0000905,CL:0002677,CL:0002678,CL:4033038	ENSG00000158411	1691	0	0	0.000000	0.000000	0.000000
breast	luminal_mammary_epithelial_cell	CL:0002326,CL:4033057,CL:4033058	ENSG00000101493	10914	661862	7670	1.158852	1.311537	0.105261
breast	urothelial_cell	CL:0000731,CL:1001428,CL:1000486,CL:1000703,CL:4030055,CL:4030056	ENSG00000101493	10914	0	0	0.000000	0.000000	0.000000
breast	cd4_tcell	CL:0000624,CL:0000492,CL:0000896,CL:0000792,CL:0000895,CL:0000897,CL:0000934,CL:0001043,CL:0001044,CL:0000545,CL:0000546,CL:0000899,CL:0001042,CL:0002038,CL:0000903,CL:0000904,CL:0000905,CL:0002677,CL:0002678,CL:4033038	ENSG00000101493	10914	44645	52	0.116474	1.500487	0.027596
blood	luminal_mammary_epithelial_cell	CL:0002326,CL:4033057,CL:4033058	ENSG00000101493	10914	0	0	0.000000	0.000000	0.000000
blood	urothelial_cell	CL:0000731,CL:1001428,CL:1000486,CL:1000703,CL:4030055,CL:4030056	ENSG00000101493	10914	0	0	0.000000	0.000000	0.000000
blood	cd4_tcell	CL:0000624,CL:0000492,CL:0000896,CL:0000792,CL:0000895,CL:0000897,CL:0000934,CL:0001043,CL:0001044,CL:0000545,CL:0000546,CL:0000899,CL:0001042,CL:0002038,CL:0000903,CL:0000904,CL:0000905,CL:0002677,CL:0002678,CL:4033038	ENSG00000101493	10914	1350506	961	0.071159	1.647117	0.023916
ureter	luminal_mammary_epithelial_cell	CL:0002326,CL:4033057,CL:4033058	ENSG00000101493	10914	0	0	0.000000	0.000000	0.000000
ureter	urothelial_cell	CL:0000731,CL:1001428,CL:1000486,CL:1000703,CL:4030055,CL:4030056	ENSG00000101493	10914	24813	568	2.289123	0.531042	0.062220
ureter	cd4_tcell	CL:0000624,CL:0000492,CL:0000896,CL:0000792,CL:0000895,CL:0000897,CL:0000934,CL:0001043,CL:0001044,CL:0000545,CL:0000546,CL:0000899,CL:0001042,CL:0002038,CL:0000903,CL:0000904,CL:0000905,CL:0002677,CL:0002678,CL:4033038	ENSG00000101493	10914	0	0	0.000000	0.000000	0.000000
breast	luminal_mammary_epithelial_cell	CL:0002326,CL:4033057,CL:4033058	ENSG00000087510	11197	661862	51832	7.831240	1.392622	0.171784
breast	urothelial_cell	CL:0000731,CL:1001428,CL:1000486,CL:1000703,CL:4030055,CL:4030056	ENSG00000087510	11197	0	0	0.000000	0.000000	0.000000
breast	cd4_tcell	CL:0000624,CL:0000492,CL:0000896,CL:0000792,CL:0000895,CL:0000897,CL:0000934,CL:0001043,CL:0001044,CL:0000545,CL:0000546,CL:0000899,CL:0001042,CL:0002038,CL:0000903,CL:0000904,CL:0000905,CL:0002677,CL:0002678,CL:4033038	ENSG00000087510	11197	44645	142	0.318065	1.775016	0.045205
blood	luminal_mammary_epithelial_cell	CL:0002326,CL:4033057,CL:4033058	ENSG00000087510	11197	0	0	0.000000	0.000000	0.000000
blood	urothelial_cell	CL:0000731,CL:1001428,CL:1000486,CL:1000703,CL:4030055,CL:4030056	ENSG00000087510	11197	0	0	0.000000	0.000000	0.000000
blood	cd4_tcell	CL:0000624,CL:0000492,CL:0000896,CL:0000792,CL:0000895,CL:0000897,CL:0000934,CL:0001043,CL:0001044,CL:0000545,CL:0000546,CL:0000899,CL:0001042,CL:0002038,CL:0000903,CL:0000904,CL:0000905,CL:0002677,CL:0002678,CL:4033038	ENSG00000087510	11197	1350506	0	0.000000	0.000000	0.000005
ureter	luminal_mammary_epithelial_cell	CL:0002326,CL:4033057,CL:4033058	ENSG00000087510	11197	0	0	0.000000	0.000000	0.000000
ureter	urothelial_cell	CL:0000731,CL:1001428,CL:1000486,CL:1000703,CL:4030055,CL:4030056	ENSG00000087510	11197	24813	1638	6.601378	0.577832	0.108502
ureter	cd4_tcell	CL:0000624,CL:0000492,CL:0000896,CL:0000792,CL:0000895,CL:0000897,CL:0000934,CL:0001043,CL:0001044,CL:0000545,CL:0000546,CL:0000899,CL:0001042,CL:0002038,CL:0000903,CL:0000904,CL:0000905,CL:0002677,CL:0002678,CL:4033038	ENSG00000087510	11197	0	0	0.000000	0.000000	0.000000
breast	luminal_mammary_epithelial_cell	CL:0002326,CL:4033057,CL:4033058	ENSG00000137203	3941	661862	158136	23.892594	1.570325	0.432026
breast	urothelial_cell	CL:0000731,CL:1001428,CL:1000486,CL:1000703,CL:4030055,CL:4030056	ENSG00000137203	3941	0	0	0.000000	0.000000	0.000000
breast	cd4_tcell	CL:0000624,CL:0000492,CL:0000896,CL:0000792,CL:0000895,CL:0000897,CL:0000934,CL:0001043,CL:0001044,CL:0000545,CL:0000546,CL:0000899,CL:0001042,CL:0002038,CL:0000903,CL:0000904,CL:0000905,CL:0002677,CL:0002678,CL:4033038	ENSG00000137203	3941	44645	270	0.604771	1.678848	0.065007
blood	luminal_mammary_epithelial_cell	CL:0002326,CL:4033057,CL:4033058	ENSG00000137203	3941	0	0	0.000000	0.000000	0.000000
blood	urothelial_cell	CL:0000731,CL:1001428,CL:1000486,CL:1000703,CL:4030055,CL:4030056	ENSG00000137203	3941	0	0	0.000000	0.000000	0.000000
blood	cd4_tcell	CL:0000624,CL:0000492,CL:0000896,CL:0000792,CL:0000895,CL:0000897,CL:0000934,CL:0001043,CL:0001044,CL:0000545,CL:0000546,CL:0000899,CL:0001042,CL:0002038,CL:0000903,CL:0000904,CL:0000905,CL:0002677,CL:0002678,CL:4033038	ENSG00000137203	3941	1350506	13	0.000963	1.630272	0.000164
ureter	luminal_mammary_epithelial_cell	CL:0002326,CL:4033057,CL:4033058	ENSG00000137203	3941	0	0	0.000000	0.000000	0.000000
ureter	urothelial_cell	CL:0000731,CL:1001428,CL:1000486,CL:1000703,CL:4030055,CL:4030056	ENSG00000137203	3941	24813	3921	15.802200	0.644494	0.200586
ureter	cd4_tcell	CL:0000624,CL:0000492,CL:0000896,CL:0000792,CL:0000895,CL:0000897,CL:0000934,CL:0001043,CL:0001044,CL:0000545,CL:0000546,CL:0000899,CL:0001042,CL:0002038,CL:0000903,CL:0000904,CL:0000905,CL:0002677,CL:0002678,CL:4033038	ENSG00000137203	3941	0	0	0.000000	0.000000	0.000000
breast	luminal_mammary_epithelial_cell	CL:0002326,CL:4033057,CL:4033058	ENSG00000156787	5885	661862	343	0.051823	1.319714	0.022408
breast	urothelial_cell	CL:0000731,CL:1001428,CL:1000486,CL:1000703,CL:4030055,CL:4030056	ENSG00000156787	5885	0	0	0.000000	0.000000	0.000000
breast	cd4_tcell	CL:0000624,CL:0000492,CL:0000896,CL:0000792,CL:0000895,CL:0000897,CL:0000934,CL:0001043,CL:0001044,CL:0000545,CL:0000546,CL:0000899,CL:0001042,CL:0002038,CL:0000903,CL:0000904,CL:0000905,CL:0002677,CL:0002678,CL:4033038	ENSG00000156787	5885	44645	13	0.029119	1.451818	0.012759
blood	luminal_mammary_epithelial_cell	CL:0002326,CL:4033057,CL:4033058	ENSG00000156787	5885	0	0	0.000000	0.000000	0.000000
blood	urothelial_cell	CL:0000731,CL:1001428,CL:1000486,CL:1000703,CL:4030055,CL:4030056	ENSG00000156787	5885	0	0	0.000000	0.000000	0.000000
blood	cd4_tcell	CL:0000624,CL:0000492,CL:0000896,CL:0000792,CL:0000895,CL:0000897,CL:0000934,CL:0001043,CL:0001044,CL:0000545,CL:0000546,CL:0000899,CL:0001042,CL:0002038,CL:0000903,CL:0000904,CL:0000905,CL:0002677,CL:0002678,CL:4033038	ENSG00000156787	5885	1350506	1643	0.121658	1.612783	0.041453
ureter	luminal_mammary_epithelial_cell	CL:0002326,CL:4033057,CL:4033058	ENSG00000156787	5885	0	0	0.000000	0.000000	0.000000
ureter	urothelial_cell	CL:0000731,CL:1001428,CL:1000486,CL:1000703,CL:4030055,CL:4030056	ENSG00000156787	5885	24813	65	0.261959	0.484827	0.013876
ureter	cd4_tcell	CL:0000624,CL:0000492,CL:0000896,CL:0000792,CL:0000895,CL:0000897,CL:0000934,CL:0001043,CL:0001044,CL:0000545,CL:0000546,CL:0000899,CL:0001042,CL:0002038,CL:0000903,CL:0000904,CL:0000905,CL:0002677,CL:0002678,CL:4033038	ENSG00000156787	5885	0	0	0.000000	0.000000	0.000000
breast	luminal_mammary_epithelial_cell	CL:0002326,CL:4033057,CL:4033058	ENSG00000196233	7512	661862	42540	6.427322	1.400583	0.304918
breast	urothelial_cell	CL:0000731,CL:1001428,CL:1000486,CL:1000703,CL:4030055,CL:4030056	ENSG00000196233	7512	0	0	0.000000	0.000000	0.000000
breast	cd4_tcell	CL:0000624,CL:0000492,CL:0000896,CL:0000792,CL:0000895,CL:0000897,CL:0000934,CL:0001043,CL:0001044,CL:0000545,CL:0000546,CL:0000899,CL:0001042,CL:0002038,CL:0000903,CL:0000904,CL:0000905,CL:0002677,CL:0002678,CL:4033038	ENSG00000196233	7512	44645	914	2.047262	1.608177	0.168802
blood	luminal_mammary_epithelial_cell	CL:0002326,CL:4033057,CL:4033058	ENSG00000196233	7512	0	0	0.000000	0.000000	0.000000
blood	urothelial_cell	CL:0000731,CL:1001428,CL:1000486,CL:1000703,CL:4030055,CL:4030056	ENSG00000196233	7512	0	0	0.000000	0.000000	0.000000
blood	cd4_tcell	CL:0000624,CL:0000492,CL:0000896,CL:0000792,CL:0000895,CL:0000897,CL:0000934,CL:0001043,CL:0001044,CL:0000545,CL:0000546,CL:0000899,CL:0001042,CL:0002038,CL:0000903,CL:0000904,CL:0000905,CL:0002677,CL:0002678,CL:4033038	ENSG00000196233	7512	1350506	17749	1.314248	1.643918	0.163064
ureter	luminal_mammary_epithelial_cell	CL:0002326,CL:4033057,CL:4033058	ENSG00000196233	7512	0	0	0.000000	0.000000	0.000000
ureter	urothelial_cell	CL:0000731,CL:1001428,CL:1000486,CL:1000703,CL:4030055,CL:4030056	ENSG00000196233	7512	24813	9830	39.616330	0.797809	0.470022
ureter	cd4_tcell	CL:0000624,CL:0000492,CL:0000896,CL:0000792,CL:0000895,CL:0000897,CL:0000934,CL:0001043,CL:0001044,CL:0000545,CL:0000546,CL:0000899,CL:0001042,CL:0002038,CL:0000903,CL:0000904,CL:0000905,CL:0002677,CL:0002678,CL:4033038	ENSG00000196233	7512	0	0	0.000000	0.000000	0.000000
breast	luminal_mammary_epithelial_cell	CL:0002326,CL:4033057,CL:4033058	ENSG00000120647	7685	661862	1000	0.151089	1.292798	0.034799
breast	urothelial_cell	CL:0000731,CL:1001428,CL:1000486,CL:1000703,CL:4030055,CL:4030056	ENSG00000120647	7685	0	0	0.000000	0.000000	0.000000
breast	cd4_tcell	CL:0000624,CL:0000492,CL:0000896,CL:0000792,CL:0000895,CL:0000897,CL:0000934,CL:0001043,CL:0001044,CL:0000545,CL:0000546,CL:0000899,CL:0001042,CL:0002038,CL:0000903,CL:0000904,CL:0000905,CL:0002677,CL:0002678,CL:4033038	ENSG00000120647	7685	44645	36	0.080636	1.278760	0.017629
blood	luminal_mammary_epithelial_cell	CL:0002326,CL:4033057,CL:4033058	ENSG00000120647	7685	0	0	0.000000	0.000000	0.000000
blood	urothelial_cell	CL:0000731,CL:1001428,CL:1000486,CL:1000703,CL:4030055,CL:4030056	ENSG00000120647	7685	0	0	0.000000	0.000000	0.000000
blood	cd4_tcell	CL:0000624,CL:0000492,CL:0000896,CL:0000792,CL:0000895,CL:0000897,CL:0000934,CL:0001043,CL:0001044,CL:0000545,CL:0000546,CL:0000899,CL:0001042,CL:0002038,CL:0000903,CL:0000904,CL:0000905,CL:0002677,CL:0002678,CL:4033038	ENSG00000120647	7685	1350506	1399	0.103591	1.588181	0.035212
ureter	luminal_mammary_epithelial_cell	CL:0002326,CL:4033057,CL:4033058	ENSG00000120647	7685	0	0	0.000000	0.000000	0.000000
ureter	urothelial_cell	CL:0000731,CL:1001428,CL:1000486,CL:1000703,CL:4030055,CL:4030056	ENSG00000120647	7685	24813	128	0.515859	0.522532	0.023969
ureter	cd4_tcell	CL:0000624,CL:0000492,CL:0000896,CL:0000792,CL:0000895,CL:0000897,CL:0000934,CL:0001043,CL:0001044,CL:0000545,CL:0000546,CL:0000899,CL:0001042,CL:0002038,CL:0000903,CL:0000904,CL:0000905,CL:0002677,CL:0002678,CL:4033038	ENSG00000120647	7685	0	0	0.000000	0.000000	0.000000
breast	luminal_mammary_epithelial_cell	CL:0002326,CL:4033057,CL:4033058	ENSG00000100505	13193	661862	168	0.025383	1.356155	0.010945
breast	urothelial_cell	CL:0000731,CL:1001428,CL:1000486,CL:1000703,CL:4030055,CL:4030056	ENSG00000100505	13193	0	0	0.000000	0.000000	0.000000
breast	cd4_tcell	CL:0000624,CL:0000492,CL:0000896,CL:0000792,CL:0000895,CL:0000897,CL:0000934,CL:0001043,CL:0001044,CL:0000545,CL:0000546,CL:0000899,CL:0001042,CL:0002038,CL:0000903,CL:0000904,CL:0000905,CL:0002677,CL:0002678,CL:4033038	ENSG00000100505	13193	44645	12	0.026879	1.610102	0.007124
blood	luminal_mammary_epithelial_cell	CL:0002326,CL:4033057,CL:4033058	ENSG00000100505	13193	0	0	0.000000	0.000000	0.000000
blood	urothelial_cell	CL:0000731,CL:1001428,CL:1000486,CL:1000703,CL:4030055,CL:4030056	ENSG00000100505	13193	0	0	0.000000	0.000000	0.000000
blood	cd4_tcell	CL:0000624,CL:0000492,CL:0000896,CL:0000792,CL:0000895,CL:0000897,CL:0000934,CL:0001043,CL:0001044,CL:0000545,CL:0000546,CL:0000899,CL:0001042,CL:0002038,CL:0000903,CL:0000904,CL:0000905,CL:0002677,CL:0002678,CL:4033038	ENSG00000100505	13193	1350506	27	0.001999	1.604228	0.001079
ureter	luminal_mammary_epithelial_cell	CL:0002326,CL:4033057,CL:4033058	ENSG00000100505	13193	0	0	0.000000	0.000000	0.000000
ureter	urothelial_cell	CL:0000731,CL:1001428,CL:1000486,CL:1000703,CL:4030055,CL:4030056	ENSG00000100505	13193	24813	83	0.334502	0.480397	0.013737
ureter	cd4_tcell	CL:0000624,CL:0000492,CL:0000896,CL:0000792,CL:0000895,CL:0000897,CL:0000934,CL:0001043,CL:0001044,CL:0000545,CL:0000546,CL:0000899,CL:0001042,CL:0002038,CL:0000903,CL:0000904,CL:0000905,CL:0002677,CL:0002678,CL:4033038	ENSG00000100505	13193	0	0	0.000000	0.000000	0.000000
breast	luminal_mammary_epithelial_cell	CL:0002326,CL:4033057,CL:4033058	ENSG00000018408	2687	661862	144800	21.877672	1.553564	0.449254
breast	urothelial_cell	CL:0000731,CL:1001428,CL:1000486,CL:1000703,CL:4030055,CL:4030056	ENSG00000018408	2687	0	0	0.000000	0.000000	0.000000
breast	cd4_tcell	CL:0000624,CL:0000492,CL:0000896,CL:0000792,CL:0000895,CL:0000897,CL:0000934,CL:0001043,CL:0001044,CL:0000545,CL:0000546,CL:0000899,CL:0001042,CL:0002038,CL:0000903,CL:0000904,CL:0000905,CL:0002677,CL:0002678,CL:4033038	ENSG00000018408	2687	44645	563	1.261059	1.663084	0.139584
blood	luminal_mammary_epithelial_cell	CL:0002326,CL:4033057,CL:4033058	ENSG00000018408	2687	0	0	0.000000	0.000000	0.000000
blood	urothelial_cell	CL:0000731,CL:1001428,CL:1000486,CL:1000703,CL:4030055,CL:4030056	ENSG00000018408	2687	0	0	0.000000	0.000000	0.000000
blood	cd4_tcell	CL:0000624,CL:0000492,CL:0000896,CL:0000792,CL:0000895,CL:0000897,CL:0000934,CL:0001043,CL:0001044,CL:0000545,CL:0000546,CL:0000899,CL:0001042,CL:0002038,CL:0000903,CL:0000904,CL:0000905,CL:0002677,CL:0002678,CL:4033038	ENSG00000018408	2687	1350506	139	0.010292	1.690526	0.006465
ureter	luminal_mammary_epithelial_cell	CL:0002326,CL:4033057,CL:4033058	ENSG00000018408	2687	0	0	0.000000	0.000000	0.000000
ureter	urothelial_cell	CL:0000731,CL:1001428,CL:1000486,CL:1000703,CL:4030055,CL:4030056	ENSG00000018408	2687	24813	2426	9.777133	0.576551	0.141237
ureter	cd4_tcell	CL:0000624,CL:0000492,CL:0000896,CL:0000792,CL:0000895,CL:0000897,CL:0000934,CL:0001043,CL:0001044,CL:0000545,CL:0000546,CL:0000899,CL:0001042,CL:0002038,CL:0000903,CL:0000904,CL:0000905,CL:0002677,CL:0002678,CL:4033038	ENSG00000018408	2687	0	0	0.000000	0.000000	0.000000
breast	luminal_mammary_epithelial_cell	CL:0002326,CL:4033057,CL:4033058	ENSG00000119866	1514	661862	11191	1.690836	1.389272	0.107882
breast	urothelial_cell	CL:0000731,CL:1001428,CL:1000486,CL:1000703,CL:4030055,CL:4030056	ENSG00000119866	1514	0	0	0.000000	0.000000	0.000000
breast	cd4_tcell	CL:0000624,CL:0000492,CL:0000896,CL:0000792,CL:0000895,CL:0000897,CL:0000934,CL:0001043,CL:0001044,CL:0000545,CL:0000546,CL:0000899,CL:0001042,CL:0002038,CL:0000903,CL:0000904,CL:0000905,CL:0002677,CL:0002678,CL:4033038	ENSG00000119866	1514	44645	31	0.069437	1.497631	0.011514
blood	luminal_mammary_epithelial_cell	CL:0002326,CL:4033057,CL:4033058	ENSG00000119866	1514	0	0	0.000000	0.000000	0.000000
blood	urothelial_cell	CL:0000731,CL:1001428,CL:1000486,CL:1000703,CL:4030055,CL:4030056	ENSG00000119866	1514	0	0	0.000000	0.000000	0.000000
blood	cd4_tcell	CL:0000624,CL:0000492,CL:0000896,CL:0000792,CL:0000895,CL:0000897,CL:0000934,CL:0001043,CL:0001044,CL:0000545,CL:0000546,CL:0000899,CL:0001042,CL:0002038,CL:0000903,CL:0000904,CL:0000905,CL:0002677,CL:0002678,CL:4033038	ENSG00000119866	1514	1350506	294	0.021770	1.802088	0.007520
ureter	luminal_mammary_epithelial_cell	CL:0002326,CL:4033057,CL:4033058	ENSG00000119866	1514	0	0	0.000000	0.000000	0.000000
ureter	urothelial_cell	CL:0000731,CL:1001428,CL:1000486,CL:1000703,CL:4030055,CL:4030056	ENSG00000119866	1514	24813	2215	8.926772	0.627159	0.132927
ureter	cd4_tcell	CL:0000624,CL:0000492,CL:0000896,CL:0000792,CL:0000895,CL:0000897,CL:0000934,CL:0001043,CL:0001044,CL:0000545,CL:0000546,CL:0000899,CL:0001042,CL:0002038,CL:0000903,CL:0000904,CL:0000905,CL:0002677,CL:0002678,CL:4033038	ENSG00000119866	1514	0	0	0.000000	0.000000	0.000000
breast	luminal_mammary_epithelial_cell	CL:0002326,CL:4033057,CL:4033058	ENSG00000151461	7234	661862	62210	9.399240	1.442387	0.363054
breast	urothelial_cell	CL:0000731,CL:1001428,CL:1000486,CL:1000703,CL:4030055,CL:4030056	ENSG00000151461	7234	0	0	0.000000	0.000000	0.000000
breast	cd4_tcell	CL:0000624,CL:0000492,CL:0000896,CL:0000792,CL:0000895,CL:0000897,CL:0000934,CL:0001043,CL:0001044,CL:0000545,CL:0000546,CL:0000899,CL:0001042,CL:0002038,CL:0000903,CL:0000904,CL:0000905,CL:0002677,CL:0002678,CL:4033038	ENSG00000151461	7234	44645	1751	3.922052	1.693693	0.322203
blood	luminal_mammary_epithelial_cell	CL:0002326,CL:4033057,CL:4033058	ENSG00000151461	7234	0	0	0.000000	0.000000	0.000000
blood	urothelial_cell	CL:0000731,CL:1001428,CL:1000486,CL:1000703,CL:4030055,CL:4030056	ENSG00000151461	7234	0	0	0.000000	0.000000	0.000000
blood	cd4_tcell	CL:0000624,CL:0000492,CL:0000896,CL:0000792,CL:0000895,CL:0000897,CL:0000934,CL:0001043,CL:0001044,CL:0000545,CL:0000546,CL:0000899,CL:0001042,CL:0002038,CL:0000903,CL:0000904,CL:0000905,CL:0002677,CL:0002678,CL:4033038	ENSG00000151461	7234	1350506	43639	3.231307	1.684625	0.302699
ureter	luminal_mammary_epithelial_cell	CL:0002326,CL:4033057,CL:4033058	ENSG00000151461	7234	0	0	0.000000	0.000000	0.000000
ureter	urothelial_cell	CL:0000731,CL:1001428,CL:1000486,CL:1000703,CL:4030055,CL:4030056	ENSG00000151461	7234	24813	5175	20.856003	0.681191	0.287602
ureter	cd4_tcell	CL:0000624,CL:0000492,CL:0000896,CL:0000792,CL:0000895,CL:0000897,CL:0000934,CL:0001043,CL:0001044,CL:0000545,CL:0000546,CL:0000899,CL:0001042,CL:0002038,CL:0000903,CL:0000904,CL:0000905,CL:0002677,CL:0002678,CL:4033038	ENSG00000151461	7234	0	0	0.000000	0.000000	0.000000
breast	luminal_mammary_epithelial_cell	CL:0002326,CL:4033057,CL:4033058	ENSG00000151849	8395	661862	1595	0.240987	1.441395	0.032810
breast	urothelial_cell	CL:0000731,CL:1001428,CL:1000486,CL:1000703,CL:4030055,CL:4030056	ENSG00000151849	8395	0	0	0.000000	0.000000	0.000000
breast	cd4_tcell	CL:0000624,CL:0000492,CL:0000896,CL:0000792,CL:0000895,CL:0000897,CL:0000934,CL:0001043,CL:0001044,CL:0000545,CL:0000546,CL:0000899,CL:0001042,CL:0002038,CL:0000903,CL:0000904,CL:0000905,CL:0002677,CL:0002678,CL:4033038	ENSG00000151849	8395	44645	45	0.100795	1.536122	0.018826
blood	luminal_mammary_epithelial_cell	CL:0002326,CL:4033057,CL:4033058	ENSG00000151849	8395	0	0	0.000000	0.000000	0.000000
blood	urothelial_cell	CL:0000731,CL:1001428,CL:1000486,CL:1000703,CL:4030055,CL:4030056	ENSG00000151849	8395	0	0	0.000000	0.000000	0.000000
blood	cd4_tcell	CL:0000624,CL:0000492,CL:0000896,CL:0000792,CL:0000895,CL:0000897,CL:0000934,CL:0001043,CL:0001044,CL:0000545,CL:0000546,CL:0000899,CL:0001042,CL:0002038,CL:0000903,CL:0000904,CL:0000905,CL:0002677,CL:0002678,CL:4033038	ENSG00000151849	8395	1350506	1588	0.117586	1.586292	0.024228
ureter	luminal_mammary_epithelial_cell	CL:0002326,CL:4033057,CL:4033058	ENSG00000151849	8395	0	0	0.000000	0.000000	0.000000
ureter	urothelial_cell	CL:0000731,CL:1001428,CL:1000486,CL:1000703,CL:4030055,CL:4030056	ENSG00000151849	8395	24813	257	1.035747	0.565019	0.034877
ureter	cd4_tcell	CL:0000624,CL:0000492,CL:0000896,CL:0000792,CL:0000895,CL:0000897,CL:0000934,CL:0001043,CL:0001044,CL:0000545,CL:0000546,CL:0000899,CL:0001042,CL:0002038,CL:0000903,CL:0000904,CL:0000905,CL:0002677,CL:0002678,CL:4033038	ENSG00000151849	8395	0	0	0.000000	0.000000	0.000000
breast	luminal_mammary_epithelial_cell	CL:0002326,CL:4033057,CL:4033058	ENSG00000163257	2941	661862	13205	1.995129	1.231235	0.111828
breast	urothelial_cell	CL:0000731,CL:1001428,CL:1000486,CL:1000703,CL:4030055,CL:4030056	ENSG00000163257	2941	0	0	0.000000	0.000000	0.000000
breast	cd4_tcell	CL:0000624,CL:0000492,CL:0000896,CL:0000792,CL:0000895,CL:0000897,CL:0000934,CL:0001043,CL:0001044,CL:0000545,CL:0000546,CL:0000899,CL:0001042,CL:0002038,CL:0000903,CL:0000904,CL:0000905,CL:0002677,CL:0002678,CL:4033038	ENSG00000163257	2941	44645	178	0.398701	1.537911	0.078173
blood	luminal_mammary_epithelial_cell	CL:0002326,CL:4033057,CL:4033058	ENSG00000163257	2941	0	0	0.000000	0.000000	0.000000
blood	urothelial_cell	CL:0000731,CL:1001428,CL:1000486,CL:1000703,CL:4030055,CL:4030056	ENSG00000163257	2941	0	0	0.000000	0.000000	0.000000
blood	cd4_tcell	CL:0000624,CL:0000492,CL:0000896,CL:0000792,CL:0000895,CL:0000897,CL:0000934,CL:0001043,CL:0001044,CL:0000545,CL:0000546,CL:0000899,CL:0001042,CL:0002038,CL:0000903,CL:0000904,CL:0000905,CL:0002677,CL:0002678,CL:4033038	ENSG00000163257	2941	1350506	9162	0.678412	1.684648	0.116221
ureter	luminal_mammary_epithelial_cell	CL:0002326,CL:4033057,CL:4033058	ENSG00000163257	2941	0	0	0.000000	0.000000	0.000000
ureter	urothelial_cell	CL:0000731,CL:1001428,CL:1000486,CL:1000703,CL:4030055,CL:4030056	ENSG00000163257	2941	24813	1819	7.330835	0.550017	0.127946
ureter	cd4_tcell	CL:0000624,CL:0000492,CL:0000896,CL:0000792,CL:0000895,CL:0000897,CL:0000934,CL:0001043,CL:0001044,CL:0000545,CL:0000546,CL:0000899,CL:0001042,CL:0002038,CL:0000903,CL:0000904,CL:0000905,CL:0002677,CL:0002678,CL:4033038	ENSG00000163257	2941	0	0	0.000000	0.000000	0.000000
breast	luminal_mammary_epithelial_cell	CL:0002326,CL:4033057,CL:4033058	ENSG00000075218	12936	661862	921	0.139153	1.142376	0.009574
breast	urothelial_cell	CL:0000731,CL:1001428,CL:1000486,CL:1000703,CL:4030055,CL:4030056	ENSG00000075218	12936	0	0	0.000000	0.000000	0.000000
breast	cd4_tcell	CL:0000624,CL:0000492,CL:0000896,CL:0000792,CL:0000895,CL:0000897,CL:0000934,CL:0001043,CL:0001044,CL:0000545,CL:0000546,CL:0000899,CL:0001042,CL:0002038,CL:0000903,CL:0000904,CL:0000905,CL:0002677,CL:0002678,CL:4033038	ENSG00000075218	12936	44645	7	0.015679	0.740470	0.004042
blood	luminal_mammary_epithelial_cell	CL:0002326,CL:4033057,CL:4033058	ENSG00000075218	12936	0	0	0.000000	0.000000	0.000000
blood	urothelial_cell	CL:0000731,CL:1001428,CL:1000486,CL:1000703,CL:4030055,CL:4030056	ENSG00000075218	12936	0	0	0.000000	0.000000	0.000000
blood	cd4_tcell	CL:0000624,CL:0000492,CL:0000896,CL:0000792,CL:0000895,CL:0000897,CL:0000934,CL:0001043,CL:0001044,CL:0000545,CL:0000546,CL:0000899,CL:0001042,CL:0002038,CL:0000903,CL:0000904,CL:0000905,CL:0002677,CL:0002678,CL:4033038	ENSG00000075218	12936	1350506	1235	0.091447	1.378082	0.012506
ureter	luminal_mammary_epithelial_cell	CL:0002326,CL:4033057,CL:4033058	ENSG00000075218	12936	0	0	0.000000	0.000000	0.000000
ureter	urothelial_cell	CL:0000731,CL:1001428,CL:1000486,CL:1000703,CL:4030055,CL:4030056	ENSG00000075218	12936	24813	174	0.701245	0.754475	0.006688
ureter	cd4_tcell	CL:0000624,CL:0000492,CL:0000896,CL:0000792,CL:0000895,CL:0000897,CL:0000934,CL:0001043,CL:0001044,CL:0000545,CL:0000546,CL:0000899,CL:0001042,CL:0002038,CL:0000903,CL:0000904,CL:0000905,CL:0002677,CL:0002678,CL:4033038	ENSG00000075218	12936	0	0	0.000000	0.000000	0.000000
breast	luminal_mammary_epithelial_cell	CL:0002326,CL:4033057,CL:4033058	ENSG00000134317	14445	661862	57611	8.704382	1.363032	0.246543
breast	urothelial_cell	CL:0000731,CL:1001428,CL:1000486,CL:1000703,CL:4030055,CL:4030056	ENSG00000134317	14445	0	0	0.000000	0.000000	0.000000
breast	cd4_tcell	CL:0000624,CL:0000492,CL:0000896,CL:0000792,CL:0000895,CL:0000897,CL:0000934,CL:0001043,CL:0001044,CL:0000545,CL:0000546,CL:0000899,CL:0001042,CL:0002038,CL:0000903,CL:0000904,CL:0000905,CL:0002677,CL:0002678,CL:4033038	ENSG00000134317	14445	44645	168	0.376302	1.508787	0.043022
blood	luminal_mammary_epithelial_cell	CL:0002326,CL:4033057,CL:4033058	ENSG00000134317	14445	0	0	0.000000	0.000000	0.000000
blood	urothelial_cell	CL:0000731,CL:1001428,CL:1000486,CL:1000703,CL:4030055,CL:4030056	ENSG00000134317	14445	0	0	0.000000	0.000000	0.000000
blood	cd4_tcell	CL:0000624,CL:0000492,CL:0000896,CL:0000792,CL:0000895,CL:0000897,CL:0000934,CL:0001043,CL:0001044,CL:0000545,CL:0000546,CL:0000899,CL:0001042,CL:0002038,CL:0000903,CL:0000904,CL:0000905,CL:0002677,CL:0002678,CL:4033038	ENSG00000134317	14445	1350506	34	0.002518	1.528016	0.001698
ureter	luminal_mammary_epithelial_cell	CL:0002326,CL:4033057,CL:4033058	ENSG00000134317	14445	0	0	0.000000	0.000000	0.000000
ureter	urothelial_cell	CL:0000731,CL:1001428,CL:1000486,CL:1000703,CL:4030055,CL:4030056	ENSG00000134317	14445	24813	6596	26.582840	0.736987	0.298541
ureter	cd4_tcell	CL:0000624,CL:0000492,CL:0000896,CL:0000792,CL:0000895,CL:0000897,CL:0000934,CL:0001043,CL:0001044,CL:0000545,CL:0000546,CL:0000899,CL:0001042,CL:0002038,CL:0000903,CL:0000904,CL:0000905,CL:0002677,CL:0002678,CL:4033038	ENSG00000134317	14445	0	0	0.000000	0.000000	0.000000
breast	luminal_mammary_epithelial_cell	CL:0002326,CL:4033057,CL:4033058	ENSG00000122008	3512	661862	27174	4.105690	1.344864	0.186471
breast	urothelial_cell	CL:0000731,CL:1001428,CL:1000486,CL:1000703,CL:4030055,CL:4030056	ENSG00000122008	3512	0	0	0.000000	0.000000	0.000000
breast	cd4_tcell	CL:0000624,CL:0000492,CL:0000896,CL:0000792,CL:0000895,CL:0000897,CL:0000934,CL:0001043,CL:0001044,CL:0000545,CL:0000546,CL:0000899,CL:0001042,CL:0002038,CL:0000903,CL:0000904,CL:0000905,CL:0002677,CL:0002678,CL:4033038	ENSG00000122008	3512	44645	363	0.813081	1.535727	0.104074
blood	luminal_mammary_epithelial_cell	CL:0002326,CL:4033057,CL:4033058	ENSG00000122008	3512	0	0	0.000000	0.000000	0.000000
blood	urothelial_cell	CL:0000731,CL:1001428,CL:1000486,CL:1000703,CL:4030055,CL:4030056	ENSG00000122008	3512	0	0	0.000000	0.000000	0.000000
blood	cd4_tcell	CL:0000624,CL:0000492,CL:0000896,CL:0000792,CL:0000895,CL:0000897,CL:0000934,CL:0001043,CL:0001044,CL:0000545,CL:0000546,CL:0000899,CL:0001042,CL:0002038,CL:0000903,CL:0000904,CL:0000905,CL:0002677,CL:0002678,CL:4033038	ENSG00000122008	3512	1350506	10474	0.775561	1.659557	0.121719
ureter	luminal_mammary_epithelial_cell	CL:0002326,CL:4033057,CL:4033058	ENSG00000122008	3512	0	0	0.000000	0.000000	0.000000
ureter	urothelial_cell	CL:0000731,CL:1001428,CL:1000486,CL:1000703,CL:4030055,CL:4030056	ENSG00000122008	3512	24813	1885	7.596824	0.584856	0.130359
ureter	cd4_tcell	CL:0000624,CL:0000492,CL:0000896,CL:0000792,CL:0000895,CL:0000897,CL:0000934,CL:0001043,CL:0001044,CL:0000545,CL:0000546,CL:0000899,CL:0001042,CL:0002038,CL:0000903,CL:0000904,CL:0000905,CL:0002677,CL:0002678,CL:4033038	ENSG00000122008	3512	0	0	0.000000	0.000000	0.000000
breast	luminal_mammary_epithelial_cell	CL:0002326,CL:4033057,CL:4033058	ENSG00000104447	5863	661862	207258	31.314383	2.115491	1.415780
breast	urothelial_cell	CL:0000731,CL:1001428,CL:1000486,CL:1000703,CL:4030055,CL:4030056	ENSG00000104447	5863	0	0	0.000000	0.000000	0.000000
breast	cd4_tcell	CL:0000624,CL:0000492,CL:0000896,CL:0000792,CL:0000895,CL:0000897,CL:0000934,CL:0001043,CL:0001044,CL:0000545,CL:0000546,CL:0000899,CL:0001042,CL:0002038,CL:0000903,CL:0000904,CL:0000905,CL:0002677,CL:0002678,CL:4033038	ENSG00000104447	5863	44645	1704	3.816777	1.712108	0.210082
blood	luminal_mammary_epithelial_cell	CL:0002326,CL:4033057,CL:4033058	ENSG00000104447	5863	0	0	0.000000	0.000000	0.000000
blood	urothelial_cell	CL:0000731,CL:1001428,CL:1000486,CL:1000703,CL:4030055,CL:4030056	ENSG00000104447	5863	0	0	0.000000	0.000000	0.000000
blood	cd4_tcell	CL:0000624,CL:0000492,CL:0000896,CL:0000792,CL:0000895,CL:0000897,CL:0000934,CL:0001043,CL:0001044,CL:0000545,CL:0000546,CL:0000899,CL:0001042,CL:0002038,CL:0000903,CL:0000904,CL:0000905,CL:0002677,CL:0002678,CL:4033038	ENSG00000104447	5863	1350506	5272	0.390372	1.750657	0.088660
ureter	luminal_mammary_epithelial_cell	CL:0002326,CL:4033057,CL:4033058	ENSG00000104447	5863	0	0	0.000000	0.000000	0.000000
ureter	urothelial_cell	CL:0000731,CL:1001428,CL:1000486,CL:1000703,CL:4030055,CL:4030056	ENSG00000104447	5863	24813	142	0.572281	0.700473	0.013879
ureter	cd4_tcell	CL:0000624,CL:0000492,CL:0000896,CL:0000792,CL:0000895,CL:0000897,CL:0000934,CL:0001043,CL:0001044,CL:0000545,CL:0000546,CL:0000899,CL:0001042,CL:0002038,CL:0000903,CL:0000904,CL:0000905,CL:0002677,CL:0002678,CL:4033038	ENSG00000104447	5863	0	0	0.000000	0.000000	0.000000
breast	luminal_mammary_epithelial_cell	CL:0002326,CL:4033057,CL:4033058	ENSG00000161405	10306	661862	516	0.077962	1.236293	0.023160
breast	urothelial_cell	CL:0000731,CL:1001428,CL:1000486,CL:1000703,CL:4030055,CL:4030056	ENSG00000161405	10306	0	0	0.000000	0.000000	0.000000
breast	cd4_tcell	CL:0000624,CL:0000492,CL:0000896,CL:0000792,CL:0000895,CL:0000897,CL:0000934,CL:0001043,CL:0001044,CL:0000545,CL:0000546,CL:0000899,CL:0001042,CL:0002038,CL:0000903,CL:0000904,CL:0000905,CL:0002677,CL:0002678,CL:4033038	ENSG00000161405	10306	44645	5111	11.448090	2.100148	0.343534
blood	luminal_mammary_epithelial_cell	CL:0002326,CL:4033057,CL:4033058	ENSG00000161405	10306	0	0	0.000000	0.000000	0.000000
blood	urothelial_cell	CL:0000731,CL:1001428,CL:1000486,CL:1000703,CL:4030055,CL:4030056	ENSG00000161405	10306	0	0	0.000000	0.000000	0.000000
blood	cd4_tcell	CL:0000624,CL:0000492,CL:0000896,CL:0000792,CL:0000895,CL:0000897,CL:0000934,CL:0001043,CL:0001044,CL:0000545,CL:0000546,CL:0000899,CL:0001042,CL:0002038,CL:0000903,CL:0000904,CL:0000905,CL:0002677,CL:0002678,CL:4033038	ENSG00000161405	10306	1350506	43258	3.203096	1.767714	0.297008
ureter	luminal_mammary_epithelial_cell	CL:0002326,CL:4033057,CL:4033058	ENSG00000161405	10306	0	0	0.000000	0.000000	0.000000
ureter	urothelial_cell	CL:0000731,CL:1001428,CL:1000486,CL:1000703,CL:4030055,CL:4030056	ENSG00000161405	10306	24813	682	2.748559	0.585380	0.056111
ureter	cd4_tcell	CL:0000624,CL:0000492,CL:0000896,CL:0000792,CL:0000895,CL:0000897,CL:0000934,CL:0001043,CL:0001044,CL:0000545,CL:0000546,CL:0000899,CL:0001042,CL:0002038,CL:0000903,CL:0000904,CL:0000905,CL:0002677,CL:0002678,CL:4033038	ENSG00000161405	10306	0	0	0.000000	0.000000	0.000000
breast	luminal_mammary_epithelial_cell	CL:0002326,CL:4033057,CL:4033058	ENSG00000108175	7443	661862	21607	3.264578	1.312378	0.180511
breast	urothelial_cell	CL:0000731,CL:1001428,CL:1000486,CL:1000703,CL:4030055,CL:4030056	ENSG00000108175	7443	0	0	0.000000	0.000000	0.000000
breast	cd4_tcell	CL:0000624,CL:0000492,CL:0000896,CL:0000792,CL:0000895,CL:0000897,CL:0000934,CL:0001043,CL:0001044,CL:0000545,CL:0000546,CL:0000899,CL:0001042,CL:0002038,CL:0000903,CL:0000904,CL:0000905,CL:0002677,CL:0002678,CL:4033038	ENSG00000108175	7443	44645	89	0.199350	1.390434	0.044194
blood	luminal_mammary_epithelial_cell	CL:0002326,CL:4033057,CL:4033058	ENSG00000108175	7443	0	0	0.000000	0.000000	0.000000
blood	urothelial_cell	CL:0000731,CL:1001428,CL:1000486,CL:1000703,CL:4030055,CL:4030056	ENSG00000108175	7443	0	0	0.000000	0.000000	0.000000
blood	cd4_tcell	CL:0000624,CL:0000492,CL:0000896,CL:0000792,CL:0000895,CL:0000897,CL:0000934,CL:0001043,CL:0001044,CL:0000545,CL:0000546,CL:0000899,CL:0001042,CL:0002038,CL:0000903,CL:0000904,CL:0000905,CL:0002677,CL:0002678,CL:4033038	ENSG00000108175	7443	1350506	5401	0.399924	1.561905	0.049467
ureter	luminal_mammary_epithelial_cell	CL:0002326,CL:4033057,CL:4033058	ENSG00000108175	7443	0	0	0.000000	0.000000	0.000000
ureter	urothelial_cell	CL:0000731,CL:1001428,CL:1000486,CL:1000703,CL:4030055,CL:4030056	ENSG00000108175	7443	24813	4181	16.850038	0.596200	0.208228
ureter	cd4_tcell	CL:0000624,CL:0000492,CL:0000896,CL:0000792,CL:0000895,CL:0000897,CL:0000934,CL:0001043,CL:0001044,CL:0000545,CL:0000546,CL:0000899,CL:0001042,CL:0002038,CL:0000903,CL:0000904,CL:0000905,CL:0002677,CL:0002678,CL:4033038	ENSG00000108175	7443	0	0	0.000000	0.000000	0.000000
breast	luminal_mammary_epithelial_cell	CL:0002326,CL:4033057,CL:4033058	ENSG00000143842	1108	661862	2261	0.341612	1.205889	0.059613
breast	urothelial_cell	CL:0000731,CL:1001428,CL:1000486,CL:1000703,CL:4030055,CL:4030056	ENSG00000143842	1108	0	0	0.000000	0.000000	0.000000
breast	cd4_tcell	CL:0000624,CL:0000492,CL:0000896,CL:0000792,CL:0000895,CL:0000897,CL:0000934,CL:0001043,CL:0001044,CL:0000545,CL:0000546,CL:0000899,CL:0001042,CL:0002038,CL:0000903,CL:0000904,CL:0000905,CL:0002677,CL:0002678,CL:4033038	ENSG00000143842	1108	44645	11	0.024639	1.668569	0.007539
blood	luminal_mammary_epithelial_cell	CL:0002326,CL:4033057,CL:4033058	ENSG00000143842	1108	0	0	0.000000	0.000000	0.000000
blood	urothelial_cell	CL:0000731,CL:1001428,CL:1000486,CL:1000703,CL:4030055,CL:4030056	ENSG00000143842	1108	0	0	0.000000	0.000000	0.000000
blood	cd4_tcell	CL:0000624,CL:0000492,CL:0000896,CL:0000792,CL:0000895,CL:0000897,CL:0000934,CL:0001043,CL:0001044,CL:0000545,CL:0000546,CL:0000899,CL:0001042,CL:0002038,CL:0000903,CL:0000904,CL:0000905,CL:0002677,CL:0002678,CL:4033038	ENSG00000143842	1108	1350506	422	0.031248	1.589948	0.003715
ureter	luminal_mammary_epithelial_cell	CL:0002326,CL:4033057,CL:4033058	ENSG00000143842	1108	0	0	0.000000	0.000000	0.000000
ureter	urothelial_cell	CL:0000731,CL:1001428,CL:1000486,CL:1000703,CL:4030055,CL:4030056	ENSG00000143842	1108	24813	946	3.812518	0.552240	0.087358
ureter	cd4_tcell	CL:0000624,CL:0000492,CL:0000896,CL:0000792,CL:0000895,CL:0000897,CL:0000934,CL:0001043,CL:0001044,CL:0000545,CL:0000546,CL:0000899,CL:0001042,CL:0002038,CL:0000903,CL:0000904,CL:0000905,CL:0002677,CL:0002678,CL:4033038	ENSG00000143842	1108	0	0	0.000000	0.000000	0.000000
breast	luminal_mammary_epithelial_cell	CL:0002326,CL:4033057,CL:4033058	ENSG00000124226	11171	661862	221160	33.414821	1.460124	0.384432
breast	urothelial_cell	CL:0000731,CL:1001428,CL:1000486,CL:1000703,CL:4030055,CL:4030056	ENSG00000124226	11171	0	0	0.000000	0.000000	0.000000
breast	cd4_tcell	CL:0000624,CL:0000492,CL:0000896,CL:0000792,CL:0000895,CL:0000897,CL:0000934,CL:0001043,CL:0001044,CL:0000545,CL:0000546,CL:0000899,CL:0001042,CL:0002038,CL:0000903,CL:0000904,CL:0000905,CL:0002677,CL:0002678,CL:4033038	ENSG00000124226	11171	44645	1800	4.031806	1.711465	0.364696
blood	luminal_mammary_epithelial_cell	CL:0002326,CL:4033057,CL:4033058	ENSG00000124226	11171	0	0	0.000000	0.000000	0.000000
blood	urothelial_cell	CL:0000731,CL:1001428,CL:1000486,CL:1000703,CL:4030055,CL:4030056	ENSG00000124226	11171	0	0	0.000000	0.000000	0.000000
blood	cd4_tcell	CL:0000624,CL:0000492,CL:0000896,CL:0000792,CL:0000895,CL:0000897,CL:0000934,CL:0001043,CL:0001044,CL:0000545,CL:0000546,CL:0000899,CL:0001042,CL:0002038,CL:0000903,CL:0000904,CL:0000905,CL:0002677,CL:0002678,CL:4033038	ENSG00000124226	11171	1350506	34277	2.538086	1.655731	0.265885
ureter	luminal_mammary_epithelial_cell	CL:0002326,CL:4033057,CL:4033058	ENSG00000124226	11171	0	0	0.000000	0.000000	0.000000
ureter	urothelial_cell	CL:0000731,CL:1001428,CL:1000486,CL:1000703,CL:4030055,CL:4030056	ENSG00000124226	11171	24813	4893	19.719502	0.640260	0.255416
ureter	cd4_tcell	CL:0000624,CL:0000492,CL:0000896,CL:0000792,CL:0000895,CL:0000897,CL:0000934,CL:0001043,CL:0001044,CL:0000545,CL:0000546,CL:0000899,CL:0001042,CL:0002038,CL:0000903,CL:0000904,CL:0000905,CL:0002677,CL:0002678,CL:4033038	ENSG00000124226	11171	0	0	0.000000	0.000000	0.000000
breast	luminal_mammary_epithelial_cell	CL:0002326,CL:4033057,CL:4033058	ENSG00000169083	5307	661862	60548	9.148131	1.687484	0.310345
breast	urothelial_cell	CL:0000731,CL:1001428,CL:1000486,CL:1000703,CL:4030055,CL:4030056	ENSG00000169083	5307	0	0	0.000000	0.000000	0.000000
breast	cd4_tcell	CL:0000624,CL:0000492,CL:0000896,CL:0000792,CL:0000895,CL:0000897,CL:0000934,CL:0001043,CL:0001044,CL:0000545,CL:0000546,CL:0000899,CL:0001042,CL:0002038,CL:0000903,CL:0000904,CL:0000905,CL:0002677,CL:0002678,CL:4033038	ENSG00000169083	5307	44645	89	0.199350	1.652738	0.022991
blood	luminal_mammary_epithelial_cell	CL:0002326,CL:4033057,CL:4033058	ENSG00000169083	5307	0	0	0.000000	0.000000	0.000000
blood	urothelial_cell	CL:0000731,CL:1001428,CL:1000486,CL:1000703,CL:4030055,CL:4030056	ENSG00000169083	5307	0	0	0.000000	0.000000	0.000000
blood	cd4_tcell	CL:0000624,CL:0000492,CL:0000896,CL:0000792,CL:0000895,CL:0000897,CL:0000934,CL:0001043,CL:0001044,CL:0000545,CL:0000546,CL:0000899,CL:0001042,CL:0002038,CL:0000903,CL:0000904,CL:0000905,CL:0002677,CL:0002678,CL:4033038	ENSG00000169083	5307	1350506	95	0.007034	1.606305	0.001073
ureter	luminal_mammary_epithelial_cell	CL:0002326,CL:4033057,CL:4033058	ENSG00000169083	5307	0	0	0.000000	0.000000	0.000000
ureter	urothelial_cell	CL:0000731,CL:1001428,CL:1000486,CL:1000703,CL:4030055,CL:4030056	ENSG00000169083	5307	24813	2227	8.975134	0.608105	0.118918
ureter	cd4_tcell	CL:0000624,CL:0000492,CL:0000896,CL:0000792,CL:0000895,CL:0000897,CL:0000934,CL:0001043,CL:0001044,CL:0000545,CL:0000546,CL:0000899,CL:0001042,CL:0002038,CL:0000903,CL:0000904,CL:0000905,CL:0002677,CL:0002678,CL:4033038	ENSG00000169083	5307	0	0	0.000000	0.000000	0.000000
breast	luminal_mammary_epithelial_cell	CL:0002326,CL:4033057,CL:4033058	ENSG00000082175	13007	661862	23374	3.531552	1.705885	0.189533
breast	urothelial_cell	CL:0000731,CL:1001428,CL:1000486,CL:1000703,CL:4030055,CL:4030056	ENSG00000082175	13007	0	0	0.000000	0.000000	0.000000
breast	cd4_tcell	CL:0000624,CL:0000492,CL:0000896,CL:0000792,CL:0000895,CL:0000897,CL:0000934,CL:0001043,CL:0001044,CL:0000545,CL:0000546,CL:0000899,CL:0001042,CL:0002038,CL:0000903,CL:0000904,CL:0000905,CL:0002677,CL:0002678,CL:4033038	ENSG00000082175	13007	44645	24	0.053757	1.687502	0.007277
blood	luminal_mammary_epithelial_cell	CL:0002326,CL:4033057,CL:4033058	ENSG00000082175	13007	0	0	0.000000	0.000000	0.000000
blood	urothelial_cell	CL:0000731,CL:1001428,CL:1000486,CL:1000703,CL:4030055,CL:4030056	ENSG00000082175	13007	0	0	0.000000	0.000000	0.000000
blood	cd4_tcell	CL:0000624,CL:0000492,CL:0000896,CL:0000792,CL:0000895,CL:0000897,CL:0000934,CL:0001043,CL:0001044,CL:0000545,CL:0000546,CL:0000899,CL:0001042,CL:0002038,CL:0000903,CL:0000904,CL:0000905,CL:0002677,CL:0002678,CL:4033038	ENSG00000082175	13007	1350506	0	0.000000	0.000000	0.000154
ureter	luminal_mammary_epithelial_cell	CL:0002326,CL:4033057,CL:4033058	ENSG00000082175	13007	0	0	0.000000	0.000000	0.000000
ureter	urothelial_cell	CL:0000731,CL:1001428,CL:1000486,CL:1000703,CL:4030055,CL:4030056	ENSG00000082175	13007	24813	2	0.008060	1.221573	0.000223
ureter	cd4_tcell	CL:0000624,CL:0000492,CL:0000896,CL:0000792,CL:0000895,CL:0000897,CL:0000934,CL:0001043,CL:0001044,CL:0000545,CL:0000546,CL:0000899,CL:0001042,CL:0002038,CL:0000903,CL:0000904,CL:0000905,CL:0002677,CL:0002678,CL:4033038	ENSG00000082175	13007	0	0	0.000000	0.000000	0.000000
breast	luminal_mammary_epithelial_cell	CL:0002326,CL:4033057,CL:4033058	ENSG00000106004	4644	661862	16218	2.450360	0.927495	0.039635
breast	urothelial_cell	CL:0000731,CL:1001428,CL:1000486,CL:1000703,CL:4030055,CL:4030056	ENSG00000106004	4644	0	0	0.000000	0.000000	0.000000
breast	cd4_tcell	CL:0000624,CL:0000492,CL:0000896,CL:0000792,CL:0000895,CL:0000897,CL:0000934,CL:0001043,CL:0001044,CL:0000545,CL:0000546,CL:0000899,CL:0001042,CL:0002038,CL:0000903,CL:0000904,CL:0000905,CL:0002677,CL:0002678,CL:4033038	ENSG00000106004	4644	44645	99	0.221749	1.665550	0.033480
blood	luminal_mammary_epithelial_cell	CL:0002326,CL:4033057,CL:4033058	ENSG00000106004	4644	0	0	0.000000	0.000000	0.000000
blood	urothelial_cell	CL:0000731,CL:1001428,CL:1000486,CL:1000703,CL:4030055,CL:4030056	ENSG00000106004	4644	0	0	0.000000	0.000000	0.000000
blood	cd4_tcell	CL:0000624,CL:0000492,CL:0000896,CL:0000792,CL:0000895,CL:0000897,CL:0000934,CL:0001043,CL:0001044,CL:0000545,CL:0000546,CL:0000899,CL:0001042,CL:0002038,CL:0000903,CL:0000904,CL:0000905,CL:0002677,CL:0002678,CL:4033038	ENSG00000106004	4644	1350506	2	0.000148	1.888951	0.000307
ureter	luminal_mammary_epithelial_cell	CL:0002326,CL:4033057,CL:4033058	ENSG00000106004	4644	0	0	0.000000	0.000000	0.000000
ureter	urothelial_cell	CL:0000731,CL:1001428,CL:1000486,CL:1000703,CL:4030055,CL:4030056	ENSG00000106004	4644	24813	1099	4.429130	0.618851	0.075699
ureter	cd4_tcell	CL:0000624,CL:0000492,CL:0000896,CL:0000792,CL:0000895,CL:0000897,CL:0000934,CL:0001043,CL:0001044,CL:0000545,CL:0000546,CL:0000899,CL:0001042,CL:0002038,CL:0000903,CL:0000904,CL:0000905,CL:0002677,CL:0002678,CL:4033038	ENSG00000106004	4644	0	0	0.000000	0.000000	0.000000
breast	luminal_mammary_epithelial_cell	CL:0002326,CL:4033057,CL:4033058	ENSG00000049768	12799	661862	117	0.017677	1.141609	0.004121
breast	urothelial_cell	CL:0000731,CL:1001428,CL:1000486,CL:1000703,CL:4030055,CL:4030056	ENSG00000049768	12799	0	0	0.000000	0.000000	0.000000
breast	cd4_tcell	CL:0000624,CL:0000492,CL:0000896,CL:0000792,CL:0000895,CL:0000897,CL:0000934,CL:0001043,CL:0001044,CL:0000545,CL:0000546,CL:0000899,CL:0001042,CL:0002038,CL:0000903,CL:0000904,CL:0000905,CL:0002677,CL:0002678,CL:4033038	ENSG00000049768	12799	44645	40	0.089596	1.942434	0.010382
blood	luminal_mammary_epithelial_cell	CL:0002326,CL:4033057,CL:4033058	ENSG00000049768	12799	0	0	0.000000	0.000000	0.000000
blood	urothelial_cell	CL:0000731,CL:1001428,CL:1000486,CL:1000703,CL:4030055,CL:4030056	ENSG00000049768	12799	0	0	0.000000	0.000000	0.000000
blood	cd4_tcell	CL:0000624,CL:0000492,CL:0000896,CL:0000792,CL:0000895,CL:0000897,CL:0000934,CL:0001043,CL:0001044,CL:0000545,CL:0000546,CL:0000899,CL:0001042,CL:0002038,CL:0000903,CL:0000904,CL:0000905,CL:0002677,CL:0002678,CL:4033038	ENSG00000049768	12799	1350506	4043	0.299369	1.850079	0.048636
ureter	luminal_mammary_epithelial_cell	CL:0002326,CL:4033057,CL:4033058	ENSG00000049768	12799	0	0	0.000000	0.000000	0.000000
ureter	urothelial_cell	CL:0000731,CL:1001428,CL:1000486,CL:1000703,CL:4030055,CL:4030056	ENSG00000049768	12799	24813	7	0.028211	1.688007	0.001209
ureter	cd4_tcell	CL:0000624,CL:0000492,CL:0000896,CL:0000792,CL:0000895,CL:0000897,CL:0000934,CL:0001043,CL:0001044,CL:0000545,CL:0000546,CL:0000899,CL:0001042,CL:0002038,CL:0000903,CL:0000904,CL:0000905,CL:0002677,CL:0002678,CL:4033038	ENSG00000049768	12799	0	0	0.000000	0.000000	0.000000
breast	luminal_mammary_epithelial_cell	CL:0002326,CL:4033057,CL:4033058	ENSG00000082014	5106	661862	8840	1.335626	1.346189	0.079404
breast	urothelial_cell	CL:0000731,CL:1001428,CL:1000486,CL:1000703,CL:4030055,CL:4030056	ENSG00000082014	5106	0	0	0.000000	0.000000	0.000000
breast	cd4_tcell	CL:0000624,CL:0000492,CL:0000896,CL:0000792,CL:0000895,CL:0000897,CL:0000934,CL:0001043,CL:0001044,CL:0000545,CL:0000546,CL:0000899,CL:0001042,CL:0002038,CL:0000903,CL:0000904,CL:0000905,CL:0002677,CL:0002678,CL:4033038	ENSG00000082014	5106	44645	95	0.212790	1.520267	0.030134
blood	luminal_mammary_epithelial_cell	CL:0002326,CL:4033057,CL:4033058	ENSG00000082014	5106	0	0	0.000000	0.000000	0.000000
blood	urothelial_cell	CL:0000731,CL:1001428,CL:1000486,CL:1000703,CL:4030055,CL:4030056	ENSG00000082014	5106	0	0	0.000000	0.000000	0.000000
blood	cd4_tcell	CL:0000624,CL:0000492,CL:0000896,CL:0000792,CL:0000895,CL:0000897,CL:0000934,CL:0001043,CL:0001044,CL:0000545,CL:0000546,CL:0000899,CL:0001042,CL:0002038,CL:0000903,CL:0000904,CL:0000905,CL:0002677,CL:0002678,CL:4033038	ENSG00000082014	5106	1350506	664	0.049167	1.695230	0.020650
ureter	luminal_mammary_epithelial_cell	CL:0002326,CL:4033057,CL:4033058	ENSG00000082014	5106	0	0	0.000000	0.000000	0.000000
ureter	urothelial_cell	CL:0000731,CL:1001428,CL:1000486,CL:1000703,CL:4030055,CL:4030056	ENSG00000082014	5106	24813	259	1.043808	0.544310	0.037221
ureter	cd4_tcell	CL:0000624,CL:0000492,CL:0000896,CL:0000792,CL:0000895,CL:0000897,CL:0000934,CL:0001043,CL:0001044,CL:0000545,CL:0000546,CL:0000899,CL:0001042,CL:0002038,CL:0000903,CL:0000904,CL:0000905,CL:0002677,CL:0002678,CL:4033038	ENSG00000082014	5106	0	0	0.000000	0.000000	0.000000
breast	luminal_mammary_epithelial_cell	CL:0002326,CL:4033057,CL:4033058	ENSG00000137818	9230	661862	632113	95.505256	3.644165	3.040654
breast	urothelial_cell	CL:0000731,CL:1001428,CL:1000486,CL:1000703,CL:4030055,CL:4030056	ENSG00000137818	9230	0	0	0.000000	0.000000	0.000000
breast	cd4_tcell	CL:0000624,CL:0000492,CL:0000896,CL:0000792,CL:0000895,CL:0000897,CL:0000934,CL:0001043,CL:0001044,CL:0000545,CL:0000546,CL:0000899,CL:0001042,CL:0002038,CL:0000903,CL:0000904,CL:0000905,CL:0002677,CL:0002678,CL:4033038	ENSG00000137818	9230	44645	44536	99.755852	4.457187	4.447319
blood	luminal_mammary_epithelial_cell	CL:0002326,CL:4033057,CL:4033058	ENSG00000137818	9230	0	0	0.000000	0.000000	0.000000
blood	urothelial_cell	CL:0000731,CL:1001428,CL:1000486,CL:1000703,CL:4030055,CL:4030056	ENSG00000137818	9230	0	0	0.000000	0.000000	0.000000
blood	cd4_tcell	CL:0000624,CL:0000492,CL:0000896,CL:0000792,CL:0000895,CL:0000897,CL:0000934,CL:0001043,CL:0001044,CL:0000545,CL:0000546,CL:0000899,CL:0001042,CL:0002038,CL:0000903,CL:0000904,CL:0000905,CL:0002677,CL:0002678,CL:4033038	ENSG00000137818	9230	1350506	1340242	99.239989	4.541165	4.334438
ureter	luminal_mammary_epithelial_cell	CL:0002326,CL:4033057,CL:4033058	ENSG00000137818	9230	0	0	0.000000	0.000000	0.000000
ureter	urothelial_cell	CL:0000731,CL:1001428,CL:1000486,CL:1000703,CL:4030055,CL:4030056	ENSG00000137818	9230	24813	24562	98.988433	4.280969	4.253202
ureter	cd4_tcell	CL:0000624,CL:0000492,CL:0000896,CL:0000792,CL:0000895,CL:0000897,CL:0000934,CL:0001043,CL:0001044,CL:0000545,CL:0000546,CL:0000899,CL:0001042,CL:0002038,CL:0000903,CL:0000904,CL:0000905,CL:0002677,CL:0002678,CL:4033038	ENSG00000137818	9230	0	0	0.000000	0.000000	0.000000
breast	luminal_mammary_epithelial_cell	CL:0002326,CL:4033057,CL:4033058	ENSG00000131469	10368	661862	579612	87.572938	2.343287	1.696794
breast	urothelial_cell	CL:0000731,CL:1001428,CL:1000486,CL:1000703,CL:4030055,CL:4030056	ENSG00000131469	10368	0	0	0.000000	0.000000	0.000000
breast	cd4_tcell	CL:0000624,CL:0000492,CL:0000896,CL:0000792,CL:0000895,CL:0000897,CL:0000934,CL:0001043,CL:0001044,CL:0000545,CL:0000546,CL:0000899,CL:0001042,CL:0002038,CL:0000903,CL:0000904,CL:0000905,CL:0002677,CL:0002678,CL:4033038	ENSG00000131469	10368	44645	39511	88.500392	2.878600	2.676370
blood	luminal_mammary_epithelial_cell	CL:0002326,CL:4033057,CL:4033058	ENSG00000131469	10368	0	0	0.000000	0.000000	0.000000
blood	urothelial_cell	CL:0000731,CL:1001428,CL:1000486,CL:1000703,CL:4030055,CL:4030056	ENSG00000131469	10368	0	0	0.000000	0.000000	0.000000
blood	cd4_tcell	CL:0000624,CL:0000492,CL:0000896,CL:0000792,CL:0000895,CL:0000897,CL:0000934,CL:0001043,CL:0001044,CL:0000545,CL:0000546,CL:0000899,CL:0001042,CL:0002038,CL:0000903,CL:0000904,CL:0000905,CL:0002677,CL:0002678,CL:4033038	ENSG00000131469	10368	1350506	1297742	96.093020	2.982273	2.713196
ureter	luminal_mammary_epithelial_cell	CL:0002326,CL:4033057,CL:4033058	ENSG00000131469	10368	0	0	0.000000	0.000000	0.000000
ureter	urothelial_cell	CL:0000731,CL:1001428,CL:1000486,CL:1000703,CL:4030055,CL:4030056	ENSG00000131469	10368	24813	23337	94.051505	2.580022	2.490166
ureter	cd4_tcell	CL:0000624,CL:0000492,CL:0000896,CL:0000792,CL:0000895,CL:0000897,CL:0000934,CL:0001043,CL:0001044,CL:0000545,CL:0000546,CL:0000899,CL:0001042,CL:0002038,CL:0000903,CL:0000904,CL:0000905,CL:0002677,CL:0002678,CL:4033038	ENSG00000131469	10368	0	0	0.000000	0.000000	0.000000
breast	luminal_mammary_epithelial_cell	CL:0002326,CL:4033057,CL:4033058	ENSG00000075624	4578	661862	603366	91.161904	3.015732	2.286140
breast	urothelial_cell	CL:0000731,CL:1001428,CL:1000486,CL:1000703,CL:4030055,CL:4030056	ENSG00000075624	4578	0	0	0.000000	0.000000	0.000000
breast	cd4_tcell	CL:0000624,CL:0000492,CL:0000896,CL:0000792,CL:0000895,CL:0000897,CL:0000934,CL:0001043,CL:0001044,CL:0000545,CL:0000546,CL:0000899,CL:0001042,CL:0002038,CL:0000903,CL:0000904,CL:0000905,CL:0002677,CL:0002678,CL:4033038	ENSG00000075624	4578	44645	30465	68.238325	2.884120	2.373683
blood	luminal_mammary_epithelial_cell	CL:0002326,CL:4033057,CL:4033058	ENSG00000075624	4578	0	0	0.000000	0.000000	0.000000
blood	urothelial_cell	CL:0000731,CL:1001428,CL:1000486,CL:1000703,CL:4030055,CL:4030056	ENSG00000075624	4578	0	0	0.000000	0.000000	0.000000
blood	cd4_tcell	CL:0000624,CL:0000492,CL:0000896,CL:0000792,CL:0000895,CL:0000897,CL:0000934,CL:0001043,CL:0001044,CL:0000545,CL:0000546,CL:0000899,CL:0001042,CL:0002038,CL:0000903,CL:0000904,CL:0000905,CL:0002677,CL:0002678,CL:4033038	ENSG00000075624	4578	1350506	1276000	94.483105	3.489614	3.344594
ureter	luminal_mammary_epithelial_cell	CL:0002326,CL:4033057,CL:4033058	ENSG00000075624	4578	0	0	0.000000	0.000000	0.000000
ureter	urothelial_cell	CL:0000731,CL:1001428,CL:1000486,CL:1000703,CL:4030055,CL:4030056	ENSG00000075624	4578	24813	24028	96.836336	2.315629	2.271513
ureter	cd4_tcell	CL:0000624,CL:0000492,CL:0000896,CL:0000792,CL:0000895,CL:0000897,CL:0000934,CL:0001043,CL:0001044,CL:0000545,CL:0000546,CL:0000899,CL:0001042,CL:0002038,CL:0000903,CL:0000904,CL:0000905,CL:0002677,CL:0002678,CL:4033038	ENSG00000075624	4578	0	0	0.000000	0.000000	0.000000
breast	luminal_mammary_epithelial_cell	CL:0002326,CL:4033057,CL:4033058	ENSG00000111640	7722	661862	572841	86.549915	2.545366	1.725723
breast	urothelial_cell	CL:0000731,CL:1001428,CL:1000486,CL:1000703,CL:4030055,CL:4030056	ENSG00000111640	7722	0	0	0.000000	0.000000	0.000000
breast	cd4_tcell	CL:0000624,CL:0000492,CL:0000896,CL:0000792,CL:0000895,CL:0000897,CL:0000934,CL:0001043,CL:0001044,CL:0000545,CL:0000546,CL:0000899,CL:0001042,CL:0002038,CL:0000903,CL:0000904,CL:0000905,CL:0002677,CL:0002678,CL:4033038	ENSG00000111640	7722	44645	28160	63.075372	2.886120	2.380558
blood	luminal_mammary_epithelial_cell	CL:0002326,CL:4033057,CL:4033058	ENSG00000111640	7722	0	0	0.000000	0.000000	0.000000
blood	urothelial_cell	CL:0000731,CL:1001428,CL:1000486,CL:1000703,CL:4030055,CL:4030056	ENSG00000111640	7722	0	0	0.000000	0.000000	0.000000
blood	cd4_tcell	CL:0000624,CL:0000492,CL:0000896,CL:0000792,CL:0000895,CL:0000897,CL:0000934,CL:0001043,CL:0001044,CL:0000545,CL:0000546,CL:0000899,CL:0001042,CL:0002038,CL:0000903,CL:0000904,CL:0000905,CL:0002677,CL:0002678,CL:4033038	ENSG00000111640	7722	1350506	873749	64.697898	2.521344	1.987833
ureter	luminal_mammary_epithelial_cell	CL:0002326,CL:4033057,CL:4033058	ENSG00000111640	7722	0	0	0.000000	0.000000	0.000000
ureter	urothelial_cell	CL:0000731,CL:1001428,CL:1000486,CL:1000703,CL:4030055,CL:4030056	ENSG00000111640	7722	24813	23983	96.654979	2.544067	2.488833
ureter	cd4_tcell	CL:0000624,CL:0000492,CL:0000896,CL:0000792,CL:0000895,CL:0000897,CL:0000934,CL:0001043,CL:0001044,CL:0000545,CL:0000546,CL:0000899,CL:0001042,CL:0002038,CL:0000903,CL:0000904,CL:0000905,CL:0002677,CL:0002678,CL:4033038	ENSG00000111640	7722	0	0	0.000000	0.000000	0.000000
