,,,,,,,,Two color points Chart 1:,,,,,,,,,,,,,,,FDR cut-off,
ID,Uniprot Accession,Description,gene_name,-Log Student's T-test p-value,Student's T-test Difference,FDR Significant ,significant or not,Significant,Not significant,MS/MS count 957,MS/MS count 958,MS/MS count 959,MS/MS count 960,MS/MS count 961,MS/MS count 962,LFQ intensity 957,LFQ intensity 958,LFQ intensity 959,LFQ intensity 960,LFQ intensity 961,LFQ intensity 962,,x,y
923,P20839,Inosine-5-monophosphate dehydrogenase 1,IMPDH1,2.851,-7.951,+,Significant,-7.951,#N/A,0,0,0,30,36,25,20.788,20.412,23.322,28.698,30.187,29.491,,30.0,1.0
791,P12268,Inosine-5-monophosphate dehydrogenase 2,IMPDH2,5.409,-6.267,+,Significant,-6.267,#N/A,24,23,25,93,124,96,25.427,25.417,25.109,31.401,31.869,31.484,,30.0,1.0
713,P09110,"3-ketoacyl-CoA thiolase, peroxisomal",ACAA1,2.863,-5.290,+,Significant,-5.290,#N/A,4,1,3,20,18,15,22.057,20.689,22.703,27.201,27.579,26.539,,30.0,1.0
3597,Q9NUI1,"Peroxisomal 2,4-dienoyl-CoA reductase",DECR2,4.034,-4.649,+,Significant,-4.649,#N/A,3,1,5,13,14,11,21.822,21.399,21.940,26.020,26.836,26.251,,30.0,1.0
1792,Q08426,"Peroxisomal bifunctional enzyme;Enoyl-CoA hydratase/3,2-trans-enoyl-CoA isomerase;3-hydroxyacyl-CoA dehydrogenase",EHHADH,2.973,-4.568,+,Significant,-4.568,#N/A,6,3,7,41,47,25,22.588,21.394,22.034,26.722,27.206,25.793,,30.0,1.0
4062,Q9Y5J9,Mitochondrial import inner membrane translocase subunit Tim8 B,TIMM8B,1.796,-4.288,+,Significant,-4.288,#N/A,1,2,1,1,2,2,19.629,23.104,20.260,25.236,25.318,25.303,,30.0,1.0
601,P01023,Alpha-2-macroglobulin,A2M,5.770,-4.278,+,Significant,-4.278,#N/A,0,0,0,5,4,4,20.175,20.384,20.156,24.648,24.462,24.438,,29.9,1.0
3520,Q9NPA3,Mid1-interacting protein 1,MID1IP1,4.829,-4.276,+,Significant,-4.276,#N/A,0,0,0,11,12,4,19.650,20.142,20.137,24.301,24.300,24.157,,29.9,1.0
2410,Q6UB35,"Monofunctional C1-tetrahydrofolate synthase, mitochondrial",MTHFD1L,3.034,-4.224,+,Significant,-4.224,#N/A,1,0,1,13,13,14,20.390,21.132,21.938,25.730,25.219,25.182,,29.9,1.0
596,P00738;P00739,Haptoglobin;Haptoglobin alpha chain;Haptoglobin beta chain;Haptoglobin-related protein,HP;HPR,3.232,-3.807,+,Significant,-3.807,#N/A,0,0,0,0,1,2,19.660,20.652,19.574,23.442,23.859,24.005,,29.9,1.0
3354,Q9H0F6,Sharpin,SHARPIN,2.782,-3.708,+,Significant,-3.708,#N/A,0,1,0,0,1,0,21.378,19.684,20.412,24.251,24.174,24.170,,29.9,1.0
1108,P34896,"Serine hydroxymethyltransferase, cytosolic",SHMT1,3.649,-3.665,+,Significant,-3.665,#N/A,9,5,5,23,23,26,23.189,22.835,23.112,26.709,26.246,27.177,,29.9,1.0
1448,P54886,Delta-1-pyrroline-5-carboxylate synthase;Glutamate 5-kinase;Gamma-glutamyl phosphate reductase,ALDH18A1,3.450,-3.647,+,Significant,-3.647,#N/A,39,34,42,94,101,112,26.391,26.186,26.723,29.561,30.145,30.537,,29.9,1.0
2294,Q5TZA2,Rootletin,CROCC,3.016,-3.609,+,Significant,-3.609,#N/A,0,2,3,32,21,40,22.208,22.381,22.231,25.369,25.581,26.696,,29.9,1.0
2438,Q709F0,Acyl-CoA dehydrogenase family member 11,ACAD11,2.332,-3.606,+,Significant,-3.606,#N/A,1,1,0,9,12,7,20.469,19.537,21.426,24.378,24.425,23.447,,29.9,1.0
942,P22307,Non-specific lipid-transfer protein,SCP2,3.187,-3.519,+,Significant,-3.519,#N/A,6,7,8,31,32,24,23.487,23.774,23.211,27.095,27.528,26.404,,29.9,1.0
796,P12694,"2-oxoisovalerate dehydrogenase subunit alpha, mitochondrial",BCKDHA,3.813,-3.499,+,Significant,-3.499,#N/A,3,2,1,13,13,11,21.356,21.632,20.893,24.863,24.972,24.542,,29.8,1.0
770,P11182,"Lipoamide acyltransferase component of branched-chain alpha-keto acid dehydrogenase complex, mitochondrial",DBT,4.014,-3.441,+,Significant,-3.441,#N/A,6,8,7,19,13,19,22.809,22.717,23.338,26.194,26.454,26.539,,29.8,1.0
2596,Q8IXT5,RNA-binding protein 12B,RBM12B,4.147,-3.434,+,Significant,-3.434,#N/A,1,0,0,4,4,3,19.402,19.155,19.777,22.757,22.822,23.058,,29.8,1.0
184,O14734,Acyl-coenzyme A thioesterase 8,ACOT8,3.728,-3.432,+,Significant,-3.432,#N/A,4,2,2,10,11,5,22.313,21.942,22.439,25.816,25.929,25.245,,29.8,1.0
552,O95613,Pericentrin,PCNT,3.037,-3.416,+,Significant,-3.416,#N/A,0,0,1,7,5,9,20.579,20.160,19.618,23.107,23.461,24.035,,29.8,1.0
1388,P51659,Peroxisomal multifunctional enzyme type 2;(3R)-hydroxyacyl-CoA dehydrogenase;Enoyl-CoA hydratase 2,HSD17B4,3.269,-3.400,+,Significant,-3.400,#N/A,38,31,33,97,85,74,25.249,25.106,25.373,28.801,29.114,28.014,,29.8,1.0
431,O75521,"Enoyl-CoA delta isomerase 2, mitochondrial",ECI2,3.204,-3.382,+,Significant,-3.382,#N/A,6,3,4,18,18,16,22.167,22.474,22.699,25.956,26.294,25.237,,29.8,1.0
2066,Q15067,Peroxisomal acyl-coenzyme A oxidase 1,ACOX1,3.029,-3.381,+,Significant,-3.381,#N/A,13,7,8,33,47,25,23.223,23.417,23.248,26.563,27.386,26.081,,29.8,1.0
477,O76031,"ATP-dependent Clp protease ATP-binding subunit clpX-like, mitochondrial",CLPX,3.310,-3.312,+,Significant,-3.312,#N/A,3,2,4,17,14,15,21.230,21.229,22.050,24.708,25.140,24.598,,29.8,1.0
2540,Q86WA8,"Lon protease homolog 2, peroxisomal",LONP2,3.093,-3.244,+,Significant,-3.244,#N/A,0,0,0,12,16,8,21.284,21.741,20.652,24.147,24.691,24.570,,29.8,1.0
3861,Q9UKU7,"Isobutyryl-CoA dehydrogenase, mitochondrial",ACAD8,2.712,-3.228,+,Significant,-3.228,#N/A,0,1,0,0,2,3,21.164,21.126,20.446,23.388,24.414,24.618,,29.7,1.0
192,O14832,"Phytanoyl-CoA dioxygenase, peroxisomal",PHYH,2.808,-3.103,+,Significant,-3.103,#N/A,0,0,0,4,5,6,21.122,20.229,20.976,23.876,24.392,23.369,,29.7,1.0
1110,P34913,Bifunctional epoxide hydrolase 2;Cytosolic epoxide hydrolase 2;Lipid-phosphate phosphatase,EPHX2,1.916,-2.968,+,Significant,-2.968,#N/A,0,0,0,3,4,1,20.486,20.153,22.158,24.126,24.235,23.339,,29.7,1.0
2917,Q96B96,Promethin,TMEM159,2.803,-2.902,+,Significant,-2.902,#N/A,0,0,0,2,1,2,20.525,19.299,19.773,22.539,22.776,22.987,,29.7,1.0
2159,Q16637,Survival motor neuron protein,SMN1,1.269,-2.867,+,Significant,-2.867,#N/A,1,0,1,5,0,2,23.204,19.756,20.833,24.712,23.783,23.899,,29.7,1.0
1094,P32322,"Pyrroline-5-carboxylate reductase 1, mitochondrial",PYCR1,3.696,-2.856,+,Significant,-2.856,#N/A,28,19,22,45,43,52,25.489,25.492,25.699,28.018,28.510,28.721,,29.7,1.0
2925,Q96C36,Pyrroline-5-carboxylate reductase 2,PYCR2,2.979,-2.855,+,Significant,-2.855,#N/A,13,8,8,22,24,24,23.099,23.536,23.515,25.654,26.383,26.677,,29.7,1.0
3465,Q9H9J2,"39S ribosomal protein L44, mitochondrial",MRPL44,4.001,-2.778,+,Significant,-2.778,#N/A,0,0,0,1,1,2,20.343,20.301,19.940,23.071,23.122,22.725,,29.7,1.0
2189,Q2T9J0,"Peroxisomal leader peptide-processing protease;Peroxisomal leader peptide-processing protease, 15 kDa form;Peroxisomal leader peptide-processing protease, 45 kDa form",TYSND1,1.890,-2.733,+,Significant,-2.733,#N/A,0,0,0,6,6,4,20.865,19.407,21.123,23.248,23.779,22.566,,29.7,1.0
3833,Q9UJ83,2-hydroxyacyl-CoA lyase 1,HACL1,2.321,-2.712,+,Significant,-2.712,#N/A,0,0,0,2,7,0,20.241,19.687,20.237,22.889,23.463,21.948,,29.7,1.0
642,P05165,"Propionyl-CoA carboxylase alpha chain, mitochondrial",PCCA,2.152,-2.701,+,Significant,-2.701,#N/A,3,1,1,8,13,10,20.711,21.244,19.638,22.749,23.435,23.512,,29.6,1.0
1922,Q13595,Transformer-2 protein homolog alpha,TRA2A,2.711,-2.663,+,Significant,-2.663,#N/A,1,2,1,2,2,1,19.860,19.541,20.579,23.050,22.555,22.366,,29.6,1.0
3491,Q9HCC0,"Methylcrotonoyl-CoA carboxylase beta chain, mitochondrial",MCCC2,4.019,-2.625,+,Significant,-2.625,#N/A,8,6,10,24,18,18,23.419,23.656,23.940,26.260,26.437,26.196,,29.6,1.0
3344,Q9H078,Caseinolytic peptidase B protein homolog,CLPB,2.520,-2.563,+,Significant,-2.563,#N/A,1,6,3,10,7,9,20.866,22.157,21.386,24.220,24.110,23.767,,29.6,1.0
3235,Q9BTZ2,Dehydrogenase/reductase SDR family member 4,DHRS4,3.287,-2.556,+,Significant,-2.556,#N/A,0,0,0,3,3,2,20.829,20.394,20.967,23.112,23.649,23.100,,29.6,1.0
2425,Q6YN16,Hydroxysteroid dehydrogenase-like protein 2,HSDL2,2.268,-2.547,+,Significant,-2.547,#N/A,5,6,4,9,8,7,24.053,24.338,22.951,26.348,26.652,25.985,,29.6,1.0
3963,Q9Y2Q3,Glutathione S-transferase kappa 1,GSTK1,3.122,-2.534,+,Significant,-2.534,#N/A,8,3,5,15,13,11,23.728,23.270,23.246,25.894,26.362,25.591,,29.6,1.0
1148,P35914,"Hydroxymethylglutaryl-CoA lyase, mitochondrial",HMGCL,4.011,-2.514,+,Significant,-2.514,#N/A,5,3,3,5,7,7,21.705,21.697,21.658,24.246,24.452,23.903,,29.6,1.0
2689,Q8ND56,Protein LSM14 homolog A,LSM14A,1.344,-2.409,+,Significant,-2.409,#N/A,3,2,1,5,3,6,22.794,22.863,20.362,24.497,24.104,24.647,,29.6,1.0
1066,P30622,CAP-Gly domain-containing linker protein 1,CLIP1,1.700,-2.391,+,Significant,-2.391,#N/A,1,0,1,5,3,3,21.257,21.577,19.603,23.485,23.260,22.866,,29.6,1.0
2024,Q14764,Major vault protein,MVP,2.112,-2.374,+,Significant,-2.374,#N/A,0,0,0,7,9,8,19.792,20.507,21.446,22.966,22.968,22.931,,29.5,1.0
4056,Q9Y597,BTB/POZ domain-containing protein KCTD3,KCTD3,1.475,-2.288,+,Significant,-2.288,#N/A,0,0,0,3,6,4,21.063,21.930,19.522,22.872,23.130,23.377,,29.5,1.0
1822,Q12849,G-rich sequence factor 1,GRSF1,2.847,-2.285,+,Significant,-2.285,#N/A,5,3,3,10,14,6,22.255,22.637,22.300,24.620,25.170,24.258,,29.5,1.0
3298,Q9BY49,Peroxisomal trans-2-enoyl-CoA reductase,PECR,2.438,-2.245,+,Significant,-2.245,#N/A,0,0,1,5,6,2,20.901,20.834,20.367,22.812,23.568,22.458,,29.5,1.0
510,O95159,Zinc finger protein-like 1,ZFPL1,1.581,-2.219,+,Significant,-2.219,#N/A,1,0,1,2,2,0,20.049,19.702,19.887,22.403,23.018,20.875,,29.5,1.0
3986,Q9Y315,Deoxyribose-phosphate aldolase,DERA,2.092,-2.206,+,Significant,-2.206,#N/A,8,6,10,12,12,18,24.281,23.960,24.354,25.836,26.119,27.257,,29.5,1.0
684,P07902,Galactose-1-phosphate uridylyltransferase,GALT,3.122,-2.172,+,Significant,-2.172,#N/A,0,0,0,2,1,3,20.312,20.580,20.265,22.237,22.475,22.961,,29.5,1.0
2789,Q8WVK2,U4/U6.U5 small nuclear ribonucleoprotein 27 kDa protein,SNRNP27,3.354,-2.171,+,Significant,-2.171,#N/A,1,0,1,2,2,1,19.743,19.867,20.237,22.043,22.393,21.925,,29.5,1.0
4045,Q9Y4W6,AFG3-like protein 2,AFG3L2,1.669,-2.136,+,Significant,-2.136,#N/A,3,1,0,2,4,4,19.284,21.233,20.655,22.404,22.520,22.656,,29.5,1.0
614,P04040,Catalase,CAT,2.347,-2.086,+,Significant,-2.086,#N/A,14,11,14,23,27,16,25.249,25.185,25.381,27.319,27.996,26.759,,29.5,1.0
3053,Q96MU7,YTH domain-containing protein 1,YTHDC1,1.689,-2.083,+,Significant,-2.083,#N/A,0,0,0,0,1,0,20.602,20.094,19.035,22.047,22.512,21.419,,29.4,1.0
440,O75607,Nucleoplasmin-3,NPM3,2.260,-2.070,+,Significant,-2.070,#N/A,2,0,1,3,2,1,20.226,20.553,20.058,21.654,22.615,22.779,,29.4,1.0
3492,Q9HCD5,Nuclear receptor coactivator 5,NCOA5,2.202,-2.030,+,Significant,-2.030,#N/A,1,0,1,2,1,8,21.108,21.636,20.960,22.870,23.009,23.914,,29.4,1.0
2201,Q3SY69,Mitochondrial 10-formyltetrahydrofolate dehydrogenase,ALDH1L2,3.743,-2.014,+,Significant,-2.014,#N/A,2,4,5,13,17,11,21.623,21.268,21.759,23.555,23.628,23.507,,29.4,1.0
2612,Q8IZ83,Aldehyde dehydrogenase family 16 member A1,ALDH16A1,3.775,-2.011,+,Significant,-2.011,#N/A,10,7,11,14,17,16,23.800,23.953,24.008,25.677,25.987,26.130,,29.4,1.0
3010,Q96IJ6,Mannose-1-phosphate guanyltransferase alpha,GMPPA,2.341,-1.988,+,Significant,-1.988,#N/A,2,1,2,4,4,2,20.173,21.312,20.892,22.890,22.865,22.586,,29.4,1.0
3274,Q9BW92,"Threonine--tRNA ligase, mitochondrial",TARS2,1.369,-1.986,+,Significant,-1.986,#N/A,1,0,4,6,2,2,20.072,19.804,21.915,22.836,22.375,22.536,,29.4,1.0
193,O14874,"[3-methyl-2-oxobutanoate dehydrogenase [lipoamide]] kinase, mitochondrial",BCKDK,4.180,-1.969,+,Significant,-1.969,#N/A,3,3,6,6,4,6,22.913,23.257,23.112,25.119,25.118,24.951,,29.4,1.0
2386,Q6P587,"Acylpyruvase FAHD1, mitochondrial",FAHD1,3.206,-1.951,+,Significant,-1.951,#N/A,2,2,1,1,1,1,20.317,20.753,20.888,22.641,22.758,22.411,,29.4,1.0
3896,Q9UN81,LINE-1 retrotransposable element ORF1 protein,L1RE1,2.527,-1.945,+,Significant,-1.945,#N/A,2,0,1,1,1,3,19.874,20.751,20.208,22.434,21.909,22.326,,29.4,1.0
1789,Q08378,Golgin subfamily A member 3,GOLGA3,1.905,-1.907,+,Significant,-1.907,#N/A,11,3,9,13,17,21,22.499,21.467,22.775,23.984,23.944,24.535,,29.3,1.0
2455,Q7L2E3,Putative ATP-dependent RNA helicase DHX30,DHX30,3.673,-1.901,+,Significant,-1.901,#N/A,11,3,4,15,14,10,23.709,23.478,23.847,25.598,25.744,25.394,,29.3,1.0
643,P05166,"Propionyl-CoA carboxylase beta chain, mitochondrial",PCCB,3.608,-1.846,+,Significant,-1.846,#N/A,3,2,5,6,7,6,21.617,21.656,21.886,23.322,23.721,23.656,,29.3,1.0
2303,Q5VU43,Myomegalin,PDE4DIP,1.951,-1.838,+,Significant,-1.838,#N/A,0,0,0,1,1,2,19.669,20.256,20.800,22.578,21.890,21.771,,29.3,1.0
2166,Q16740,"ATP-dependent Clp protease proteolytic subunit, mitochondrial",CLPP,2.831,-1.830,+,Significant,-1.830,#N/A,2,1,0,0,3,8,21.311,21.518,21.462,22.806,23.474,23.500,,29.3,1.0
3641,Q9NWH9,SAFB-like transcription modulator,SLTM,1.543,-1.828,+,Significant,-1.828,#N/A,2,0,0,2,2,2,21.627,20.066,19.928,22.437,22.353,22.315,,29.3,1.0
1610,P62995,Transformer-2 protein homolog beta,TRA2B,2.770,-1.825,+,Significant,-1.825,#N/A,7,4,3,9,5,9,25.057,24.703,24.309,26.576,26.297,26.672,,29.3,1.0
3290,Q9BXW7,Cat eye syndrome critical region protein 5,CECR5,3.119,-1.790,+,Significant,-1.790,#N/A,8,7,8,5,9,6,22.633,22.794,22.946,24.238,24.748,24.755,,29.3,1.0
1171,P38159;Q96E39,"RNA-binding motif protein, X chromosome;RNA-binding motif protein, X chromosome, N-terminally processed;RNA binding motif protein, X-linked-like-1",RBMX;RBMXL1,2.325,-1.777,+,Significant,-1.777,#N/A,13,15,11,20,17,24,25.531,25.044,24.507,26.731,26.677,27.003,,29.3,1.0
3444,Q9H857,5-nucleotidase domain-containing protein 2,NT5DC2,1.547,-1.759,+,Significant,-1.759,#N/A,1,0,2,2,3,3,19.004,20.609,20.319,21.448,22.050,21.709,,29.3,1.0
3281,Q9BX40,Protein LSM14 homolog B,LSM14B,1.733,-1.744,+,Significant,-1.744,#N/A,0,0,1,4,5,2,21.855,20.569,20.749,22.682,23.214,22.510,,29.2,1.0
3494,Q9HCE1,Putative helicase MOV-10,MOV10,2.441,-1.736,+,Significant,-1.736,#N/A,5,2,7,13,12,19,22.400,22.106,22.239,23.820,23.619,24.513,,29.2,1.0
1669,P82932,"28S ribosomal protein S6, mitochondrial",MRPS6,1.540,-1.733,+,Significant,-1.733,#N/A,1,0,1,2,2,2,20.798,22.522,21.560,23.253,23.642,23.182,,29.2,1.0
2747,Q8TCS8,"Polyribonucleotide nucleotidyltransferase 1, mitochondrial",PNPT1,2.019,-1.697,+,Significant,-1.697,#N/A,4,4,3,8,15,10,21.562,22.290,21.397,23.298,23.914,23.128,,29.2,1.0
3178,Q9BQ52,Zinc phosphodiesterase ELAC protein 2,ELAC2,2.929,-1.686,+,Significant,-1.686,#N/A,5,0,1,1,0,0,26.963,27.136,26.689,28.917,28.386,28.541,,29.2,1.0
3720,Q9P0M9,"39S ribosomal protein L27, mitochondrial",MRPL27,3.157,-1.676,+,Significant,-1.676,#N/A,1,1,1,2,1,2,20.822,20.788,20.366,22.163,22.333,22.508,,29.2,1.0
1876,Q13242,Serine/arginine-rich splicing factor 9,SRSF9,2.480,-1.675,+,Significant,-1.675,#N/A,12,6,7,12,9,11,24.835,23.989,24.103,26.051,25.963,25.938,,29.2,1.0
1158,P36776,"Lon protease homolog, mitochondrial",LONP1,4.979,-1.659,+,Significant,-1.659,#N/A,19,16,12,20,18,18,23.710,23.688,23.617,25.436,25.264,25.291,,29.2,1.0
2248,Q5JTZ9,"Alanine--tRNA ligase, mitochondrial",AARS2,1.499,-1.659,+,Significant,-1.659,#N/A,1,1,2,4,3,5,21.500,19.890,20.996,22.502,22.757,22.103,,29.2,1.0
781,P11498,"Pyruvate carboxylase, mitochondrial",PC,2.511,-1.589,+,Significant,-1.589,#N/A,7,8,4,15,15,14,22.323,22.431,22.684,24.256,24.329,23.621,,29.2,1.0
1345,P49903,"Selenide, water dikinase 1",SEPHS1,1.707,-1.524,+,Significant,-1.524,#N/A,1,0,1,0,0,1,20.184,20.318,20.041,21.892,20.944,22.279,,29.1,1.0
2966,Q96EY8,"Cob(I)yrinic acid a,c-diamide adenosyltransferase, mitochondrial",MMAB,2.056,-1.501,+,Significant,-1.501,#N/A,1,2,3,5,2,5,22.304,22.472,21.744,23.590,23.336,24.098,,29.1,1.0
1387,P51649,"Succinate-semialdehyde dehydrogenase, mitochondrial",ALDH5A1,3.054,-1.469,+,Significant,-1.469,#N/A,1,0,0,2,2,1,20.488,19.971,20.422,21.804,21.703,21.780,,29.1,1.0
1782,Q07955,Serine/arginine-rich splicing factor 1,SRSF1,2.373,-1.455,+,Significant,-1.455,#N/A,17,7,8,13,15,14,24.589,24.286,23.765,25.674,25.559,25.771,,29.1,1.0
2396,Q6PI48,"Aspartate--tRNA ligase, mitochondrial",DARS2,2.038,-1.453,+,Significant,-1.453,#N/A,4,5,4,16,9,12,23.627,23.548,22.861,25.128,24.793,24.475,,29.1,1.0
3710,Q9P015,"39S ribosomal protein L15, mitochondrial",MRPL15,4.217,-1.448,+,Significant,-1.448,#N/A,2,1,2,3,5,4,22.042,22.174,22.128,23.618,23.419,23.650,,29.1,1.0
2927,Q96CM8,"Acyl-CoA synthetase family member 2, mitochondrial",ACSF2,1.674,-1.430,+,Significant,-1.430,#N/A,2,0,3,5,4,1,22.238,21.027,22.140,23.248,23.247,23.201,,29.1,1.0
569,O95831,"Apoptosis-inducing factor 1, mitochondrial",AIFM1,2.860,-1.407,+,Significant,-1.407,#N/A,8,8,8,10,10,15,23.170,23.262,22.860,24.257,24.560,24.695,,29.1,1.0
505,O94992,Protein HEXIM1,HEXIM1,2.621,-1.405,+,Significant,-1.405,#N/A,4,2,5,6,9,4,22.732,22.347,22.490,23.932,23.627,24.223,,29.1,1.0
1236,P43155,Carnitine O-acetyltransferase,CRAT,2.640,-1.403,+,Significant,-1.403,#N/A,8,5,4,15,13,6,22.874,23.034,23.167,24.415,24.754,24.116,,29.1,1.0
2962,Q96EY1,"DnaJ homolog subfamily A member 3, mitochondrial",DNAJA3,1.804,-1.398,+,Significant,-1.398,#N/A,4,3,4,6,6,4,22.795,22.298,23.378,24.019,24.518,24.127,,29.0,1.0
1833,Q12929,Epidermal growth factor receptor kinase substrate 8,EPS8,3.235,-1.394,+,Significant,-1.394,#N/A,2,4,2,2,2,2,20.832,20.480,20.665,21.882,22.057,22.219,,29.0,1.0
2158,Q16630,Cleavage and polyadenylation specificity factor subunit 6,CPSF6,2.433,-1.390,+,Significant,-1.390,#N/A,5,4,6,7,6,7,23.157,22.672,22.627,24.139,23.986,24.503,,29.0,1.0
1109,P34897,"Serine hydroxymethyltransferase, mitochondrial",SHMT2,3.556,-1.361,+,Significant,-1.361,#N/A,30,27,27,32,33,27,26.119,26.423,26.223,27.661,27.708,27.479,,29.0,1.0
1231,P42765,"3-ketoacyl-CoA thiolase, mitochondrial",ACAA2,2.593,-1.361,+,Significant,-1.361,#N/A,1,1,0,4,4,1,22.548,22.973,22.383,24.060,24.128,23.798,,29.0,1.0
1456,P55072,Transitional endoplasmic reticulum ATPase,VCP,2.635,-1.346,+,Significant,-1.346,#N/A,20,20,15,30,21,22,25.087,25.336,24.744,26.251,26.383,26.571,,29.0,1.0
1086,P31942,Heterogeneous nuclear ribonucleoprotein H3,HNRNPH3,1.932,-1.336,+,Significant,-1.336,#N/A,18,2,7,8,10,10,24.369,23.432,23.683,25.376,24.970,25.146,,29.0,1.0
2813,Q8WXF1,Paraspeckle component 1,PSPC1,2.408,-1.331,+,Significant,-1.331,#N/A,6,3,5,8,6,8,23.515,23.484,23.430,24.650,24.527,25.243,,29.0,1.0
4,A0AV96,RNA-binding protein 47,RBM47,2.866,-1.330,+,Significant,-1.330,#N/A,7,4,3,9,4,1,22.116,21.695,22.131,23.395,23.136,23.400,,29.0,1.0
936,P22033,"Methylmalonyl-CoA mutase, mitochondrial",MUT,1.690,-1.321,+,Significant,-1.321,#N/A,5,6,6,11,11,5,22.674,22.823,21.863,23.939,23.993,23.391,,29.0,1.0
4091,Q9Y6A5,Transforming acidic coiled-coil-containing protein 3,TACC3,2.480,-1.315,+,Significant,-1.315,#N/A,1,2,1,1,1,2,21.015,20.345,20.562,21.818,21.988,22.060,,28.9,1.0
2958,Q96EP5,DAZ-associated protein 1,DAZAP1,2.132,-1.291,+,Significant,-1.291,#N/A,6,3,3,6,3,4,24.466,24.030,23.588,25.404,25.288,25.265,,28.9,1.0
760,P10644,"cAMP-dependent protein kinase type I-alpha regulatory subunit;cAMP-dependent protein kinase type I-alpha regulatory subunit, N-terminally processed",PRKAR1A,2.049,-1.289,+,Significant,-1.289,#N/A,5,6,3,7,6,5,22.161,22.758,22.379,23.766,24.057,23.342,,28.9,1.0
3089,Q96RQ3,"Methylcrotonoyl-CoA carboxylase subunit alpha, mitochondrial",MCCC1,2.264,-1.285,+,Significant,-1.285,#N/A,8,10,12,13,18,16,23.381,23.839,24.160,25.176,24.958,25.100,,28.9,1.0
3115,Q96TC7,Regulator of microtubule dynamics protein 3,RMDN3,2.651,-1.272,+,Significant,-1.272,#N/A,1,1,1,3,4,3,21.084,21.356,20.974,22.649,22.426,22.154,,28.9,1.0
4020,Q9Y3Y2,Chromatin target of PRMT1 protein,CHTOP,2.168,-1.266,+,Significant,-1.266,#N/A,3,2,1,3,3,2,23.236,22.774,22.404,24.060,23.984,24.167,,28.9,1.0
2172,Q16822,"Phosphoenolpyruvate carboxykinase [GTP], mitochondrial",PCK2,2.825,-1.264,+,Significant,-1.264,#N/A,8,9,6,11,11,14,24.333,23.815,23.901,25.244,25.257,25.341,,28.9,1.0
1230,P42704,"Leucine-rich PPR motif-containing protein, mitochondrial",LRPPRC,2.802,-1.254,+,Significant,-1.254,#N/A,53,50,61,75,73,64,25.928,25.665,25.792,27.077,27.286,26.784,,28.9,1.0
795,P12532,"Creatine kinase U-type, mitochondrial",CKMT1A,1.938,-1.251,+,Significant,-1.251,#N/A,10,13,14,17,12,10,25.329,25.492,25.424,26.572,26.237,27.190,,28.9,1.0
3969,Q9Y2S7,Polymerase delta-interacting protein 2,POLDIP2,2.243,-1.246,+,Significant,-1.246,#N/A,4,6,4,5,7,7,22.887,22.432,22.541,23.499,23.997,24.101,,28.9,1.0
971,P24752,"Acetyl-CoA acetyltransferase, mitochondrial",ACAT1,3.211,-1.237,+,Significant,-1.237,#N/A,24,14,19,25,28,20,25.775,25.990,25.807,27.062,27.295,26.927,,28.8,1.0
753,P10515,"Dihydrolipoyllysine-residue acetyltransferase component of pyruvate dehydrogenase complex, mitochondrial",DLAT,2.200,-1.232,+,Significant,-1.232,#N/A,16,15,15,14,15,12,24.705,24.957,25.382,26.140,26.498,26.100,,28.8,1.0
3338,Q9GZT3,"SRA stem-loop-interacting RNA-binding protein, mitochondrial",SLIRP,2.379,-1.224,+,Significant,-1.224,#N/A,5,7,8,9,7,7,23.940,24.618,24.278,25.489,25.388,25.630,,28.8,1.0
1861,Q13151,Heterogeneous nuclear ribonucleoprotein A0,HNRNPA0,2.161,-1.220,+,Significant,-1.220,#N/A,9,5,3,4,6,3,24.577,24.174,24.818,25.692,25.518,26.019,,28.8,1.0
410,O75362,Zinc finger protein 217,ZNF217,2.133,-1.220,+,Significant,-1.220,#N/A,3,3,4,0,0,0,18.953,18.812,19.485,20.195,20.562,20.152,,28.8,1.0
1244,P43897,"Elongation factor Ts, mitochondrial",TSFM,3.672,-1.208,+,Significant,-1.208,#N/A,11,9,9,6,13,7,24.386,24.403,24.440,25.438,25.667,25.749,,28.8,1.0
2906,Q969Z0,Protein TBRG4,TBRG4,1.976,-1.207,+,Significant,-1.207,#N/A,11,14,10,12,17,15,23.870,23.528,23.474,24.702,25.289,24.503,,28.8,1.0
3313,Q9BZE1,"39S ribosomal protein L37, mitochondrial",MRPL37,2.107,-1.205,+,Significant,-1.205,#N/A,2,1,4,5,5,4,21.075,21.318,21.831,22.709,22.414,22.715,,28.8,1.0
3302,Q9BYD3,"39S ribosomal protein L4, mitochondrial",MRPL4,1.850,-1.203,+,Significant,-1.203,#N/A,4,2,6,2,4,3,22.644,22.208,22.432,23.246,23.521,24.127,,28.8,1.0
1953,Q14011,Cold-inducible RNA-binding protein,CIRBP,2.212,-1.198,+,Significant,-1.198,#N/A,1,1,1,5,1,3,22.358,22.541,22.044,23.620,23.172,23.744,,28.8,1.0
2719,Q8NFV4,Alpha/beta hydrolase domain-containing protein 11,ABHD11,2.407,-1.185,+,Significant,-1.185,#N/A,5,1,7,4,4,3,22.958,23.233,22.820,23.901,24.225,24.439,,28.7,1.0
951,P23246,"Splicing factor, proline- and glutamine-rich",SFPQ,2.786,-1.181,+,Significant,-1.181,#N/A,31,19,20,31,31,37,26.341,25.925,26.074,27.166,27.231,27.487,,28.7,1.0
1787,Q08211,ATP-dependent RNA helicase A,DHX9,2.342,-1.171,+,Significant,-1.171,#N/A,40,29,35,35,40,55,26.264,25.679,25.958,27.092,26.968,27.355,,28.7,1.0
2369,Q6NXG1,Epithelial splicing regulatory protein 1,ESRP1,3.228,-1.169,+,Significant,-1.169,#N/A,2,3,4,2,3,4,23.275,22.912,23.180,24.319,24.199,24.356,,28.7,1.0
1363,P50750,Cyclin-dependent kinase 9,CDK9,4.587,-1.153,+,Significant,-1.153,#N/A,3,1,2,3,4,6,22.990,23.082,22.956,24.173,24.094,24.220,,28.7,1.0
2651,Q8N684,Cleavage and polyadenylation specificity factor subunit 7,CPSF7,2.229,-1.147,+,Significant,-1.147,#N/A,8,3,5,10,8,8,23.362,22.767,23.146,24.229,24.027,24.462,,28.7,1.0
727,P09651;Q32P51,"Heterogeneous nuclear ribonucleoprotein A1;Heterogeneous nuclear ribonucleoprotein A1, N-terminally processed;Heterogeneous nuclear ribonucleoprotein A1-like 2",HNRNPA1;HNRNPA1L2,2.320,-1.140,+,Significant,-1.140,#N/A,47,29,30,44,33,34,27.429,26.941,26.755,28.201,28.171,28.173,,28.7,1.0
1396,P51991,Heterogeneous nuclear ribonucleoprotein A3,HNRNPA3,2.131,-1.102,+,Significant,-1.102,#N/A,26,27,21,25,24,33,26.107,25.627,25.357,26.788,26.795,26.813,,28.7,1.0
1087,P31943,"Heterogeneous nuclear ribonucleoprotein H;Heterogeneous nuclear ribonucleoprotein H, N-terminally processed",HNRNPH1,2.114,-1.077,+,Significant,-1.077,#N/A,34,16,21,24,23,27,26.696,26.116,26.220,27.371,27.238,27.655,,28.7,1.0
1881,Q13310,Polyadenylate-binding protein 4,PABPC4,2.332,-1.077,+,Significant,-1.077,#N/A,8,4,6,11,9,9,24.185,23.622,23.637,24.867,24.962,24.847,,28.7,1.0
702,P08621,U1 small nuclear ribonucleoprotein 70 kDa,SNRNP70,2.464,-1.071,+,Significant,-1.071,#N/A,19,7,16,15,15,16,24.096,23.640,23.624,24.927,24.704,24.942,,28.6,1.0
2913,Q96AE4,Far upstream element-binding protein 1,FUBP1,2.281,-1.071,+,Significant,-1.071,#N/A,12,7,12,15,8,18,24.560,24.090,24.056,25.320,25.118,25.480,,28.6,1.0
1860,Q13148,TAR DNA-binding protein 43,TARDBP,2.966,-1.055,+,Significant,-1.055,#N/A,10,9,7,12,10,12,24.642,24.405,24.644,25.782,25.447,25.626,,28.6,1.0
2908,Q96A35,"39S ribosomal protein L24, mitochondrial",MRPL24,2.973,-1.035,+,Significant,-1.035,#N/A,3,3,4,4,3,4,21.600,21.791,21.424,22.533,22.743,22.643,,28.6,1.0
13,A4D1E9,GTP-binding protein 10,GTPBP10,2.814,-1.024,+,Significant,-1.024,#N/A,0,0,0,1,1,1,20.195,20.319,20.176,21.281,21.457,21.025,,28.6,1.0
1878,Q13247,Serine/arginine-rich splicing factor 6,SRSF6,2.364,-1.013,+,Significant,-1.013,#N/A,9,7,5,6,7,7,25.626,25.106,25.138,26.266,26.253,26.391,,28.6,1.0
503,O94979,Protein transport protein Sec31A,SEC31A,2.945,-1.006,+,Significant,-1.006,#N/A,23,17,25,20,18,26,24.620,24.760,24.876,25.610,25.729,25.937,,28.6,1.0
1313,P49411,"Elongation factor Tu, mitochondrial",TUFM,2.873,-1.005,+,Significant,-1.005,#N/A,38,37,34,42,38,33,26.202,26.573,26.569,27.482,27.478,27.398,,28.6,1.0
938,P22061,Protein-L-isoaspartate(D-aspartate) O-methyltransferase,PCMT1,2.422,-0.996,+,Significant,-0.996,#N/A,26,24,25,23,30,32,27.618,28.070,28.134,28.886,28.986,28.938,,28.6,1.0
2366,Q6NVY1,"3-hydroxyisobutyryl-CoA hydrolase, mitochondrial",HIBCH,2.194,-0.995,+,Significant,-0.995,#N/A,5,3,4,3,4,2,22.161,21.879,22.000,22.672,23.116,23.237,,28.6,1.0
2080,Q15233,Non-POU domain-containing octamer-binding protein,NONO,2.606,-0.983,+,Significant,-0.983,#N/A,43,16,24,44,26,28,25.438,25.136,25.113,26.151,26.077,26.408,,28.5,1.0
1174,P38646,"Stress-70 protein, mitochondrial",HSPA9,2.309,-0.970,+,Significant,-0.970,#N/A,52,52,46,50,57,40,26.650,27.051,26.513,27.717,27.808,27.599,,28.5,1.0
3004,Q96HY7,"Probable 2-oxoglutarate dehydrogenase E1 component DHKTD1, mitochondrial",DHTKD1,2.442,-0.966,+,Significant,-0.966,#N/A,28,29,30,33,32,32,26.575,26.188,26.548,27.303,27.309,27.597,,28.5,1.0
876,P17844,Probable ATP-dependent RNA helicase DDX5,DDX5,2.292,-0.965,+,Significant,-0.965,#N/A,27,26,19,24,22,26,25.253,25.006,25.026,25.980,25.841,26.358,,28.5,1.0
2424,Q6Y7W6,PERQ amino acid-rich with GYF domain-containing protein 2,GIGYF2,2.608,-0.962,+,Significant,-0.962,#N/A,2,5,3,3,3,4,22.578,22.475,22.919,23.584,23.563,23.712,,28.5,1.0
3005,Q96I24,Far upstream element-binding protein 3,FUBP3,2.701,-0.943,+,Significant,-0.943,#N/A,17,9,15,12,11,17,24.413,24.150,24.386,25.196,25.124,25.457,,28.5,1.0
3067,Q96PK6,RNA-binding protein 14,RBM14,2.537,-0.934,+,Significant,-0.934,#N/A,9,9,9,9,13,14,24.397,24.125,24.430,25.294,25.049,25.411,,28.5,1.0
1723,Q02218,"2-oxoglutarate dehydrogenase, mitochondrial",OGDH,3.039,-0.928,+,Significant,-0.928,#N/A,18,20,16,21,17,15,24.633,24.945,24.846,25.836,25.699,25.673,,28.5,1.0
726,P09622,"Dihydrolipoyl dehydrogenase, mitochondrial",DLD,3.756,-0.910,+,Significant,-0.910,#N/A,8,5,8,11,9,15,24.458,24.367,24.408,25.374,25.391,25.197,,28.5,1.0
1834,Q12931,"Heat shock protein 75 kDa, mitochondrial",TRAP1,2.814,-0.907,+,Significant,-0.907,#N/A,21,28,26,23,30,20,24.958,25.328,25.017,26.030,26.038,25.955,,28.5,1.0
2157,Q16629,Serine/arginine-rich splicing factor 7,SRSF7,2.583,-0.890,+,Significant,-0.890,#N/A,8,3,7,7,6,8,25.182,24.762,24.897,25.859,25.742,25.909,,28.4,1.0
1054,P30084,"Enoyl-CoA hydratase, mitochondrial",ECHS1,2.561,-0.881,+,Significant,-0.881,#N/A,4,7,7,10,8,10,23.392,23.768,23.393,24.441,24.305,24.450,,28.4,1.0
1983,Q14254,Flotillin-2,FLOT2,2.630,-0.874,+,Significant,-0.874,#N/A,14,11,16,12,14,13,23.490,23.197,23.621,24.288,24.288,24.351,,28.4,1.0
1002,P27144,"Adenylate kinase 4, mitochondrial",AK4,2.735,-0.862,+,Significant,-0.862,#N/A,3,4,3,8,7,3,22.217,22.496,22.103,23.157,23.141,23.105,,28.4,1.0
3308,Q9BYN8,"28S ribosomal protein S26, mitochondrial",MRPS26,2.619,-0.858,+,Significant,-0.858,#N/A,2,2,4,4,4,2,28.126,28.038,28.396,29.153,28.928,29.053,,28.4,1.0
2482,Q7Z406,Myosin-14,MYH14,2.711,-0.839,+,Significant,-0.839,#N/A,47,40,38,40,43,60,26.779,26.506,26.727,27.409,27.453,27.669,,28.4,1.0
1328,P49721,Proteasome subunit beta type-2,PSMB2,3.811,0.743,+,Significant,0.743,#N/A,11,7,6,1,2,2,23.475,23.409,23.386,22.674,22.763,22.603,,28.4,1.0
2649,Q8N5M4,Tetratricopeptide repeat protein 9C,TTC9C,3.476,0.780,+,Significant,0.780,#N/A,2,1,4,0,0,0,23.400,23.403,23.281,22.549,22.689,22.506,,28.4,1.0
693,P08238,Heat shock protein HSP 90-beta,HSP90AB1,3.782,0.790,+,Significant,0.790,#N/A,151,137,132,90,90,85,29.746,29.943,29.834,29.068,29.033,29.051,,28.4,1.0
317,O43813,LanC-like protein 1,LANCL1,3.370,0.804,+,Significant,0.804,#N/A,4,2,4,1,2,3,23.671,23.828,23.852,23.035,22.882,23.022,,28.4,1.0
689,P08133,Annexin A6,ANXA6,3.706,0.804,+,Significant,0.804,#N/A,27,21,32,13,15,17,24.795,24.792,24.803,23.892,23.981,24.104,,28.3,1.0
1637,P68400;Q8NEV1,Casein kinase II subunit alpha;Casein kinase II subunit alpha 3,CSNK2A1;CSNK2A3,4.625,0.818,+,Significant,0.818,#N/A,10,6,10,3,3,0,24.721,24.655,24.657,23.800,23.890,23.887,,28.3,1.0
4044,Q9Y4W2,Ribosomal biogenesis protein LAS1L,LAS1L,3.886,0.832,+,Significant,0.832,#N/A,2,0,3,0,0,0,20.937,20.898,20.778,19.998,20.100,20.018,,28.3,1.0
2136,Q15813,Tubulin-specific chaperone E,TBCE,2.743,0.835,+,Significant,0.835,#N/A,11,4,7,3,1,1,23.228,23.088,22.866,22.183,22.310,22.185,,28.3,1.0
2047,Q15008,26S proteasome non-ATPase regulatory subunit 6,PSMD6,2.934,0.879,+,Significant,0.879,#N/A,11,9,8,4,4,5,23.931,23.683,24.037,23.030,22.978,23.005,,28.3,1.0
2996,Q96HC4,PDZ and LIM domain protein 5,PDLIM5,3.570,0.892,+,Significant,0.892,#N/A,9,2,5,1,1,0,23.069,22.849,22.877,22.091,22.005,22.024,,28.3,1.0
428,O75477,Erlin-1,ERLIN1,2.344,0.934,+,Significant,0.934,#N/A,8,5,7,5,3,5,23.568,23.847,23.746,23.035,22.775,22.549,,28.3,1.0
1708,Q01518,Adenylyl cyclase-associated protein 1,CAP1,2.374,0.936,+,Significant,0.936,#N/A,19,18,16,9,8,9,24.699,25.158,24.936,24.107,24.059,23.818,,28.3,1.0
3349,Q9H0C8,Integrin-linked kinase-associated serine/threonine phosphatase 2C,ILKAP,2.906,0.940,+,Significant,0.940,#N/A,1,3,1,1,0,2,22.742,22.372,22.630,21.653,21.699,21.573,,28.3,1.0
630,P04792,Heat shock protein beta-1,HSPB1,3.203,0.959,+,Significant,0.959,#N/A,89,81,79,49,46,42,31.046,31.238,31.280,30.208,30.125,30.356,,28.3,1.0
1364,P50851,Lipopolysaccharide-responsive and beige-like anchor protein,LRBA,3.081,0.983,+,Significant,0.983,#N/A,29,18,28,3,5,3,24.112,24.215,24.245,23.229,23.371,23.023,,28.2,1.0
1618,P63172,Dynein light chain Tctex-type 1,DYNLT1,2.779,0.997,+,Significant,0.997,#N/A,2,3,3,2,2,5,24.896,24.910,25.029,24.145,23.985,23.715,,28.2,1.0
1736,Q02880,DNA topoisomerase 2-beta,TOP2B,2.261,0.997,+,Significant,0.997,#N/A,5,5,7,1,1,2,22.221,21.799,22.379,21.249,21.106,21.053,,28.2,1.0
3320,Q9BZK7,F-box-like/WD repeat-containing protein TBL1XR1,TBL1XR1,2.144,1.021,+,Significant,1.021,#N/A,27,15,24,11,9,9,24.889,24.381,24.705,23.525,23.478,23.909,,28.2,1.0
974,P24941,Cyclin-dependent kinase 2,CDK2,2.136,1.037,+,Significant,1.037,#N/A,7,9,7,1,1,2,23.636,23.369,23.442,22.097,22.751,22.489,,28.2,1.0
2007,Q14651,Plastin-1,PLS1,3.215,1.039,+,Significant,1.039,#N/A,17,13,18,8,6,7,24.036,24.102,24.177,23.175,22.871,23.152,,28.2,1.0
3878,Q9ULJ6,Zinc finger MIZ domain-containing protein 1,ZMIZ1,2.240,1.051,+,Significant,1.051,#N/A,4,4,2,1,1,1,21.999,22.261,22.626,21.215,21.380,21.137,,28.2,1.0
2062,Q15057,"Arf-GAP with coiled-coil, ANK repeat and PH domain-containing protein 2",ACAP2,2.555,1.052,+,Significant,1.052,#N/A,6,8,5,4,2,1,23.981,24.361,24.052,22.949,23.297,22.992,,28.2,1.0
2073,Q15149,Plectin,PLEC,3.107,1.095,+,Significant,1.095,#N/A,430,424,436,228,228,230,29.144,29.544,29.431,28.280,28.265,28.288,,28.2,1.0
1197,P40937,Replication factor C subunit 5,RFC5,4.834,1.096,+,Significant,1.096,#N/A,14,9,13,3,5,4,24.546,24.504,24.419,23.426,23.352,23.404,,28.2,1.0
403,O75312,Zinc finger protein ZPR1,ZPR1,2.347,1.117,+,Significant,1.117,#N/A,6,4,6,2,3,2,22.820,23.110,22.898,21.754,22.156,21.569,,28.1,1.0
2146,Q16401,26S proteasome non-ATPase regulatory subunit 5,PSMD5,2.485,1.124,+,Significant,1.124,#N/A,14,13,17,5,5,6,24.960,24.435,24.791,23.715,23.428,23.673,,28.1,1.0
1169,P37837,Transaldolase,TALDO1,2.513,1.144,+,Significant,1.144,#N/A,2,6,6,1,2,0,22.850,23.380,23.165,22.021,22.126,21.816,,28.1,1.0
3026,Q96JM3,Chromosome alignment-maintaining phosphoprotein 1,CHAMP1,2.189,1.148,+,Significant,1.148,#N/A,1,1,2,0,0,0,21.396,21.109,21.665,20.019,20.179,20.529,,28.1,1.0
315,O43805,Sjoegren syndrome nuclear autoantigen 1,SSNA1,4.029,1.152,+,Significant,1.152,#N/A,2,1,2,1,0,0,22.031,21.954,22.020,20.964,20.726,20.858,,28.1,1.0
2290,Q5TGY3,AT-hook DNA-binding motif-containing protein 1,AHDC1,2.170,1.173,+,Significant,1.173,#N/A,6,3,6,0,0,0,21.465,21.386,21.993,20.445,20.224,20.656,,28.1,1.0
3294,Q9BY32,Inosine triphosphate pyrophosphatase,ITPA,2.017,1.176,+,Significant,1.176,#N/A,2,3,2,1,0,0,22.129,22.148,22.196,21.464,20.865,20.615,,28.1,1.0
122,O00178,GTP-binding protein 1,GTPBP1,2.492,1.186,+,Significant,1.186,#N/A,3,0,1,0,0,1,21.328,20.755,21.107,19.953,19.973,19.706,,28.1,1.0
311,O43768,Alpha-endosulfine,ENSA,3.341,1.189,+,Significant,1.189,#N/A,8,6,7,3,1,1,23.493,23.505,23.471,22.525,22.193,22.184,,28.1,1.0
339,O60341,Lysine-specific histone demethylase 1A,KDM1A,3.676,1.190,+,Significant,1.190,#N/A,17,9,19,6,6,4,24.001,23.864,23.989,22.707,22.655,22.922,,28.1,1.0
526,O95336,6-phosphogluconolactonase,PGLS,2.979,1.215,+,Significant,1.215,#N/A,2,1,2,0,0,0,21.688,21.702,21.419,20.591,20.216,20.357,,28.0,1.0
294,O43592,Exportin-T,XPOT,3.571,1.225,+,Significant,1.225,#N/A,18,17,25,5,4,5,24.592,24.412,24.672,23.460,23.235,23.306,,28.0,1.0
394,O75165,DnaJ homolog subfamily C member 13,DNAJC13,3.196,1.241,+,Significant,1.241,#N/A,27,18,29,6,6,2,24.098,24.412,24.057,22.933,22.848,23.062,,28.0,1.0
1957,Q14126,Desmoglein-2,DSG2,1.980,1.257,+,Significant,1.257,#N/A,30,22,26,5,11,6,25.921,25.863,25.871,24.501,25.157,24.226,,28.0,1.0
3796,Q9UGK3,Signal-transducing adaptor protein 2,STAP2,2.520,1.258,+,Significant,1.258,#N/A,2,0,0,0,0,0,21.534,21.898,21.943,20.521,20.795,20.287,,28.0,1.0
3319,Q9BZJ0,Crooked neck-like protein 1,CRNKL1,2.059,1.258,+,Significant,1.258,#N/A,7,3,9,2,0,3,22.067,21.829,22.493,21.056,20.517,21.040,,28.0,1.0
694,P08240,Signal recognition particle receptor subunit alpha,SRPR,2.568,1.259,+,Significant,1.259,#N/A,12,18,19,8,10,4,24.985,24.679,24.615,23.651,23.655,23.197,,28.0,1.0
166,O00764,Pyridoxal kinase,PDXK,2.556,1.267,+,Significant,1.267,#N/A,1,4,3,0,0,0,22.125,22.444,22.356,21.339,21.028,20.758,,28.0,1.0
582,O96019,Actin-like protein 6A,ACTL6A,1.993,1.285,+,Significant,1.285,#N/A,13,10,13,7,3,3,26.357,25.872,26.196,24.979,24.392,25.200,,28.0,1.0
628,P04632,Calpain small subunit 1,CAPNS1,1.917,1.296,+,Significant,1.296,#N/A,5,4,4,0,2,1,23.893,24.284,24.242,22.332,23.253,22.947,,28.0,1.0
2368,Q6NXE6,Armadillo repeat-containing protein 6,ARMC6,2.906,1.304,+,Significant,1.304,#N/A,2,2,2,0,0,0,21.450,21.886,21.664,20.350,20.540,20.197,,27.9,1.0
2460,Q7L5D6,Golgi to ER traffic protein 4 homolog,GET4,1.770,1.314,+,Significant,1.314,#N/A,10,8,7,4,4,2,23.383,23.821,23.385,22.030,22.803,21.814,,27.9,1.0
2489,Q7Z4W1,L-xylulose reductase,DCXR,1.781,1.331,+,Significant,1.331,#N/A,8,10,10,4,1,2,24.844,25.959,25.317,24.222,23.947,23.958,,27.9,1.0
1547,P61964,WD repeat-containing protein 5,WDR5,1.740,1.365,+,Significant,1.365,#N/A,3,2,4,1,0,0,23.628,22.586,23.558,22.067,21.686,21.924,,27.9,1.0
1859,Q13144,Translation initiation factor eIF-2B subunit epsilon,EIF2B5,2.239,1.377,+,Significant,1.377,#N/A,3,1,3,0,0,1,22.166,22.164,21.896,20.651,21.135,20.308,,27.9,1.0
1272,P46939,Utrophin,UTRN,1.810,1.383,+,Significant,1.383,#N/A,5,2,5,1,1,3,26.457,25.968,26.648,24.577,24.844,25.503,,27.9,1.0
652,P05783,"Keratin, type I cytoskeletal 18",KRT18,2.263,1.394,+,Significant,1.394,#N/A,895,719,917,401,313,391,33.582,33.423,34.022,32.481,31.918,32.445,,27.9,1.0
700,P08579,U2 small nuclear ribonucleoprotein B,SNRPB2,2.022,1.399,+,Significant,1.399,#N/A,1,2,0,0,0,0,22.191,22.017,21.921,20.308,21.219,20.404,,27.9,1.0
3165,Q99959,Plakophilin-2,PKP2,2.211,1.402,+,Significant,1.402,#N/A,11,5,8,3,3,0,22.875,22.422,22.783,21.186,21.726,20.963,,27.9,1.0
4071,Q9Y5Q9,General transcription factor 3C polypeptide 3,GTF3C3,1.683,1.419,+,Significant,1.419,#N/A,1,0,1,0,0,0,21.768,21.608,21.726,20.766,20.548,19.533,,27.9,1.0
3811,Q9UHF7,Zinc finger transcription factor Trps1,TRPS1,2.260,1.434,+,Significant,1.434,#N/A,32,26,39,11,10,13,25.117,24.694,25.373,23.496,23.416,23.971,,27.8,1.0
2075,Q15155;P69849;Q5JPE7,Nodal modulator 1;Nodal modulator 3;Nodal modulator 2,NOMO1;NOMO3;NOMO2,4.266,1.439,+,Significant,1.439,#N/A,7,3,5,0,0,0,21.938,21.972,22.125,20.644,20.465,20.610,,27.8,1.0
3090,Q96RS6,NudC domain-containing protein 1,NUDCD1,1.662,1.445,+,Significant,1.445,#N/A,2,4,6,1,0,0,22.438,22.751,22.202,21.631,20.376,21.047,,27.8,1.0
2627,Q8N1G2,Cap-specific mRNA (nucleoside-2-O-)-methyltransferase 1,CMTR1,1.599,1.451,+,Significant,1.451,#N/A,6,2,4,1,1,0,22.492,22.335,22.430,20.144,21.448,21.312,,27.8,1.0
3764,Q9UBN7,Histone deacetylase 6,HDAC6,2.147,1.461,+,Significant,1.461,#N/A,5,5,5,1,2,0,22.202,22.080,22.504,21.317,20.577,20.507,,27.8,1.0
2432,Q6ZRV2,Protein FAM83H,FAM83H,3.538,1.470,+,Significant,1.470,#N/A,54,55,64,23,22,21,25.394,25.816,25.632,24.185,24.111,24.137,,27.8,1.0
3787,Q9UEY8,Gamma-adducin,ADD3,2.410,1.475,+,Significant,1.475,#N/A,3,2,3,1,0,1,22.247,21.660,21.907,20.399,20.798,20.193,,27.8,1.0
3873,Q9UL46,Proteasome activator complex subunit 2,PSME2,3.640,1.496,+,Significant,1.496,#N/A,6,6,4,0,1,0,23.221,23.075,23.269,21.516,21.687,21.874,,27.8,1.0
1491,P58107,Epiplakin,EPPK1,3.353,1.498,+,Significant,1.498,#N/A,230,225,248,114,100,90,29.599,30.046,29.853,28.443,28.305,28.256,,27.8,1.0
2015,Q14687,Genetic suppressor element 1,GSE1,1.958,1.502,+,Significant,1.502,#N/A,4,2,6,1,0,1,22.207,21.637,22.273,20.051,20.976,20.584,,27.8,1.0
3890,Q9UM00,Transmembrane and coiled-coil domain-containing protein 1,TMCO1,2.697,1.503,+,Significant,1.503,#N/A,2,1,2,1,0,0,21.694,21.985,22.085,20.663,20.510,20.082,,27.7,1.0
2029,Q14839,Chromodomain-helicase-DNA-binding protein 4,CHD4,1.788,1.549,+,Significant,1.549,#N/A,29,17,26,4,4,2,23.862,23.354,23.889,22.295,22.671,21.493,,27.7,1.0
4082,Q9Y617,Phosphoserine aminotransferase,PSAT1,2.066,1.569,+,Significant,1.569,#N/A,6,6,6,1,0,0,22.391,22.866,21.936,21.110,20.898,20.479,,27.7,1.0
2767,Q8TF68,Zinc finger protein 384,ZNF384,1.618,1.580,+,Significant,1.580,#N/A,1,0,3,0,0,0,21.477,22.425,21.642,19.865,20.939,20.001,,27.7,1.0
2806,Q8WX92,Negative elongation factor B,NELFB,2.855,1.589,+,Significant,1.589,#N/A,7,4,2,1,3,1,22.899,22.588,22.872,20.953,21.537,21.102,,27.7,1.0
2480,Q7Z3K3,Pogo transposable element with ZNF domain,POGZ,1.526,1.596,+,Significant,1.596,#N/A,5,2,6,0,0,0,21.634,20.603,21.125,19.414,18.929,20.231,,27.7,1.0
3255,Q9BV86,"N-terminal Xaa-Pro-Lys N-methyltransferase 1;N-terminal Xaa-Pro-Lys N-methyltransferase 1, N-terminally processed",NTMT1,1.951,1.598,+,Significant,1.598,#N/A,3,1,2,1,1,0,22.252,22.077,22.385,20.299,21.334,20.285,,27.7,1.0
445,O75674,TOM1-like protein 1,TOM1L1,1.578,1.600,+,Significant,1.600,#N/A,1,2,2,0,0,0,22.218,21.877,22.166,19.790,20.331,21.338,,27.7,1.0
2623,Q8N1B4,Vacuolar protein sorting-associated protein 52 homolog,VPS52,1.930,1.616,+,Significant,1.616,#N/A,3,0,5,1,0,1,22.426,21.282,21.841,20.541,19.991,20.169,,27.7,1.0
3513,Q9NP66,High mobility group protein 20A,HMG20A,2.098,1.628,+,Significant,1.628,#N/A,0,0,2,0,0,0,21.543,21.768,21.873,19.651,20.712,19.935,,27.7,1.0
2918,Q96BJ8,Engulfment and cell motility protein 3,ELMO3,2.523,1.650,+,Significant,1.650,#N/A,2,2,3,0,0,0,21.671,21.781,22.097,19.758,20.380,20.461,,27.6,1.0
3195,Q9BRG1,Vacuolar protein-sorting-associated protein 25,VPS25,2.036,1.650,+,Significant,1.650,#N/A,2,0,0,0,0,0,22.220,22.360,21.581,19.894,20.630,20.685,,27.6,1.0
2898,Q93074,Mediator of RNA polymerase II transcription subunit 12,MED12,1.572,1.665,+,Significant,1.665,#N/A,4,4,5,0,0,0,22.193,21.418,22.351,20.755,19.538,20.672,,27.6,1.0
3841,Q9UJX3,Anaphase-promoting complex subunit 7,ANAPC7,3.986,1.709,+,Significant,1.709,#N/A,1,1,2,0,0,0,21.662,21.658,21.502,19.923,19.720,20.054,,27.6,1.0
1257,P46109,Crk-like protein,CRKL,1.746,1.721,+,Significant,1.721,#N/A,2,3,1,0,0,0,22.728,22.664,22.429,20.019,21.254,21.385,,27.6,1.0
703,P08651,Nuclear factor 1 C-type,NFIC,3.457,1.737,+,Significant,1.737,#N/A,3,1,4,0,0,0,23.432,23.278,23.566,21.672,21.472,21.919,,27.6,1.0
3122,Q99447,Ethanolamine-phosphate cytidylyltransferase,PCYT2,3.128,1.747,+,Significant,1.747,#N/A,4,3,3,0,0,0,21.859,22.019,21.656,20.394,19.864,20.035,,27.6,1.0
1984,Q14257,Reticulocalbin-2,RCN2,1.436,1.758,+,Significant,1.758,#N/A,3,5,6,0,0,0,21.875,22.903,22.461,21.234,19.690,21.039,,27.6,1.0
2711,Q8NFD5,AT-rich interactive domain-containing protein 1B,ARID1B,2.497,1.787,+,Significant,1.787,#N/A,13,5,17,0,0,0,22.829,22.186,23.089,21.085,20.798,20.861,,27.6,1.0
917,P20591,"Interferon-induced GTP-binding protein Mx1;Interferon-induced GTP-binding protein Mx1, N-terminally processed",MX1,1.603,1.787,+,Significant,1.787,#N/A,5,8,4,0,0,0,22.087,22.168,21.379,19.462,20.951,19.858,,27.6,1.0
2203,Q3ZCQ8,Mitochondrial import inner membrane translocase subunit TIM50,TIMM50,1.780,1.789,+,Significant,1.789,#N/A,0,2,0,0,0,0,22.000,22.165,20.796,20.100,19.849,19.646,,27.5,1.0
2110,Q15528,Mediator of RNA polymerase II transcription subunit 22,MED22,1.587,1.790,+,Significant,1.790,#N/A,3,1,3,0,0,0,21.893,22.044,22.487,20.506,19.443,21.104,,27.5,1.0
4038,Q9Y4K1,Absent in melanoma 1 protein,AIM1,2.764,1.832,+,Significant,1.832,#N/A,47,28,31,8,9,13,26.951,27.162,27.512,25.192,25.195,25.742,,27.5,1.0
3762,Q9UBL3,Set1/Ash2 histone methyltransferase complex subunit ASH2,ASH2L,2.733,1.835,+,Significant,1.835,#N/A,4,1,1,0,0,0,22.011,22.098,21.851,19.685,20.287,20.482,,27.5,1.0
3665,Q9NXG2,THUMP domain-containing protein 1,THUMPD1,1.669,1.855,+,Significant,1.855,#N/A,3,0,1,0,0,0,22.733,22.027,22.046,20.096,19.845,21.301,,27.5,1.0
2319,Q63HN8,E3 ubiquitin-protein ligase RNF213,RNF213,1.719,1.862,+,Significant,1.862,#N/A,9,1,3,0,0,0,21.746,20.510,20.670,19.609,19.155,18.575,,27.5,1.0
154,O00505,Importin subunit alpha-4,KPNA3,2.416,1.955,+,Significant,1.955,#N/A,4,2,1,0,0,0,22.126,22.632,22.165,20.043,20.100,20.914,,27.5,1.0
2893,Q93034,Cullin-5,CUL5,1.510,1.964,+,Significant,1.964,#N/A,7,4,12,0,1,0,22.629,22.470,23.206,21.293,21.430,19.691,,27.5,1.0
144,O00410,Importin-5,IPO5,1.470,1.976,+,Significant,1.976,#N/A,18,12,14,5,1,1,24.010,23.883,23.989,22.908,20.802,22.246,,27.5,1.0
488,O94832,Unconventional myosin-Id,MYO1D,2.831,1.990,+,Significant,1.990,#N/A,20,17,24,2,2,2,24.330,23.994,24.575,22.676,22.230,22.022,,27.5,1.0
2435,Q6ZW49,PAX-interacting protein 1,PAXIP1,2.212,2.009,+,Significant,2.009,#N/A,4,4,7,0,0,0,22.451,22.135,22.782,21.033,20.420,19.888,,27.4,1.0
2590,Q8IXH7,Negative elongation factor C/D,NELFCD,1.800,2.026,+,Significant,2.026,#N/A,1,2,2,0,0,0,22.041,21.263,22.039,19.103,19.590,20.572,,27.4,1.0
3387,Q9H2P0,Activity-dependent neuroprotector homeobox protein,ADNP,2.145,2.030,+,Significant,2.030,#N/A,10,3,12,0,1,0,22.493,21.319,22.315,19.699,20.259,20.079,,27.4,1.0
135,O00267,Transcription elongation factor SPT5,SUPT5H,2.938,2.036,+,Significant,2.036,#N/A,10,3,4,0,0,2,22.341,21.720,22.024,19.830,19.820,20.328,,27.4,1.0
2085,Q15291,Retinoblastoma-binding protein 5,RBBP5,2.984,2.044,+,Significant,2.044,#N/A,2,1,2,0,0,0,22.548,22.275,22.613,20.161,20.280,20.862,,27.4,1.0
2557,Q86YP4,Transcriptional repressor p66-alpha,GATAD2A,1.973,2.045,+,Significant,2.045,#N/A,5,2,8,1,0,3,22.763,22.750,23.346,20.339,20.689,21.698,,27.4,1.0
3063,Q96P48,"Arf-GAP with Rho-GAP domain, ANK repeat and PH domain-containing protein 1",ARAP1,2.786,2.068,+,Significant,2.068,#N/A,3,2,4,0,0,1,21.556,22.064,22.109,19.737,20.242,19.544,,27.4,1.0
2236,Q5GLZ8,Probable E3 ubiquitin-protein ligase HERC4,HERC4,2.085,2.080,+,Significant,2.080,#N/A,4,1,4,0,0,0,21.619,21.855,22.884,20.324,19.713,20.082,,27.4,1.0
719,P09467,"Fructose-1,6-bisphosphatase 1",FBP1,1.361,2.137,+,Significant,2.137,#N/A,3,1,3,1,0,0,22.824,23.056,22.419,22.034,20.102,19.751,,27.4,1.0
871,P17655,Calpain-2 catalytic subunit,CAPN2,2.039,2.139,+,Significant,2.139,#N/A,6,5,4,1,0,0,21.600,21.983,20.733,19.798,19.189,18.913,,27.4,1.0
3659,Q9NX70,Mediator of RNA polymerase II transcription subunit 29,MED29,2.784,2.162,+,Significant,2.162,#N/A,2,2,4,1,0,0,22.364,22.045,22.751,20.256,19.862,20.554,,27.3,1.0
2115,Q15596,Nuclear receptor coactivator 2,NCOA2,1.957,2.180,+,Significant,2.180,#N/A,5,2,9,0,0,0,22.243,21.675,23.129,19.872,19.989,20.648,,27.3,1.0
907,P19793,Retinoic acid receptor RXR-alpha,RXRA,1.844,2.195,+,Significant,2.195,#N/A,6,4,9,0,0,4,22.368,21.631,22.636,19.595,19.567,20.889,,27.3,1.0
2402,Q6PL18,ATPase family AAA domain-containing protein 2,ATAD2,1.439,2.201,+,Significant,2.201,#N/A,3,0,0,0,1,0,19.475,20.478,21.307,17.324,18.937,18.397,,27.3,1.0
3546,Q9NQT5,Exosome complex component RRP40,EXOSC3,1.718,2.229,+,Significant,2.229,#N/A,3,1,2,0,0,0,22.541,22.403,22.707,21.359,20.255,19.352,,27.3,1.0
1632,P68036,Ubiquitin-conjugating enzyme E2 L3,UBE2L3,1.401,2.230,+,Significant,2.230,#N/A,2,1,2,0,0,0,24.232,22.699,22.417,21.847,20.468,20.344,,27.3,1.0
2823,Q92466,DNA damage-binding protein 2,DDB2,1.476,2.237,+,Significant,2.237,#N/A,1,0,1,3,0,1,22.579,21.063,22.662,20.568,18.964,20.061,,27.3,1.0
3856,Q9UKL0,REST corepressor 1,RCOR1,1.925,2.248,+,Significant,2.248,#N/A,7,6,8,2,2,2,23.490,22.596,22.802,19.885,21.364,20.896,,27.3,1.0
3180,Q9BQ67,Glutamate-rich WD repeat-containing protein 1,GRWD1,1.385,2.250,+,Significant,2.250,#N/A,5,2,2,0,0,2,22.650,22.940,22.535,20.034,19.428,21.914,,27.3,1.0
1820,Q12824,SWI/SNF-related matrix-associated actin-dependent regulator of chromatin subfamily B member 1,SMARCB1,1.664,2.250,+,Significant,2.250,#N/A,9,5,8,1,0,1,24.030,23.396,23.957,22.542,20.525,21.565,,27.3,1.0
1802,Q09472,Histone acetyltransferase p300,EP300,2.357,2.254,+,Significant,2.254,#N/A,8,6,9,0,0,0,21.878,21.611,22.328,19.320,19.397,20.338,,27.2,1.0
1378,P51531,Probable global transcription activator SNF2L2,SMARCA2,1.716,2.256,+,Significant,2.256,#N/A,6,4,8,0,0,0,22.678,21.817,22.434,19.200,19.917,21.044,,27.2,1.0
755,P10588,Nuclear receptor subfamily 2 group F member 6,NR2F6,2.036,2.260,+,Significant,2.260,#N/A,2,1,1,0,0,0,22.321,23.336,23.579,20.259,21.012,21.187,,27.2,1.0
3145,Q99627,COP9 signalosome complex subunit 8,COPS8,4.545,2.281,+,Significant,2.281,#N/A,3,3,5,1,0,0,22.889,22.777,22.920,20.769,20.440,20.535,,27.2,1.0
3224,Q9BTC8,Metastasis-associated protein MTA3,MTA3,4.036,2.305,+,Significant,2.305,#N/A,1,1,2,0,0,0,22.024,22.499,22.239,19.919,19.888,20.040,,27.2,1.0
3616,Q9NVC6,Mediator of RNA polymerase II transcription subunit 17,MED17,2.246,2.324,+,Significant,2.324,#N/A,5,2,2,0,0,0,22.897,22.233,23.234,20.573,19.875,20.945,,27.2,1.0
2257,Q5SRE5,Nucleoporin NUP188 homolog,NUP188,2.408,2.327,+,Significant,2.327,#N/A,7,5,7,0,0,0,22.782,22.170,22.776,20.511,19.590,20.645,,27.2,1.0
2000,Q14558,Phosphoribosyl pyrophosphate synthase-associated protein 1,PRPSAP1,1.432,2.333,+,Significant,2.333,#N/A,1,2,2,2,0,1,22.411,22.920,22.595,18.897,20.613,21.417,,27.2,1.0
2517,Q86U70,LIM domain-binding protein 1,LDB1,2.652,2.376,+,Significant,2.376,#N/A,2,2,4,0,0,0,23.080,22.812,23.884,21.074,20.687,20.888,,27.2,1.0
481,P0DTW1;P0DSO3;Q4V326;P0CL82;P0CL81;P0CL80;O76087,G antigen 2E;G antigen 12I;G antigen 12G;G antigen 12F;G antigen 7,GAGE2E;GAGE12I;GAGE12G;GAGE12F;GAGE7,1.342,2.398,+,Significant,2.398,#N/A,7,5,6,1,0,0,23.761,23.997,23.257,22.856,20.213,20.752,,27.2,1.0
2815,Q8WXI9,Transcriptional repressor p66-beta,GATAD2B,2.103,2.398,+,Significant,2.398,#N/A,11,7,11,2,1,0,23.532,22.946,23.799,21.632,21.222,20.228,,27.1,1.0
3723,Q9P0W2,SWI/SNF-related matrix-associated actin-dependent regulator of chromatin subfamily E member 1-related,HMG20B,1.919,2.406,+,Significant,2.406,#N/A,3,3,3,0,0,1,22.400,21.549,22.457,18.832,20.403,19.952,,27.1,1.0
3137,Q99584,Protein S100-A13,S100A13,2.377,2.406,+,Significant,2.406,#N/A,3,3,1,0,1,0,22.154,22.287,21.836,20.241,18.941,19.876,,27.1,1.0
2661,Q8N8N7,Prostaglandin reductase 2,PTGR2,1.552,2.419,+,Significant,2.419,#N/A,6,7,7,3,3,1,24.145,24.555,24.517,22.967,22.377,20.617,,27.1,1.0
1541,P61758,Prefoldin subunit 3,VBP1,3.268,2.469,+,Significant,2.469,#N/A,1,3,2,0,0,0,22.952,23.226,23.020,20.198,20.598,20.995,,27.1,1.0
3564,Q9NRF8,CTP synthase 2,CTPS2,3.234,2.490,+,Significant,2.490,#N/A,4,2,3,2,1,2,22.274,22.315,22.915,20.139,19.727,20.168,,27.1,1.0
2199,Q3LXA3,Bifunctional ATP-dependent dihydroxyacetone kinase/FAD-AMP lyase (cyclizing);ATP-dependent dihydroxyacetone kinase;FAD-AMP lyase (cyclizing),DAK,3.477,2.502,+,Significant,2.502,#N/A,10,11,10,4,1,2,24.514,24.227,24.471,22.300,21.737,21.669,,27.1,1.0
2857,Q92754,Transcription factor AP-2 gamma,TFAP2C,2.890,2.507,+,Significant,2.507,#N/A,4,3,7,1,1,1,22.974,22.517,23.136,20.866,20.166,20.074,,27.1,1.0
3540,Q9NQG5,Regulation of nuclear pre-mRNA domain-containing protein 1B,RPRD1B,2.517,2.508,+,Significant,2.508,#N/A,7,3,5,1,2,0,22.914,22.379,22.219,20.416,20.227,19.345,,27.1,1.0
1286,P48506,Glutamate--cysteine ligase catalytic subunit,GCLC,5.025,2.510,+,Significant,2.510,#N/A,5,1,3,0,0,0,23.026,23.294,23.132,20.664,20.557,20.701,,27.1,1.0
163,O00712,Nuclear factor 1 B-type,NFIB,1.487,2.525,+,Significant,2.525,#N/A,4,3,5,0,2,1,23.081,22.842,23.705,21.321,19.203,21.530,,27.0,1.0
1421,P53041,Serine/threonine-protein phosphatase 5,PPP5C,3.170,2.576,+,Significant,2.576,#N/A,2,5,3,0,0,0,22.659,23.058,22.780,20.474,19.771,20.523,,27.0,1.0
3585,Q9NT62,Ubiquitin-like-conjugating enzyme ATG3,ATG3,2.266,2.577,+,Significant,2.577,#N/A,3,1,3,2,1,1,22.631,22.595,23.869,20.708,20.027,20.628,,27.0,1.0
4053,Q9Y547,Intraflagellar transport protein 25 homolog,HSPB11,2.295,2.592,+,Significant,2.592,#N/A,5,2,3,1,1,0,22.126,22.808,22.807,20.470,19.183,20.313,,27.0,1.0
378,O60936,Nucleolar protein 3,NOL3,2.481,2.630,+,Significant,2.630,#N/A,5,3,3,0,0,1,23.003,22.854,23.021,20.072,21.143,19.772,,27.0,1.0
2148,Q16513,Serine/threonine-protein kinase N2,PKN2,1.931,2.636,+,Significant,2.636,#N/A,7,0,3,0,1,0,23.381,22.704,22.641,19.613,19.839,21.367,,27.0,1.0
2835,Q92572,AP-3 complex subunit sigma-1,AP3S1,2.859,2.644,+,Significant,2.644,#N/A,3,3,4,2,0,1,22.692,22.876,22.370,20.585,19.833,19.589,,27.0,1.0
2380,Q6P2C8,Mediator of RNA polymerase II transcription subunit 27,MED27,5.231,2.664,+,Significant,2.664,#N/A,4,2,4,0,0,0,22.354,22.301,22.492,19.814,19.603,19.739,,27.0,1.0
1151,P36405,ADP-ribosylation factor-like protein 3,ARL3,3.256,2.755,+,Significant,2.755,#N/A,4,2,7,1,1,1,23.682,22.774,23.069,20.368,20.348,20.544,,27.0,1.0
1379,P51532,Transcription activator BRG1,SMARCA4,4.183,2.799,+,Significant,2.799,#N/A,25,14,20,2,2,2,23.773,23.284,23.678,20.847,20.835,20.656,,27.0,1.0
3531,Q9NPJ6,Mediator of RNA polymerase II transcription subunit 4,MED4,2.245,2.812,+,Significant,2.812,#N/A,8,3,7,0,0,0,23.890,22.414,23.611,20.061,20.950,20.469,,26.9,1.0
613,P03372,Estrogen receptor,ESR1,1.701,2.845,+,Significant,2.845,#N/A,6,2,6,0,0,0,23.694,22.042,24.155,19.814,20.341,21.200,,26.9,1.0
4002,Q9Y3C7,Mediator of RNA polymerase II transcription subunit 31,MED31,3.527,2.901,+,Significant,2.901,#N/A,4,1,3,0,0,0,22.790,22.333,22.818,19.431,19.720,20.086,,26.9,1.0
3848,Q9UK76,"Hematological and neurological expressed 1 protein;Hematological and neurological expressed 1 protein, N-terminally processed",HN1,1.486,2.921,+,Significant,2.921,#N/A,3,4,4,2,3,0,23.645,24.619,24.215,20.731,22.926,20.060,,26.9,1.0
2862,Q92785,Zinc finger protein ubi-d4,DPF2,4.234,2.928,+,Significant,2.928,#N/A,9,5,7,0,0,0,23.142,22.855,23.346,20.104,20.350,20.104,,26.9,1.0
2734,Q8TAQ2,SWI/SNF complex subunit SMARCC2,SMARCC2,3.836,2.933,+,Significant,2.933,#N/A,33,21,22,3,1,5,24.742,24.096,24.678,21.632,21.543,21.542,,26.9,1.0
365,O60825,"6-phosphofructo-2-kinase/fructose-2,6-bisphosphatase 2;6-phosphofructo-2-kinase;Fructose-2,6-bisphosphatase",PFKFB2,2.365,2.943,+,Significant,2.943,#N/A,4,2,5,0,0,1,23.003,22.543,22.741,18.987,20.674,19.797,,26.9,1.0
767,P11171,Protein 4.1,EPB41,2.510,2.968,+,Significant,2.968,#N/A,3,2,0,0,0,0,23.051,23.157,23.399,20.732,19.329,20.641,,26.9,1.0
964,P23771,Trans-acting T-cell-specific transcription factor GATA-3,GATA3,1.471,2.980,+,Significant,2.980,#N/A,12,10,8,1,2,1,23.710,22.915,23.649,18.669,21.629,21.037,,26.9,1.0
3977,Q9Y2X0,Mediator of RNA polymerase II transcription subunit 16,MED16,3.377,3.025,+,Significant,3.025,#N/A,7,7,9,0,0,0,23.226,23.058,23.870,20.113,20.564,20.402,,26.9,1.0
2901,Q969G3,SWI/SNF-related matrix-associated actin-dependent regulator of chromatin subfamily E member 1,SMARCE1,4.067,3.030,+,Significant,3.030,#N/A,13,10,16,3,2,4,24.236,23.865,24.352,20.889,21.239,21.236,,26.8,1.0
3086,Q96RN5,Mediator of RNA polymerase II transcription subunit 15,MED15,1.921,3.128,+,Significant,3.128,#N/A,10,4,6,0,0,0,23.689,23.044,24.062,20.261,19.461,21.688,,26.8,1.0
3846,Q9UK59,Lariat debranching enzyme,DBR1,2.539,3.144,+,Significant,3.144,#N/A,2,2,3,1,0,2,22.736,23.287,24.324,20.329,20.067,20.518,,26.8,1.0
574,O95983,Methyl-CpG-binding domain protein 3,MBD3,1.416,3.170,+,Significant,3.170,#N/A,2,2,3,0,0,0,25.875,22.786,22.848,20.959,20.797,20.244,,26.8,1.0
3735,Q9P287,BRCA2 and CDKN1A-interacting protein,BCCIP,2.336,3.176,+,Significant,3.176,#N/A,2,1,1,0,1,0,23.944,23.133,22.661,19.493,20.862,19.856,,26.8,1.0
3718,Q9P0L2,Serine/threonine-protein kinase MARK1,MARK1,1.560,3.261,+,Significant,3.261,#N/A,2,0,0,0,0,0,24.554,21.400,23.540,19.961,20.303,19.449,,26.8,1.0
426,O75448,Mediator of RNA polymerase II transcription subunit 24,MED24,1.914,3.279,+,Significant,3.279,#N/A,16,8,17,0,0,1,24.358,23.703,24.881,19.990,20.825,22.292,,26.8,1.0
2881,Q92922,SWI/SNF complex subunit SMARCC1,SMARCC1,1.790,3.290,+,Significant,3.290,#N/A,7,8,12,0,0,2,22.514,22.244,23.662,20.879,19.118,18.554,,26.8,1.0
2123,Q15648,Mediator of RNA polymerase II transcription subunit 1,MED1,2.353,3.447,+,Significant,3.447,#N/A,13,6,13,0,0,0,23.878,22.785,24.836,20.420,20.471,20.267,,26.8,1.0
152,O00483,Cytochrome c oxidase subunit NDUFA4,NDUFA4,3.010,3.463,+,Significant,3.463,#N/A,1,1,3,1,1,1,23.613,24.089,23.626,21.013,19.766,20.161,,26.8,1.0
991,P26232,Catenin alpha-2,CTNNA2,2.647,3.614,+,Significant,3.614,#N/A,3,2,2,1,1,1,24.002,22.499,24.025,20.135,19.710,19.838,,26.7,1.0
706,P08727,"Keratin, type I cytoskeletal 19",KRT19,1.534,3.919,+,Significant,3.919,#N/A,2,3,2,0,2,1,21.318,24.967,24.569,19.262,20.040,19.795,,26.7,1.0
1481,P56545,C-terminal-binding protein 2,CTBP2,3.609,4.054,+,Significant,4.054,#N/A,8,6,9,2,1,2,24.295,23.927,24.139,20.142,20.562,19.496,,26.7,1.0
1507,P60981,Destrin,DSTN,1.210,4.127,+,Significant,4.127,#N/A,2,1,2,2,1,1,26.106,26.154,25.863,20.620,25.097,20.025,,26.7,1.0
558,O95747,Serine/threonine-protein kinase OSR1,OXSR1,1.413,4.139,+,Significant,4.139,#N/A,3,2,5,0,1,0,25.762,25.499,26.175,19.795,24.293,20.932,,26.7,1.0
329,O60244,Mediator of RNA polymerase II transcription subunit 14,MED14,3.555,4.159,+,Significant,4.159,#N/A,6,6,12,0,0,0,24.620,24.282,24.897,19.886,20.909,20.527,,26.7,1.0
2357,Q6ISB3,Grainyhead-like protein 2 homolog,GRHL2,2.779,4.203,+,Significant,4.203,#N/A,24,5,15,2,2,2,24.234,22.641,24.295,19.768,19.491,19.301,,26.7,1.0
3734,Q9P273,Teneurin-3,TENM3,4.387,4.433,+,Significant,4.433,#N/A,7,2,4,0,0,0,25.216,24.831,24.754,20.544,20.784,20.174,,26.7,1.0
2882,Q92925,SWI/SNF-related matrix-associated actin-dependent regulator of chromatin subfamily D member 2,SMARCD2,1.966,4.854,+,Significant,4.854,#N/A,20,13,22,0,1,1,24.776,24.447,24.877,17.770,20.432,21.337,,26.7,1.0
619,P04150,Glucocorticoid receptor,NR3C1,3.022,7.060,+,Significant,7.060,#N/A,80,55,89,0,1,7,28.335,27.815,29.591,21.044,20.778,22.739,,26.7,1.0
2,P0DPI2;A0A0B4J2D5,,,1.304,-1.097,,Not_Significant,#N/A,-1.097,11,4,10,8,7,9,23.248,23.740,24.384,24.595,24.756,25.311,,26.6,1.0
5,A0AVT1,Ubiquitin-like modifier-activating enzyme 6,UBA6,1.283,0.916,,Not_Significant,#N/A,0.916,3,1,2,0,0,0,21.276,20.220,20.982,19.749,20.129,19.854,,26.6,1.0
6,A0FGR8,Extended synaptotagmin-2,ESYT2,0.729,-0.182,,Not_Significant,#N/A,-0.182,4,2,5,0,0,0,21.428,21.697,21.634,21.742,21.918,21.644,,26.6,1.0
8,A0MZ66,Shootin-1,KIAA1598,1.483,-0.502,,Not_Significant,#N/A,-0.502,10,3,5,4,2,3,22.463,22.393,21.990,22.824,22.850,22.676,,26.6,1.0
10,A2RRP1,Neuroblastoma-amplified sequence,NBAS,0.629,0.811,,Not_Significant,#N/A,0.811,4,0,6,0,0,0,21.104,20.071,21.553,19.900,20.834,19.561,,26.6,1.0
11,A3KMH1,von Willebrand factor A domain-containing protein 8,VWA8,0.752,-0.473,,Not_Significant,#N/A,-0.473,0,0,0,4,2,1,20.864,20.229,21.214,21.242,21.217,21.267,,26.6,1.0
12,A3KN83,Protein strawberry notch homolog 1,SBNO1,0.033,-0.034,,Not_Significant,#N/A,-0.034,3,0,1,0,1,0,20.809,19.810,20.013,19.964,20.247,20.524,,26.6,1.0
16,A5YKK6,CCR4-NOT transcription complex subunit 1,CNOT1,0.370,-0.079,,Not_Significant,#N/A,-0.079,9,13,13,6,7,5,25.185,25.130,25.303,25.394,25.145,25.318,,26.6,1.0
19,A6NDG6,Phosphoglycolate phosphatase,PGP,0.685,0.720,,Not_Significant,#N/A,0.720,5,3,4,2,3,2,23.271,22.685,22.267,22.428,22.372,21.264,,26.6,1.0
33,A8CG34;Q96HA1,Nuclear envelope pore membrane protein POM 121C;Nuclear envelope pore membrane protein POM 121,POM121C;POM121,0.600,0.500,,Not_Significant,#N/A,0.500,5,3,2,0,0,0,21.742,21.751,21.313,20.424,21.338,21.544,,26.6,1.0
35,P62308;A8MWD9,Small nuclear ribonucleoprotein G;Putative small nuclear ribonucleoprotein G-like protein 15,SNRPG;SNRPGP15,0.310,1.106,,Not_Significant,#N/A,1.106,2,1,3,2,2,1,23.895,24.283,24.266,24.708,24.266,20.151,,26.5,1.0
112,E9PAV3;Q13765,"Nascent polypeptide-associated complex subunit alpha, muscle-specific form;Nascent polypeptide-associated complex subunit alpha",NACA,0.722,-0.454,,Not_Significant,#N/A,-0.454,7,6,6,5,5,4,25.426,25.084,24.489,25.605,25.457,25.300,,26.5,1.0
115,O00139,Kinesin-like protein KIF2A,KIF2A,0.166,0.443,,Not_Significant,#N/A,0.443,2,0,1,0,0,0,21.954,19.946,21.592,22.298,20.037,19.827,,26.5,1.0
116,O00148,ATP-dependent RNA helicase DDX39A,DDX39A,1.035,-0.864,,Not_Significant,#N/A,-0.864,4,2,3,4,3,3,25.164,24.792,23.894,25.699,25.367,25.377,,26.5,1.0
117,O00151,PDZ and LIM domain protein 1,PDLIM1,0.019,0.049,,Not_Significant,#N/A,0.049,0,2,3,1,4,2,20.762,21.887,21.976,19.944,22.357,22.176,,26.5,1.0
118,O00154,Cytosolic acyl coenzyme A thioester hydrolase,ACOT7,0.758,0.519,,Not_Significant,#N/A,0.519,4,4,1,2,1,1,22.419,22.908,22.460,22.580,21.639,22.011,,26.5,1.0
119,O00159,Unconventional myosin-Ic,MYO1C,0.955,-0.180,,Not_Significant,#N/A,-0.180,24,22,27,15,13,20,24.936,24.804,24.726,24.909,24.974,25.124,,26.5,1.0
121,O00170,AH receptor-interacting protein,AIP,1.638,0.288,,Not_Significant,#N/A,0.288,14,13,14,10,8,10,24.548,24.564,24.544,24.417,24.229,24.147,,26.5,1.0
125,O00203,AP-3 complex subunit beta-1,AP3B1,2.059,0.450,,Not_Significant,#N/A,0.450,8,14,13,3,9,5,23.036,23.284,23.045,22.648,22.606,22.763,,26.5,1.0
126,O00204,Sulfotransferase family cytosolic 2B member 1,SULT2B1,0.947,0.309,,Not_Significant,#N/A,0.309,7,5,8,3,2,1,22.620,22.439,22.115,22.040,22.050,22.158,,26.5,1.0
129,O00231,26S proteasome non-ATPase regulatory subunit 11,PSMD11,0.623,0.185,,Not_Significant,#N/A,0.185,24,13,23,12,11,14,24.867,25.149,25.099,24.786,24.721,25.053,,26.4,1.0
130,O00232,26S proteasome non-ATPase regulatory subunit 12,PSMD12,1.815,0.370,,Not_Significant,#N/A,0.370,18,13,14,9,6,10,24.494,24.667,24.355,24.154,24.114,24.140,,26.4,1.0
131,O00233,26S proteasome non-ATPase regulatory subunit 9,PSMD9,0.165,0.073,,Not_Significant,#N/A,0.073,3,2,2,3,1,1,23.589,23.828,23.944,23.720,23.937,23.484,,26.4,1.0
133,O00257,E3 SUMO-protein ligase CBX4,CBX4,0.076,0.095,,Not_Significant,#N/A,0.095,2,0,1,0,0,0,21.415,19.914,20.658,20.544,20.458,20.699,,26.4,1.0
138,O00291,Huntingtin-interacting protein 1,HIP1,1.048,-0.328,,Not_Significant,#N/A,-0.328,4,2,3,6,2,6,22.571,22.287,22.697,22.971,22.688,22.881,,26.4,1.0
139,O00299,Chloride intracellular channel protein 1,CLIC1,0.924,0.468,,Not_Significant,#N/A,0.468,10,12,7,8,6,5,25.291,25.607,25.111,25.207,24.836,24.562,,26.4,1.0
140,O00303,Eukaryotic translation initiation factor 3 subunit F,EIF3F,2.164,0.592,,Not_Significant,#N/A,0.592,6,7,9,7,6,5,23.999,23.789,24.116,23.457,23.423,23.247,,26.4,1.0
141,O00330,"Pyruvate dehydrogenase protein X component, mitochondrial",PDHX,1.917,-1.065,,Not_Significant,#N/A,-1.065,3,3,3,2,3,4,23.058,23.103,23.710,24.107,24.501,24.457,,26.4,1.0
145,O00422,Histone deacetylase complex subunit SAP18,SAP18,1.411,-0.895,,Not_Significant,#N/A,-0.895,5,2,2,2,2,3,22.667,22.579,22.336,22.876,23.789,23.602,,26.4,1.0
147,O00429,Dynamin-1-like protein,DNM1L,2.100,-0.932,,Not_Significant,#N/A,-0.932,9,7,7,12,10,11,23.236,23.344,23.449,24.117,24.075,24.633,,26.4,1.0
150,O00459,Phosphatidylinositol 3-kinase regulatory subunit beta,PIK3R2,0.979,1.422,,Not_Significant,#N/A,1.422,1,0,3,0,1,0,20.132,22.431,21.443,19.712,20.185,19.844,,26.3,1.0
153,O00487,26S proteasome non-ATPase regulatory subunit 14,PSMD14,2.329,0.447,,Not_Significant,#N/A,0.447,6,5,5,1,3,3,24.121,24.033,24.197,23.679,23.774,23.558,,26.3,1.0
156,O00515,Ladinin-1,LAD1,1.750,0.611,,Not_Significant,#N/A,0.611,0,0,0,0,0,0,20.353,20.472,20.304,20.060,19.578,19.659,,26.3,1.0
157,O00541,Pescadillo homolog,PES1,0.066,-0.160,,Not_Significant,#N/A,-0.160,1,0,0,0,0,1,22.447,19.817,22.091,21.381,22.050,21.406,,26.3,1.0
159,O00567,Nucleolar protein 56,NOP56,0.174,0.599,,Not_Significant,#N/A,0.599,8,8,2,4,6,0,24.327,23.546,22.916,23.026,25.128,20.837,,26.3,1.0
160,O00571;O15523,ATP-dependent RNA helicase DDX3X;ATP-dependent RNA helicase DDX3Y,DDX3X;DDX3Y,1.247,-0.295,,Not_Significant,#N/A,-0.295,21,21,18,15,15,17,25.517,25.616,25.464,25.684,25.773,26.024,,26.3,1.0
161,O00625,Pirin,PIR,0.142,-0.178,,Not_Significant,#N/A,-0.178,2,0,0,0,0,0,21.380,20.041,21.195,21.445,20.928,20.777,,26.3,1.0
162,O00629,Importin subunit alpha-3,KPNA4,0.012,0.022,,Not_Significant,#N/A,0.022,1,3,3,0,1,0,20.436,22.126,21.493,20.737,21.917,21.334,,26.3,1.0
164,O00743,"Serine/threonine-protein phosphatase 6 catalytic subunit;Serine/threonine-protein phosphatase 6 catalytic subunit, N-terminally processed",PPP6C,1.720,0.546,,Not_Significant,#N/A,0.546,4,3,3,1,2,3,23.374,23.334,23.392,22.974,22.535,22.951,,26.3,1.0
165,O00762,Ubiquitin-conjugating enzyme E2 C,UBE2C,2.150,-0.827,,Not_Significant,#N/A,-0.827,3,0,1,2,1,0,24.685,24.794,24.954,25.588,25.907,25.420,,26.3,1.0
168,O14497,AT-rich interactive domain-containing protein 1A,ARID1A,0.956,-1.953,,Not_Significant,#N/A,-1.953,4,2,1,0,0,0,20.034,18.307,17.213,21.359,19.666,20.388,,26.2,1.0
169,O14503,Class E basic helix-loop-helix protein 40,BHLHE40,1.206,1.286,,Not_Significant,#N/A,1.286,1,0,4,0,0,0,21.148,20.324,21.952,19.555,20.156,19.855,,26.2,1.0
173,O14578,Citron Rho-interacting kinase,CIT,0.624,-0.891,,Not_Significant,#N/A,-0.891,5,1,3,4,2,1,21.663,21.233,19.713,22.167,21.809,21.307,,26.2,1.0
174,O14579,Coatomer subunit epsilon,COPE,0.382,0.213,,Not_Significant,#N/A,0.213,10,12,9,6,10,4,24.783,24.511,25.083,24.491,24.343,24.902,,26.2,1.0
175,P47813;O14602,"Eukaryotic translation initiation factor 1A, X-chromosomal;Eukaryotic translation initiation factor 1A, Y-chromosomal",EIF1AX;EIF1AY,0.274,-0.203,,Not_Significant,#N/A,-0.203,4,1,2,4,2,4,23.971,23.771,23.052,23.793,23.985,23.627,,26.2,1.0
176,O14617,AP-3 complex subunit delta-1,AP3D1,0.316,0.112,,Not_Significant,#N/A,0.112,8,6,13,6,7,4,23.026,23.181,23.404,23.103,22.923,23.250,,26.2,1.0
177,O14618,Copper chaperone for superoxide dismutase,CCS,1.039,2.017,,Not_Significant,#N/A,2.017,2,1,2,1,1,0,23.164,22.773,23.045,22.725,20.510,19.698,,26.2,1.0
182,O14683,Tumor protein p53-inducible protein 11,TP53I11,0.404,0.717,,Not_Significant,#N/A,0.717,2,2,3,2,2,1,21.849,21.716,22.356,21.909,22.054,19.808,,26.2,1.0
183,O14686,Histone-lysine N-methyltransferase 2D,KMT2D,0.559,0.335,,Not_Significant,#N/A,0.335,4,2,2,0,0,0,20.733,20.310,19.920,19.815,19.915,20.228,,26.2,1.0
185,O14737,Programmed cell death protein 5,PDCD5,1.006,0.514,,Not_Significant,#N/A,0.514,6,4,3,1,2,0,23.370,23.487,23.774,22.991,23.407,22.690,,26.2,1.0
186,O14744,"Protein arginine N-methyltransferase 5;Protein arginine N-methyltransferase 5, N-terminally processed",PRMT5,0.623,0.186,,Not_Significant,#N/A,0.186,12,10,6,8,4,2,22.946,23.356,23.123,22.968,23.059,22.840,,26.1,1.0
187,O14745,Na(+)/H(+) exchange regulatory cofactor NHE-RF1,SLC9A3R1,0.949,0.593,,Not_Significant,#N/A,0.593,25,10,21,13,10,8,25.946,25.613,25.297,25.414,25.026,24.636,,26.1,1.0
188,O14776,Transcription elongation regulator 1,TCERG1,0.057,-0.043,,Not_Significant,#N/A,-0.043,5,3,4,3,0,5,23.415,22.782,23.046,23.132,22.789,23.452,,26.1,1.0
190,O14818,Proteasome subunit alpha type-7,PSMA7,1.559,0.353,,Not_Significant,#N/A,0.353,13,15,6,13,9,5,24.311,24.641,24.565,24.212,24.134,24.112,,26.1,1.0
196,O14908,PDZ domain-containing protein GIPC1,GIPC1,0.810,0.473,,Not_Significant,#N/A,0.473,3,3,4,1,1,0,22.558,22.418,21.874,22.072,21.871,21.487,,26.1,1.0
197,O14920,Inhibitor of nuclear factor kappa-B kinase subunit beta,IKBKB,0.904,0.831,,Not_Significant,#N/A,0.831,2,1,3,0,0,0,21.429,20.403,21.568,20.645,20.374,19.890,,26.1,1.0
198,O14929,Histone acetyltransferase type B catalytic subunit,HAT1,0.691,1.760,,Not_Significant,#N/A,1.760,9,6,6,2,1,4,24.593,24.633,24.466,24.105,20.494,23.812,,26.1,1.0
199,O14949,Cytochrome b-c1 complex subunit 8,UQCRQ,0.799,1.733,,Not_Significant,#N/A,1.733,1,2,2,1,2,2,19.774,23.000,22.476,20.149,19.996,19.905,,26.1,1.0
200,P19105;O14950,Myosin regulatory light chain 12A;Myosin regulatory light chain 12B,MYL12A;MYL12B,1.309,0.404,,Not_Significant,#N/A,0.404,13,12,17,10,9,5,26.084,26.231,25.901,25.702,25.837,25.466,,26.1,1.0
201,O14964,Hepatocyte growth factor-regulated tyrosine kinase substrate,HGS,0.131,-0.071,,Not_Significant,#N/A,-0.071,4,4,7,4,3,3,22.516,22.745,22.281,22.622,22.821,22.313,,26.1,1.0
203,O14974,Protein phosphatase 1 regulatory subunit 12A,PPP1R12A,1.007,-0.713,,Not_Significant,#N/A,-0.713,7,3,3,6,4,6,21.974,22.304,21.265,22.497,22.806,22.377,,26.0,1.0
204,O14976,Cyclin-G-associated kinase,GAK,0.795,0.257,,Not_Significant,#N/A,0.257,2,5,4,3,1,4,23.281,23.130,23.405,22.791,23.023,23.229,,26.0,1.0
205,O14979,Heterogeneous nuclear ribonucleoprotein D-like,HNRNPDL,0.999,-0.307,,Not_Significant,#N/A,-0.307,11,7,6,5,5,6,25.195,25.024,24.738,25.185,25.326,25.369,,26.0,1.0
206,O14980,Exportin-1,XPO1,1.527,0.431,,Not_Significant,#N/A,0.431,40,25,20,20,11,14,25.051,24.680,24.830,24.465,24.279,24.522,,26.0,1.0
209,O15020,"Spectrin beta chain, non-erythrocytic 2",SPTBN2,0.409,0.248,,Not_Significant,#N/A,0.248,49,46,50,23,30,25,24.533,24.069,24.825,24.026,24.480,24.177,,26.0,1.0
210,O15027,Protein transport protein Sec16A,SEC16A,1.952,-0.579,,Not_Significant,#N/A,-0.579,13,7,9,9,6,8,23.307,22.970,23.241,23.907,23.652,23.696,,26.0,1.0
212,O15042,U2 snRNP-associated SURP motif-containing protein,U2SURP,0.639,-0.206,,Not_Significant,#N/A,-0.206,14,5,7,11,8,8,23.843,23.483,23.791,24.095,23.842,23.799,,26.0,1.0
213,O15047,Histone-lysine N-methyltransferase SETD1A,SETD1A,0.767,0.335,,Not_Significant,#N/A,0.335,0,0,0,0,0,0,20.621,20.290,20.521,19.806,20.396,20.226,,26.0,1.0
215,O15066,"Kinesin-like protein KIF3B;Kinesin-like protein KIF3B, N-terminally processed",KIF3B,0.795,-0.847,,Not_Significant,#N/A,-0.847,1,2,0,1,0,2,20.439,21.823,20.751,22.234,21.361,21.959,,26.0,1.0
217,O15078,Centrosomal protein of 290 kDa,CEP290,0.788,3.932,,Not_Significant,#N/A,3.932,1,1,1,0,0,0,26.868,19.929,26.717,20.416,21.084,20.219,,26.0,1.0
219,O15091,Mitochondrial ribonuclease P protein 3,KIAA0391,0.077,-0.361,,Not_Significant,#N/A,-0.361,1,0,0,1,2,0,23.737,20.170,22.952,20.192,24.114,23.637,,25.9,1.0
222,O15143,Actin-related protein 2/3 complex subunit 1B,ARPC1B,1.902,0.266,,Not_Significant,#N/A,0.266,10,8,7,6,5,3,24.170,24.328,24.144,23.970,23.904,23.972,,25.9,1.0
223,O15144,Actin-related protein 2/3 complex subunit 2,ARPC2,3.153,0.746,,Not_Significant,#N/A,0.746,15,10,9,6,7,7,24.261,24.336,24.424,23.696,23.609,23.479,,25.9,1.0
224,O15145,Actin-related protein 2/3 complex subunit 3,ARPC3,1.158,0.173,,Not_Significant,#N/A,0.173,8,4,8,6,6,5,24.182,24.297,24.115,23.933,24.074,24.067,,25.9,1.0
226,O15160,DNA-directed RNA polymerases I and III subunit RPAC1,POLR1C,0.518,0.790,,Not_Significant,#N/A,0.790,6,1,0,1,0,0,22.369,22.479,22.698,22.320,22.452,20.403,,25.9,1.0
227,O15164,Transcription intermediary factor 1-alpha,TRIM24,0.220,-0.479,,Not_Significant,#N/A,-0.479,2,0,3,0,0,0,20.737,18.393,20.407,19.550,21.044,20.381,,25.9,1.0
229,O15212,Prefoldin subunit 6,PFDN6,0.248,0.957,,Not_Significant,#N/A,0.957,2,1,1,0,0,0,23.480,23.926,20.123,20.761,23.433,20.463,,25.9,1.0
233,O15231,Zinc finger protein 185,ZNF185,0.628,1.455,,Not_Significant,#N/A,1.455,3,0,2,0,0,0,22.809,22.172,23.301,19.335,22.124,22.459,,25.9,1.0
236,O15264,Mitogen-activated protein kinase 13,MAPK13,0.724,1.217,,Not_Significant,#N/A,1.217,4,2,4,1,0,3,22.213,22.236,22.309,21.966,19.510,21.632,,25.9,1.0
237,O15269,Serine palmitoyltransferase 1,SPTLC1,0.886,0.331,,Not_Significant,#N/A,0.331,3,0,5,1,1,0,22.516,22.098,22.637,22.060,21.998,22.200,,25.9,1.0
239,O15294,UDP-N-acetylglucosamine--peptide N-acetylglucosaminyltransferase 110 kDa subunit,OGT,2.051,0.715,,Not_Significant,#N/A,0.715,7,11,13,4,4,4,25.067,25.137,25.431,24.361,24.435,24.693,,25.8,1.0
241,O15305,Phosphomannomutase 2,PMM2,0.525,0.230,,Not_Significant,#N/A,0.230,11,3,5,4,3,4,22.978,23.174,22.837,22.663,22.544,23.091,,25.8,1.0
243,O15347,High mobility group protein B3,HMGB3,0.329,0.403,,Not_Significant,#N/A,0.403,5,5,5,1,4,2,23.187,22.553,22.856,22.097,23.393,21.898,,25.8,1.0
245,O15355,Protein phosphatase 1G,PPM1G,1.317,0.508,,Not_Significant,#N/A,0.508,9,2,10,3,1,2,23.423,23.155,23.250,23.077,22.699,22.526,,25.8,1.0
246,O15357,"Phosphatidylinositol 3,4,5-trisphosphate 5-phosphatase 2",INPPL1,0.967,1.015,,Not_Significant,#N/A,1.015,5,3,2,2,0,0,21.357,21.838,22.149,21.635,20.308,20.357,,25.8,1.0
247,O15371,Eukaryotic translation initiation factor 3 subunit D,EIF3D,0.679,0.063,,Not_Significant,#N/A,0.063,16,11,10,9,7,9,23.994,23.922,24.005,23.934,23.846,23.953,,25.8,1.0
248,O15372,Eukaryotic translation initiation factor 3 subunit H,EIF3H,1.067,0.464,,Not_Significant,#N/A,0.464,9,9,12,3,3,6,23.984,24.038,24.607,23.656,23.770,23.810,,25.8,1.0
251,O15397,Importin-8,IPO8,0.677,0.885,,Not_Significant,#N/A,0.885,3,2,2,0,1,0,21.330,21.322,21.069,21.021,19.184,20.861,,25.8,1.0
257,O15498,Synaptobrevin homolog YKT6,YKT6,0.443,0.657,,Not_Significant,#N/A,0.657,4,3,4,1,1,1,20.437,21.975,21.955,20.107,20.866,21.424,,25.8,1.0
258,O15511,Actin-related protein 2/3 complex subunit 5,ARPC5,1.442,0.917,,Not_Significant,#N/A,0.917,3,3,3,3,2,2,23.170,23.761,24.074,22.492,22.861,22.904,,25.8,1.0
259,Q6A1A2;O15530,Putative 3-phosphoinositide-dependent protein kinase 2;3-phosphoinositide-dependent protein kinase 1,PDPK2P;PDPK1,0.504,-0.554,,Not_Significant,#N/A,-0.554,2,0,2,0,0,0,20.436,19.616,20.260,20.364,20.140,21.472,,25.7,1.0
261,O15550,Lysine-specific demethylase 6A,KDM6A,0.191,0.234,,Not_Significant,#N/A,0.234,4,1,4,0,0,0,20.112,21.666,20.890,20.561,20.930,20.474,,25.7,1.0
262,O43143,Pre-mRNA-splicing factor ATP-dependent RNA helicase DHX15,DHX15,1.979,-0.309,,Not_Significant,#N/A,-0.309,19,14,21,16,11,15,24.540,24.418,24.481,24.716,24.746,24.904,,25.7,1.0
263,O43148,mRNA cap guanine-N7 methyltransferase,RNMT,0.082,-0.183,,Not_Significant,#N/A,-0.183,4,0,1,0,0,1,23.851,21.208,22.562,22.778,23.055,22.337,,25.7,1.0
266,O43156,TELO2-interacting protein 1 homolog,TTI1,0.938,0.604,,Not_Significant,#N/A,0.604,2,1,1,1,1,1,20.758,20.973,21.627,20.773,20.519,20.255,,25.7,1.0
268,O43172,U4/U6 small nuclear ribonucleoprotein Prp4,PRPF4,0.550,0.336,,Not_Significant,#N/A,0.336,10,1,6,1,0,0,22.645,22.328,23.099,22.601,22.078,22.384,,25.7,1.0
269,O43175,D-3-phosphoglycerate dehydrogenase,PHGDH,1.472,0.265,,Not_Significant,#N/A,0.265,24,16,21,12,12,15,26.982,26.927,26.925,26.832,26.555,26.654,,25.7,1.0
270,O43237,Cytoplasmic dynein 1 light intermediate chain 2,DYNC1LI2,0.646,0.331,,Not_Significant,#N/A,0.331,8,3,5,2,0,1,24.623,23.956,24.276,24.075,23.698,24.089,,25.7,1.0
271,O43242,26S proteasome non-ATPase regulatory subunit 3,PSMD3,1.950,0.366,,Not_Significant,#N/A,0.366,25,24,24,10,12,8,24.503,24.523,24.597,24.329,24.085,24.112,,25.7,1.0
272,O43252,Bifunctional 3-phosphoadenosine 5-phosphosulfate synthase 1;Sulfate adenylyltransferase;Adenylyl-sulfate kinase,PAPSS1,0.613,0.547,,Not_Significant,#N/A,0.547,9,4,8,3,1,2,23.120,22.522,22.718,22.623,22.577,21.520,,25.7,1.0
273,O43264,Centromere/kinetochore protein zw10 homolog,ZW10,1.217,0.342,,Not_Significant,#N/A,0.342,6,6,8,5,3,2,22.856,23.100,23.017,22.483,22.860,22.605,,25.6,1.0
274,O43290,U4/U6.U5 tri-snRNP-associated protein 1,SART1,0.336,-0.165,,Not_Significant,#N/A,-0.165,6,2,7,7,6,5,24.420,23.783,24.319,24.404,24.357,24.255,,25.6,1.0
277,O43324,Eukaryotic translation elongation factor 1 epsilon-1,EEF1E1,0.064,-0.023,,Not_Significant,#N/A,-0.023,5,5,5,3,4,5,23.987,23.674,24.029,23.931,23.827,24.000,,25.6,1.0
279,O43379,WD repeat-containing protein 62,WDR62,0.045,0.060,,Not_Significant,#N/A,0.060,2,0,2,0,1,0,21.191,20.643,20.839,21.395,21.103,19.994,,25.6,1.0
280,O43390,Heterogeneous nuclear ribonucleoprotein R,HNRNPR,1.057,-0.720,,Not_Significant,#N/A,-0.720,26,9,11,19,18,16,25.743,24.876,24.733,25.837,25.744,25.929,,25.6,1.0
281,O43395,U4/U6 small nuclear ribonucleoprotein Prp3,PRPF3,0.172,0.307,,Not_Significant,#N/A,0.307,4,2,3,0,1,2,21.860,20.213,21.308,20.088,20.672,21.698,,25.6,1.0
282,O43396,Thioredoxin-like protein 1,TXNL1,2.412,0.583,,Not_Significant,#N/A,0.583,13,11,9,3,2,5,23.944,24.273,24.119,23.511,23.508,23.568,,25.6,1.0
286,O43447,Peptidyl-prolyl cis-trans isomerase H,PPIH,0.790,0.346,,Not_Significant,#N/A,0.346,7,3,6,1,0,0,23.354,23.300,23.799,22.910,23.160,23.345,,25.6,1.0
288,O43488,Aflatoxin B1 aldehyde reductase member 2,AKR7A2,0.661,0.285,,Not_Significant,#N/A,0.285,9,6,9,8,7,7,24.191,23.699,23.815,23.864,23.541,23.445,,25.6,1.0
293,O43583,Density-regulated protein,DENR,0.374,1.328,,Not_Significant,#N/A,1.328,3,3,5,1,3,1,23.763,23.944,24.219,24.054,24.206,19.683,,25.6,1.0
295,O43598,2-deoxynucleoside 5-phosphate N-hydrolase 1,DNPH1,0.726,1.514,,Not_Significant,#N/A,1.514,3,2,2,1,2,2,22.683,20.304,23.290,20.401,21.138,20.197,,25.5,1.0
296,O43615,Mitochondrial import inner membrane translocase subunit TIM44,TIMM44,1.222,0.433,,Not_Significant,#N/A,0.433,2,3,3,3,3,2,22.940,22.902,22.517,22.532,22.198,22.331,,25.5,1.0
298,O43633,Charged multivesicular body protein 2a,CHMP2A,0.357,0.205,,Not_Significant,#N/A,0.205,4,3,3,2,3,2,22.725,22.993,22.919,22.772,23.006,22.245,,25.5,1.0
299,O43660,Pleiotropic regulator 1,PLRG1,0.205,0.179,,Not_Significant,#N/A,0.179,10,9,8,3,5,5,22.404,22.255,23.254,22.568,22.200,22.610,,25.5,1.0
300,O43663,Protein regulator of cytokinesis 1,PRC1,0.780,0.483,,Not_Significant,#N/A,0.483,6,3,6,2,0,2,22.947,22.315,23.115,22.527,22.025,22.376,,25.5,1.0
302,O43670,BUB3-interacting and GLEBS motif-containing protein ZNF207,ZNF207,0.454,1.096,,Not_Significant,#N/A,1.096,5,3,6,2,3,1,23.177,22.654,22.681,22.927,22.597,19.699,,25.5,1.0
304,O43681,ATPase ASNA1,ASNA1,0.625,1.108,,Not_Significant,#N/A,1.108,4,2,2,2,1,1,22.570,23.033,22.868,22.674,22.316,20.157,,25.5,1.0
305,O43684,Mitotic checkpoint protein BUB3,BUB3,1.125,0.273,,Not_Significant,#N/A,0.273,13,12,13,10,5,10,23.824,23.582,23.626,23.423,23.246,23.544,,25.5,1.0
307,O43707,Alpha-actinin-4,ACTN4,1.664,0.396,,Not_Significant,#N/A,0.396,59,61,74,32,32,38,25.943,26.135,26.143,25.679,25.526,25.826,,25.5,1.0
309,O43719,HIV Tat-specific factor 1,HTATSF1,1.600,0.803,,Not_Significant,#N/A,0.803,2,1,3,1,0,0,21.392,21.294,21.365,20.694,20.100,20.848,,25.5,1.0
310,O43747,AP-1 complex subunit gamma-1,AP1G1,0.407,0.222,,Not_Significant,#N/A,0.222,5,8,7,1,3,5,24.012,24.099,23.809,23.583,23.494,24.177,,25.4,1.0
312,O43776,"Asparagine--tRNA ligase, cytoplasmic",NARS,0.443,0.180,,Not_Significant,#N/A,0.180,22,24,28,19,10,20,25.473,25.241,25.358,25.467,25.156,24.908,,25.4,1.0
314,O43795,Unconventional myosin-Ib,MYO1B,0.055,0.125,,Not_Significant,#N/A,0.125,0,0,0,0,0,0,20.749,19.866,18.720,18.956,20.698,19.306,,25.4,1.0
316,O43809,Cleavage and polyadenylation specificity factor subunit 5,NUDT21,1.406,-1.060,,Not_Significant,#N/A,-1.060,12,9,9,11,6,12,24.961,24.028,24.828,25.565,25.388,26.045,,25.4,1.0
318,O43815,Striatin,STRN,0.804,0.387,,Not_Significant,#N/A,0.387,6,3,7,3,1,1,22.831,22.648,22.807,22.577,21.945,22.603,,25.4,1.0
321,O43837,"Isocitrate dehydrogenase [NAD] subunit beta, mitochondrial",IDH3B,0.202,-0.480,,Not_Significant,#N/A,-0.480,1,2,3,3,1,1,21.944,20.142,21.391,22.562,20.163,22.190,,25.4,1.0
323,O43865,Putative adenosylhomocysteinase 2,AHCYL1,0.318,0.197,,Not_Significant,#N/A,0.197,9,6,7,5,3,1,23.260,23.341,23.903,23.526,23.377,23.010,,25.4,1.0
325,O43933,Peroxisome biogenesis factor 1,PEX1,0.333,-0.614,,Not_Significant,#N/A,-0.614,0,0,0,0,2,2,20.309,19.667,21.281,19.848,21.496,21.754,,25.4,1.0
326,O60216,Double-strand-break repair protein rad21 homolog,RAD21,1.199,1.210,,Not_Significant,#N/A,1.210,3,0,3,0,1,1,22.649,21.954,21.929,20.172,21.182,21.548,,25.4,1.0
327,O60231,Putative pre-mRNA-splicing factor ATP-dependent RNA helicase DHX16,DHX16,0.557,0.529,,Not_Significant,#N/A,0.529,6,2,5,1,1,0,22.305,22.026,22.582,22.197,22.130,20.999,,25.4,1.0
328,O60232,Sjoegren syndrome/scleroderma autoantigen 1,SSSCA1,0.566,0.306,,Not_Significant,#N/A,0.306,4,2,4,3,1,2,23.519,23.968,24.342,23.681,23.653,23.578,,25.3,1.0
330,O60256,Phosphoribosyl pyrophosphate synthase-associated protein 2,PRPSAP2,1.124,0.276,,Not_Significant,#N/A,0.276,4,2,1,3,1,0,22.374,22.626,22.416,22.056,22.182,22.350,,25.3,1.0
331,O60264,SWI/SNF-related matrix-associated actin-dependent regulator of chromatin subfamily A member 5,SMARCA5,2.180,0.450,,Not_Significant,#N/A,0.450,23,19,23,8,10,10,23.577,23.428,23.576,23.137,23.160,22.935,,25.3,1.0
332,O60271,C-Jun-amino-terminal kinase-interacting protein 4,SPAG9,0.190,0.535,,Not_Significant,#N/A,0.535,3,1,1,0,1,0,19.852,16.337,17.951,16.894,18.118,17.523,,25.3,1.0
337,O60306,Intron-binding protein aquarius,AQR,2.607,0.664,,Not_Significant,#N/A,0.664,10,7,6,4,4,3,22.746,22.527,22.818,22.065,22.088,21.945,,25.3,1.0
338,O60313,"Dynamin-like 120 kDa protein, mitochondrial;Dynamin-like 120 kDa protein, form S1",OPA1,0.809,-0.317,,Not_Significant,#N/A,-0.317,22,26,22,20,21,17,24.826,24.305,24.752,24.816,25.093,24.926,,25.3,1.0
340,O60437,Periplakin,PPL,1.151,0.397,,Not_Significant,#N/A,0.397,19,17,30,9,8,9,23.753,23.998,24.011,23.307,23.481,23.783,,25.3,1.0
342,O60493,Sorting nexin-3,SNX3,1.419,1.638,,Not_Significant,#N/A,1.638,3,1,2,1,1,0,22.201,22.712,21.773,20.349,21.487,19.935,,25.3,1.0
343,O60502,Protein O-GlcNAcase,MGEA5,1.226,0.532,,Not_Significant,#N/A,0.532,5,2,2,1,0,1,22.031,22.402,22.172,22.000,21.416,21.594,,25.3,1.0
344,O60506,Heterogeneous nuclear ribonucleoprotein Q,SYNCRIP,1.371,-0.712,,Not_Significant,#N/A,-0.712,22,15,11,16,15,7,25.682,25.009,24.920,25.853,25.942,25.952,,25.3,1.0
345,O60508,Pre-mRNA-processing factor 17,CDC40,0.834,1.329,,Not_Significant,#N/A,1.329,4,1,1,1,1,0,21.883,21.052,21.997,19.963,21.622,19.358,,25.2,1.0
346,O60524,Nuclear export mediator factor NEMF,NEMF,0.119,0.264,,Not_Significant,#N/A,0.264,0,2,2,0,0,0,19.837,21.240,22.233,21.354,21.125,20.039,,25.2,1.0
347,O60547,"GDP-mannose 4,6 dehydratase",GMDS,1.672,1.221,,Not_Significant,#N/A,1.221,1,1,2,0,0,1,21.335,21.265,21.126,19.701,19.689,20.674,,25.2,1.0
348,O60563,Cyclin-T1,CCNT1,0.008,0.008,,Not_Significant,#N/A,0.008,3,2,6,1,1,1,22.971,21.924,22.917,22.781,22.465,22.542,,25.2,1.0
352,O60610,Protein diaphanous homolog 1,DIAPH1,2.301,0.430,,Not_Significant,#N/A,0.430,17,17,15,5,4,3,23.737,23.732,23.705,23.220,23.447,23.218,,25.2,1.0
353,O60645,Exocyst complex component 3,EXOC3,1.040,1.108,,Not_Significant,#N/A,1.108,4,1,2,1,0,0,22.358,22.102,22.728,21.773,21.734,20.356,,25.2,1.0
355,O60664,Perilipin-3,PLIN3,1.055,0.900,,Not_Significant,#N/A,0.900,6,6,4,0,0,1,22.329,23.019,21.917,21.053,21.845,21.667,,25.2,1.0
356,O60678,Protein arginine N-methyltransferase 3,PRMT3,0.152,-0.629,,Not_Significant,#N/A,-0.629,3,0,3,0,0,0,23.414,20.235,23.489,24.155,24.091,20.778,,25.2,1.0
358,O60701,UDP-glucose 6-dehydrogenase,UGDH,0.568,0.534,,Not_Significant,#N/A,0.534,5,5,8,3,3,7,21.813,21.737,21.878,21.930,20.502,21.392,,25.2,1.0
359,O60716,Catenin delta-1,CTNND1,0.364,0.082,,Not_Significant,#N/A,0.082,17,15,19,10,10,13,24.549,24.830,24.787,24.575,24.666,24.680,,25.2,1.0
360,O60749,Sorting nexin-2,SNX2,1.859,0.654,,Not_Significant,#N/A,0.654,5,7,9,3,4,5,22.693,23.203,22.846,22.206,22.337,22.236,,25.1,1.0
361,O60762,Dolichol-phosphate mannosyltransferase subunit 1,DPM1,1.246,0.311,,Not_Significant,#N/A,0.311,6,6,5,4,6,1,23.259,23.657,23.522,23.183,23.165,23.157,,25.1,1.0
362,O60763,General vesicular transport factor p115,USO1,0.335,0.152,,Not_Significant,#N/A,0.152,14,10,11,6,14,5,23.832,23.525,23.901,23.527,23.885,23.391,,25.1,1.0
363,O60783,"28S ribosomal protein S14, mitochondrial",MRPS14,0.090,0.343,,Not_Significant,#N/A,0.343,1,0,1,1,1,1,24.137,20.798,23.956,23.056,23.750,21.056,,25.1,1.0
366,O60826,Coiled-coil domain-containing protein 22,CCDC22,0.124,-0.197,,Not_Significant,#N/A,-0.197,2,2,1,1,1,1,20.282,22.004,22.043,21.635,21.599,21.684,,25.1,1.0
367,O60828,Polyglutamine-binding protein 1,PQBP1,1.273,1.382,,Not_Significant,#N/A,1.382,2,0,0,0,0,0,22.252,21.708,20.729,20.101,19.802,20.642,,25.1,1.0
368,O60832,H/ACA ribonucleoprotein complex subunit 4,DKC1,0.192,0.391,,Not_Significant,#N/A,0.391,4,2,2,0,3,0,23.332,21.998,21.937,21.054,23.223,21.818,,25.1,1.0
369,O60841,Eukaryotic translation initiation factor 5B,EIF5B,0.388,0.239,,Not_Significant,#N/A,0.239,11,5,9,5,2,6,23.507,23.854,23.691,23.526,22.996,23.813,,25.1,1.0
370,O60869,Endothelial differentiation-related factor 1,EDF1,0.016,-0.009,,Not_Significant,#N/A,-0.009,2,4,2,2,0,3,23.432,23.496,22.937,23.397,23.325,23.169,,25.1,1.0
372,O60884,DnaJ homolog subfamily A member 2,DNAJA2,1.451,0.625,,Not_Significant,#N/A,0.625,3,3,3,2,1,0,22.972,22.896,23.281,22.748,22.266,22.260,,25.1,1.0
373,O60885,Bromodomain-containing protein 4,BRD4,0.872,3.682,,Not_Significant,#N/A,3.682,6,1,4,1,2,0,26.089,25.516,25.759,19.673,25.979,20.667,,25.0,1.0
375,O60925,Prefoldin subunit 1,PFDN1,0.694,0.223,,Not_Significant,#N/A,0.223,6,3,5,2,2,3,22.782,23.183,22.817,22.764,22.785,22.565,,25.0,1.0
377,O60934,Nibrin,NBN,0.050,0.063,,Not_Significant,#N/A,0.063,1,0,4,0,0,1,20.590,19.905,21.173,20.036,20.770,20.673,,25.0,1.0
383,O75083,WD repeat-containing protein 1,WDR1,4.402,0.464,,Not_Significant,#N/A,0.464,37,33,29,18,17,22,26.473,26.505,26.525,26.007,26.034,26.070,,25.0,1.0
388,O75131,Copine-3,CPNE3,2.739,0.516,,Not_Significant,#N/A,0.516,13,11,16,10,5,6,25.003,25.037,25.056,24.643,24.496,24.408,,25.0,1.0
389,O75146,Huntingtin-interacting protein 1-related protein,HIP1R,1.970,-0.876,,Not_Significant,#N/A,-0.876,6,6,6,5,5,3,22.041,22.331,22.197,22.772,23.046,23.378,,25.0,1.0
390,O75150,E3 ubiquitin-protein ligase BRE1B,RNF40,0.397,0.448,,Not_Significant,#N/A,0.448,11,4,8,5,1,4,22.545,21.120,22.005,21.487,21.016,21.823,,25.0,1.0
393,O75153,Clustered mitochondria protein homolog,CLUH,0.530,0.249,,Not_Significant,#N/A,0.249,13,3,12,1,4,2,23.170,22.825,22.978,22.931,22.915,22.380,,25.0,1.0
402,O75306,"NADH dehydrogenase [ubiquinone] iron-sulfur protein 2, mitochondrial",NDUFS2,1.519,-0.667,,Not_Significant,#N/A,-0.667,3,3,7,1,3,3,22.523,22.886,22.484,23.008,23.337,23.549,,25.0,1.0
405,O75330,Hyaluronan mediated motility receptor,HMMR,0.440,-1.435,,Not_Significant,#N/A,-1.435,5,2,3,3,1,3,22.702,20.283,19.377,20.254,23.218,23.195,,25.0,1.0
406,O75340,Programmed cell death protein 6,PDCD6,0.440,0.150,,Not_Significant,#N/A,0.150,8,10,9,8,5,8,24.906,24.988,25.190,25.015,24.640,24.980,,24.9,1.0
407,O75347,Tubulin-specific chaperone A,TBCA,0.852,0.469,,Not_Significant,#N/A,0.469,6,9,6,3,2,3,23.849,24.205,23.472,23.659,23.207,23.252,,24.9,1.0
408,O75348;O95670,V-type proton ATPase subunit G 1;V-type proton ATPase subunit G 2,ATP6V1G1;ATP6V1G2,0.844,0.466,,Not_Significant,#N/A,0.466,3,3,5,3,4,4,23.114,22.965,23.554,22.850,23.000,22.384,,24.9,1.0
409,O75351,Vacuolar protein sorting-associated protein 4B,VPS4B,1.705,0.835,,Not_Significant,#N/A,0.835,5,4,4,2,1,2,23.033,23.224,23.066,22.700,22.069,22.049,,24.9,1.0
412,O75367,Core histone macro-H2A.1,H2AFY,0.752,0.264,,Not_Significant,#N/A,0.264,15,10,11,7,7,6,25.521,25.115,25.348,25.087,25.243,24.861,,24.9,1.0
414,O75369,Filamin-B,FLNB,3.014,0.401,,Not_Significant,#N/A,0.401,130,138,134,84,83,73,26.643,26.750,26.635,26.328,26.235,26.263,,24.9,1.0
415,O75376,Nuclear receptor corepressor 1,NCOR1,0.810,0.655,,Not_Significant,#N/A,0.655,5,5,14,0,0,0,20.884,20.392,21.673,20.337,20.370,20.275,,24.9,1.0
417,O75382,Tripartite motif-containing protein 3,TRIM3,1.491,-0.580,,Not_Significant,#N/A,-0.580,4,3,3,3,1,6,21.990,21.684,22.128,22.399,22.381,22.759,,24.9,1.0
418,O75390,"Citrate synthase, mitochondrial",CS,0.476,-0.294,,Not_Significant,#N/A,-0.294,4,13,5,4,4,4,24.997,25.540,24.717,25.201,25.595,25.340,,24.9,1.0
421,O75396,Vesicle-trafficking protein SEC22b,SEC22B,0.442,0.163,,Not_Significant,#N/A,0.163,9,8,6,5,5,5,23.343,23.808,23.392,23.461,23.324,23.267,,24.9,1.0
422,O75400,Pre-mRNA-processing factor 40 homolog A,PRPF40A,1.717,-0.666,,Not_Significant,#N/A,-0.666,7,4,5,8,6,6,24.800,24.459,24.315,25.237,24.998,25.337,,24.8,1.0
424,O75436,Vacuolar protein sorting-associated protein 26A,VPS26A,2.627,0.805,,Not_Significant,#N/A,0.805,10,7,10,2,2,1,23.189,23.234,22.982,22.187,22.315,22.489,,24.8,1.0
425,O75439,Mitochondrial-processing peptidase subunit beta,PMPCB,1.050,-0.394,,Not_Significant,#N/A,-0.394,8,12,7,6,10,7,23.688,24.026,24.194,24.194,24.374,24.522,,24.8,1.0
427,O75475,PC4 and SFRS1-interacting protein,PSIP1,0.774,1.511,,Not_Significant,#N/A,1.511,4,1,0,0,0,0,22.591,22.721,20.669,19.292,20.874,21.284,,24.8,1.0
429,O75489,"NADH dehydrogenase [ubiquinone] iron-sulfur protein 3, mitochondrial",NDUFS3,0.303,-0.211,,Not_Significant,#N/A,-0.211,7,6,4,6,8,5,22.989,23.241,23.076,22.819,23.765,23.356,,24.8,1.0
430,O75494,Serine/arginine-rich splicing factor 10,SRSF10,0.688,-1.195,,Not_Significant,#N/A,-1.195,2,0,3,3,3,8,23.126,23.556,21.047,23.848,23.469,23.996,,24.8,1.0
433,O75531,"Barrier-to-autointegration factor;Barrier-to-autointegration factor, N-terminally processed",BANF1,0.702,0.703,,Not_Significant,#N/A,0.703,9,12,10,7,4,2,26.090,25.746,25.801,25.764,25.458,24.305,,24.8,1.0
434,O75533,Splicing factor 3B subunit 1,SF3B1,0.775,-0.249,,Not_Significant,#N/A,-0.249,31,13,16,16,16,15,23.753,23.264,23.515,23.705,23.727,23.846,,24.8,1.0
435,O75534,Cold shock domain-containing protein E1,CSDE1,0.694,0.200,,Not_Significant,#N/A,0.200,20,18,15,13,8,12,23.948,24.307,23.981,23.751,23.927,23.958,,24.8,1.0
436,O75569,Interferon-inducible double-stranded RNA-dependent protein kinase activator A,PRKRA,0.397,0.975,,Not_Significant,#N/A,0.975,5,4,6,2,1,2,22.811,22.332,22.392,22.318,19.504,22.790,,24.8,1.0
443,O75643,U5 small nuclear ribonucleoprotein 200 kDa helicase,SNRNP200,1.225,-0.182,,Not_Significant,#N/A,-0.182,43,29,37,27,19,27,24.256,24.065,24.203,24.364,24.283,24.424,,24.7,1.0
444,O75663,TIP41-like protein,TIPRL,0.414,1.580,,Not_Significant,#N/A,1.580,8,6,8,2,3,2,24.118,24.263,24.168,19.388,23.833,24.588,,24.7,1.0
449,O75694,Nuclear pore complex protein Nup155,NUP155,2.180,0.457,,Not_Significant,#N/A,0.457,29,26,28,16,19,14,24.593,24.645,24.763,24.263,24.066,24.300,,24.7,1.0
450,O75717,WD repeat and HMG-box DNA-binding protein 1,WDHD1,1.080,1.225,,Not_Significant,#N/A,1.225,12,4,6,2,0,2,22.889,21.872,22.074,21.786,20.286,21.088,,24.7,1.0
451,O75764,Transcription elongation factor A protein 3,TCEA3,0.586,1.106,,Not_Significant,#N/A,1.106,3,0,3,0,0,0,20.917,19.946,22.683,20.489,20.143,19.598,,24.7,1.0
454,O75821,Eukaryotic translation initiation factor 3 subunit G,EIF3G,0.060,0.026,,Not_Significant,#N/A,0.026,8,7,10,7,4,6,24.549,24.232,24.426,24.485,24.504,24.139,,24.7,1.0
455,O75822,Eukaryotic translation initiation factor 3 subunit J,EIF3J,0.629,0.997,,Not_Significant,#N/A,0.997,2,3,1,1,0,0,22.292,22.234,20.380,20.968,19.959,20.987,,24.7,1.0
457,O75832,26S proteasome non-ATPase regulatory subunit 10,PSMD10,0.379,0.215,,Not_Significant,#N/A,0.215,2,2,3,2,1,1,22.275,22.151,22.341,22.023,21.648,22.450,,24.7,1.0
458,O75843,AP-1 complex subunit gamma-like 2,AP1G2,0.780,1.078,,Not_Significant,#N/A,1.078,4,1,4,1,1,1,22.965,22.200,22.824,22.432,21.879,20.445,,24.7,1.0
459,O75874,Isocitrate dehydrogenase [NADP] cytoplasmic,IDH1,0.657,0.177,,Not_Significant,#N/A,0.177,4,4,2,1,2,1,22.968,22.935,22.686,22.705,22.820,22.532,,24.7,1.0
460,O75880,"Protein SCO1 homolog, mitochondrial",SCO1,1.174,2.061,,Not_Significant,#N/A,2.061,0,2,3,0,0,1,21.705,23.119,23.359,21.931,19.819,20.251,,24.6,1.0
461,O75884,Putative hydrolase RBBP9,RBBP9,1.036,1.029,,Not_Significant,#N/A,1.029,3,4,4,1,2,0,22.930,23.059,23.456,22.494,22.619,21.244,,24.6,1.0
462,O75886,Signal transducing adapter molecule 2,STAM2,1.472,-0.299,,Not_Significant,#N/A,-0.299,3,1,2,4,3,1,21.268,21.583,21.364,21.712,21.681,21.718,,24.6,1.0
464,O75909,Cyclin-K,CCNK,0.491,0.765,,Not_Significant,#N/A,0.765,1,0,0,1,1,0,21.725,21.323,20.387,19.296,21.092,20.752,,24.6,1.0
466,O75934,Pre-mRNA-splicing factor SPF27,BCAS2,0.973,0.414,,Not_Significant,#N/A,0.414,6,4,7,2,2,4,24.293,23.946,24.502,24.013,23.869,23.616,,24.6,1.0
467,O75935,Dynactin subunit 3,DCTN3,0.857,-0.329,,Not_Significant,#N/A,-0.329,3,3,2,2,2,3,23.026,23.122,23.150,23.680,23.513,23.093,,24.6,1.0
468,O75937,DnaJ homolog subfamily C member 8,DNAJC8,0.505,-0.382,,Not_Significant,#N/A,-0.382,2,1,2,0,2,0,25.278,26.004,25.880,26.312,25.616,26.380,,24.6,1.0
469,O75940,Survival of motor neuron-related-splicing factor 30,SMNDC1,0.473,1.192,,Not_Significant,#N/A,1.192,2,2,1,0,1,0,20.858,22.414,22.630,19.324,22.537,20.464,,24.6,1.0
470,O75947,"ATP synthase subunit d, mitochondrial",ATP5H,1.130,0.598,,Not_Significant,#N/A,0.598,7,8,7,2,1,4,23.860,24.362,24.470,23.807,23.307,23.786,,24.6,1.0
471,O75955,Flotillin-1,FLOT1,1.374,-0.452,,Not_Significant,#N/A,-0.452,20,13,20,15,14,19,24.216,23.935,24.409,24.612,24.536,24.768,,24.6,1.0
473,O75964,"ATP synthase subunit g, mitochondrial",ATP5L,0.965,0.627,,Not_Significant,#N/A,0.627,7,9,8,4,5,5,24.468,25.426,24.892,24.116,24.542,24.246,,24.5,1.0
474,O76003,Glutaredoxin-3,GLRX3,0.215,0.098,,Not_Significant,#N/A,0.098,7,4,5,3,5,5,23.894,23.547,23.571,23.842,23.391,23.485,,24.5,1.0
475,O76021,Ribosomal L1 domain-containing protein 1,RSL1D1,0.155,0.528,,Not_Significant,#N/A,0.528,3,1,0,0,2,0,23.076,21.593,20.782,20.931,23.322,19.613,,24.5,1.0
478,O76041,Nebulette,NEBL,0.095,-0.065,,Not_Significant,#N/A,-0.065,3,4,2,0,3,3,22.228,22.053,21.691,21.731,22.059,22.377,,24.5,1.0
480,O76071,Probable cytosolic iron-sulfur protein assembly protein CIAO1,CIAO1,2.107,0.443,,Not_Significant,#N/A,0.443,3,2,2,0,0,2,23.600,23.463,23.527,23.097,23.222,22.944,,24.5,1.0
482,O76094,Signal recognition particle subunit SRP72,SRP72,0.540,-0.187,,Not_Significant,#N/A,-0.187,13,9,12,8,3,4,23.880,23.558,24.037,24.070,23.893,24.075,,24.5,1.0
485,O94776,Metastasis-associated protein MTA2,MTA2,1.774,0.757,,Not_Significant,#N/A,0.757,10,9,12,4,3,7,23.926,23.623,24.015,23.155,22.814,23.326,,24.5,1.0
486,O94822,E3 ubiquitin-protein ligase listerin,LTN1,1.534,1.231,,Not_Significant,#N/A,1.231,5,2,3,0,0,0,21.413,21.723,22.261,20.849,20.019,20.838,,24.5,1.0
487,O94826,Mitochondrial import receptor subunit TOM70,TOMM70A,0.231,-0.087,,Not_Significant,#N/A,-0.087,12,15,13,7,9,5,23.948,24.270,24.344,24.114,24.398,24.313,,24.5,1.0
491,O94874,E3 UFM1-protein ligase 1,UFL1,2.010,0.510,,Not_Significant,#N/A,0.510,14,7,15,2,2,4,23.415,23.535,23.455,22.776,22.960,23.138,,24.5,1.0
492,O94880,PHD finger protein 14,PHF14,0.177,0.228,,Not_Significant,#N/A,0.228,3,2,1,0,0,0,21.658,20.814,19.985,20.453,20.701,20.621,,24.4,1.0
493,O94888,UBX domain-containing protein 7,UBXN7,0.545,0.511,,Not_Significant,#N/A,0.511,2,1,0,1,0,1,21.835,20.604,21.533,21.073,20.914,20.453,,24.4,1.0
494,O94901,SUN domain-containing protein 1,SUN1,0.178,-0.437,,Not_Significant,#N/A,-0.437,8,1,5,2,2,3,22.376,19.516,22.151,21.628,21.616,22.110,,24.4,1.0
495,O94903,Proline synthase co-transcribed bacterial homolog protein,PROSC,0.713,3.214,,Not_Significant,#N/A,3.214,3,4,2,0,0,0,25.711,25.752,19.581,20.826,20.249,20.328,,24.4,1.0
496,O94905,Erlin-2,ERLIN2,1.795,0.339,,Not_Significant,#N/A,0.339,15,16,15,8,8,5,25.286,25.253,25.204,25.015,24.749,24.963,,24.4,1.0
497,O94906,Pre-mRNA-processing factor 6,PRPF6,0.523,-0.295,,Not_Significant,#N/A,-0.295,17,9,10,10,8,12,23.143,22.799,23.266,23.670,22.975,23.449,,24.4,1.0
498,O94915,Protein furry homolog-like,FRYL,1.545,0.650,,Not_Significant,#N/A,0.650,1,0,3,0,0,0,21.166,20.894,20.776,20.472,20.429,19.985,,24.4,1.0
506,O95049,Tight junction protein ZO-3,TJP3,0.338,0.240,,Not_Significant,#N/A,0.240,3,0,2,1,0,0,21.327,20.650,21.044,20.995,20.974,20.330,,24.4,1.0
507,O95071,E3 ubiquitin-protein ligase UBR5,UBR5,0.639,-3.005,,Not_Significant,#N/A,-3.005,3,0,2,1,0,0,27.492,20.883,26.903,27.833,27.936,28.523,,24.4,1.0
508,O95104,"Splicing factor, arginine/serine-rich 15",SCAF4,0.656,0.577,,Not_Significant,#N/A,0.577,1,0,1,0,0,0,21.606,20.949,21.223,19.990,21.108,20.950,,24.4,1.0
509,O95154,Aflatoxin B1 aldehyde reductase member 3,AKR7A3,0.759,0.826,,Not_Significant,#N/A,0.826,3,2,3,0,0,0,21.232,21.583,21.220,21.224,20.747,19.587,,24.3,1.0
511,O95163,Elongator complex protein 1,IKBKAP,1.454,0.793,,Not_Significant,#N/A,0.793,8,10,14,7,5,5,23.225,23.288,23.539,22.822,22.760,22.090,,24.3,1.0
512,O95168,NADH dehydrogenase [ubiquinone] 1 beta subcomplex subunit 4,NDUFB4,0.057,0.155,,Not_Significant,#N/A,0.155,1,0,3,1,0,2,20.923,22.366,22.496,22.769,20.220,22.331,,24.3,1.0
517,O95232,Luc7-like protein 3,LUC7L3,0.822,-0.585,,Not_Significant,#N/A,-0.585,9,6,7,6,7,6,24.000,23.125,23.688,23.922,24.048,24.598,,24.3,1.0
519,O95238,SAM pointed domain-containing Ets transcription factor,SPDEF,1.368,0.752,,Not_Significant,#N/A,0.752,1,2,2,0,0,0,21.051,21.819,21.658,20.639,20.665,20.968,,24.3,1.0
520,O95239,Chromosome-associated kinesin KIF4A,KIF4A,0.036,-0.066,,Not_Significant,#N/A,-0.066,3,1,3,0,0,0,20.261,19.024,20.845,20.605,20.211,19.511,,24.3,1.0
523,O95292,Vesicle-associated membrane protein-associated protein B/C,VAPB,0.561,-0.147,,Not_Significant,#N/A,-0.147,4,1,5,7,3,3,23.235,22.935,23.225,23.403,23.213,23.220,,24.3,1.0
525,O95299,"NADH dehydrogenase [ubiquinone] 1 alpha subcomplex subunit 10, mitochondrial",NDUFA10,0.862,-0.961,,Not_Significant,#N/A,-0.961,1,1,1,1,2,2,22.738,23.042,22.659,23.025,23.562,24.737,,24.3,1.0
527,O95340,Bifunctional 3-phosphoadenosine 5-phosphosulfate synthase 2;Sulfate adenylyltransferase;Adenylyl-sulfate kinase,PAPSS2,0.400,0.256,,Not_Significant,#N/A,0.256,13,8,7,2,3,3,23.057,22.854,23.584,22.584,23.075,23.066,,24.3,1.0
528,O95347,Structural maintenance of chromosomes protein 2,SMC2,1.967,0.253,,Not_Significant,#N/A,0.253,24,22,34,16,14,10,23.791,23.890,23.873,23.692,23.550,23.552,,24.3,1.0
529,O95352,Ubiquitin-like modifier-activating enzyme ATG7,ATG7,0.058,0.238,,Not_Significant,#N/A,0.238,3,0,2,0,1,0,22.756,19.417,22.470,20.266,23.202,20.463,,24.2,1.0
534,O95373,Importin-7,IPO7,2.682,0.472,,Not_Significant,#N/A,0.472,6,11,11,5,7,3,28.465,28.643,28.457,28.054,28.001,28.095,,24.2,1.0
535,O95376,E3 ubiquitin-protein ligase ARIH2,ARIH2,1.082,0.606,,Not_Significant,#N/A,0.606,2,4,3,0,1,0,20.707,21.160,21.525,20.662,20.617,20.294,,24.2,1.0
538,O95396,Adenylyltransferase and sulfurtransferase MOCS3;Molybdopterin-synthase adenylyltransferase;Molybdopterin-synthase sulfurtransferase,MOCS3,1.254,1.684,,Not_Significant,#N/A,1.684,5,4,5,1,1,1,22.387,22.523,22.928,19.834,21.010,21.941,,24.2,1.0
539,O95400,CD2 antigen cytoplasmic tail-binding protein 2,CD2BP2,0.844,1.028,,Not_Significant,#N/A,1.028,5,5,4,4,1,2,22.388,22.580,22.233,21.963,20.259,21.893,,24.2,1.0
542,O95433,Activator of 90 kDa heat shock protein ATPase homolog 1,AHSA1,0.908,0.321,,Not_Significant,#N/A,0.321,9,8,13,7,9,7,23.815,23.938,24.012,23.493,23.402,23.905,,24.2,1.0
545,O95470,Sphingosine-1-phosphate lyase 1,SGPL1,0.392,0.832,,Not_Significant,#N/A,0.832,4,3,4,0,0,2,22.225,22.408,22.439,19.857,21.807,22.912,,24.2,1.0
546,O95486,Protein transport protein Sec24A,SEC24A,2.519,0.750,,Not_Significant,#N/A,0.750,4,2,6,4,1,2,22.715,22.764,22.889,22.221,21.859,22.040,,24.2,1.0
547,O95487,Protein transport protein Sec24B,SEC24B,0.898,-1.053,,Not_Significant,#N/A,-1.053,1,0,1,1,1,2,21.741,22.364,20.625,22.389,23.029,22.470,,24.2,1.0
549,O95571,"Persulfide dioxygenase ETHE1, mitochondrial",ETHE1,0.545,-1.390,,Not_Significant,#N/A,-1.390,2,1,2,2,3,1,22.497,19.040,22.346,22.692,22.680,22.681,,24.2,1.0
550,O95573,Long-chain-fatty-acid--CoA ligase 3,ACSL3,1.250,0.556,,Not_Significant,#N/A,0.556,7,7,4,2,2,1,22.965,22.867,22.452,22.480,22.083,22.055,,24.1,1.0
555,O95630,STAM-binding protein,STAMBP,0.879,0.367,,Not_Significant,#N/A,0.367,4,3,1,1,1,1,21.737,22.110,22.387,21.793,21.629,21.712,,24.1,1.0
559,O95757,Heat shock 70 kDa protein 4L,HSPA4L,0.953,0.807,,Not_Significant,#N/A,0.807,12,5,5,4,5,2,23.548,23.060,22.252,22.384,22.042,22.013,,24.1,1.0
560,O95758,Polypyrimidine tract-binding protein 3,PTBP3,1.987,-0.535,,Not_Significant,#N/A,-0.535,4,3,6,4,4,2,23.540,23.140,23.295,23.888,23.840,23.853,,24.1,1.0
562,O95782,AP-2 complex subunit alpha-1,AP2A1,0.716,0.234,,Not_Significant,#N/A,0.234,16,12,12,9,6,5,23.543,23.846,23.939,23.542,23.386,23.698,,24.1,1.0
563,O95785,Protein Wiz,WIZ,1.284,1.228,,Not_Significant,#N/A,1.228,1,0,1,0,0,1,22.538,22.667,22.534,21.603,21.967,20.483,,24.1,1.0
565,O95793,Double-stranded RNA-binding protein Staufen homolog 1,STAU1,0.283,-0.089,,Not_Significant,#N/A,-0.089,6,4,7,4,6,3,23.317,23.167,23.076,23.201,23.483,23.144,,24.1,1.0
567,O95816,BAG family molecular chaperone regulator 2,BAG2,0.957,0.754,,Not_Significant,#N/A,0.754,3,4,3,2,2,1,24.907,24.539,25.737,24.387,24.429,24.103,,24.1,1.0
568,O95817,BAG family molecular chaperone regulator 3,BAG3,1.119,1.522,,Not_Significant,#N/A,1.522,6,4,3,1,1,0,23.043,22.719,22.394,21.462,22.098,20.031,,24.1,1.0
570,O95833,Chloride intracellular channel protein 3,CLIC3,0.738,0.372,,Not_Significant,#N/A,0.372,12,18,14,6,7,7,24.960,25.093,25.153,24.255,24.849,24.985,,24.1,1.0
571,O95834,Echinoderm microtubule-associated protein-like 2,EML2,0.991,0.582,,Not_Significant,#N/A,0.582,7,7,6,3,4,4,23.137,23.595,23.259,23.123,22.819,22.304,,24.0,1.0
572,O95861,"3(2),5-bisphosphate nucleotidase 1",BPNT1,1.795,0.657,,Not_Significant,#N/A,0.657,5,5,9,4,1,3,23.898,23.918,24.029,23.560,23.010,23.303,,24.0,1.0
575,O95994,Anterior gradient protein 2 homolog,AGR2,0.450,0.307,,Not_Significant,#N/A,0.307,6,5,5,3,1,2,23.712,23.313,22.827,23.123,23.118,22.691,,24.0,1.0
576,O96000,NADH dehydrogenase [ubiquinone] 1 beta subcomplex subunit 10,NDUFB10,0.006,-0.008,,Not_Significant,#N/A,-0.008,6,3,3,3,1,2,22.553,23.676,23.002,23.154,22.634,23.465,,24.0,1.0
579,O96008,Mitochondrial import receptor subunit TOM40 homolog,TOMM40,1.314,1.115,,Not_Significant,#N/A,1.115,3,7,8,3,2,6,22.318,23.165,23.661,22.063,21.871,21.866,,24.0,1.0
580,O96013,Serine/threonine-protein kinase PAK 4,PAK4,0.836,0.401,,Not_Significant,#N/A,0.401,6,1,3,2,0,1,22.153,22.345,22.779,21.869,22.269,21.938,,24.0,1.0
584,P00338,L-lactate dehydrogenase A chain,LDHA,1.726,0.578,,Not_Significant,#N/A,0.578,18,24,15,9,6,8,25.625,26.121,25.745,25.271,25.204,25.281,,24.0,1.0
585,P00367;P49448,"Glutamate dehydrogenase 1, mitochondrial;Glutamate dehydrogenase 2, mitochondrial",GLUD1;GLUD2,0.449,-0.126,,Not_Significant,#N/A,-0.126,26,21,16,17,13,13,24.304,24.604,24.475,24.693,24.643,24.423,,24.0,1.0
588,P00390,"Glutathione reductase, mitochondrial",GSR,1.672,0.499,,Not_Significant,#N/A,0.499,7,4,9,2,3,3,23.782,24.177,24.003,23.408,23.422,23.634,,24.0,1.0
589,P00403,Cytochrome c oxidase subunit 2,MT-CO2,0.765,1.824,,Not_Significant,#N/A,1.824,3,2,4,2,3,2,24.648,23.698,24.148,23.480,23.324,20.218,,24.0,1.0
591,P00491,Purine nucleoside phosphorylase,PNP,1.799,1.015,,Not_Significant,#N/A,1.015,2,3,1,0,0,0,21.199,21.518,21.416,20.548,20.644,19.897,,23.9,1.0
592,P00492,Hypoxanthine-guanine phosphoribosyltransferase,HPRT1,1.039,1.160,,Not_Significant,#N/A,1.160,1,2,1,0,0,0,20.308,21.879,21.329,20.429,19.560,20.048,,23.9,1.0
593,P00505,"Aspartate aminotransferase, mitochondrial",GOT2,0.181,-0.173,,Not_Significant,#N/A,-0.173,9,9,10,12,6,8,23.929,24.512,24.256,24.997,23.893,24.324,,23.9,1.0
594,P00558,Phosphoglycerate kinase 1,PGK1,1.223,0.409,,Not_Significant,#N/A,0.409,59,49,41,34,31,26,27.483,27.475,27.109,27.097,26.979,26.765,,23.9,1.0
595,P00568,Adenylate kinase isoenzyme 1,AK1,0.364,0.176,,Not_Significant,#N/A,0.176,5,3,2,3,4,2,23.446,23.823,23.253,23.276,23.549,23.169,,23.9,1.0
599,P00966,Argininosuccinate synthase,ASS1,0.202,0.125,,Not_Significant,#N/A,0.125,3,4,5,1,1,1,23.166,23.379,23.643,23.460,22.880,23.473,,23.9,1.0
605,P0DOX5;P01857;P01860,Ig gamma-1 chain C region;Ig gamma-3 chain C region,IGHG1;IGHG3,1.534,-1.487,,Not_Significant,#N/A,-1.487,1,0,3,5,2,2,27.382,28.564,28.657,29.607,29.430,30.027,,23.9,1.0
608,P02545,Prelamin-A/C;Lamin-A/C,LMNA,0.546,0.172,,Not_Significant,#N/A,0.172,95,91,109,69,75,77,27.660,27.567,28.015,27.535,27.633,27.557,,23.9,1.0
610,P02786,"Transferrin receptor protein 1;Transferrin receptor protein 1, serum form",TFRC,0.380,0.180,,Not_Significant,#N/A,0.180,28,29,27,19,22,21,24.725,25.232,25.053,24.620,24.780,25.071,,23.9,1.0
616,P04075,Fructose-bisphosphate aldolase A,ALDOA,0.956,0.322,,Not_Significant,#N/A,0.322,60,59,48,49,43,36,28.015,28.243,27.815,27.833,27.763,27.510,,23.9,1.0
618,P04083,Annexin A1,ANXA1,0.462,1.310,,Not_Significant,#N/A,1.310,3,10,0,0,0,0,21.213,24.124,20.134,20.616,19.975,20.948,,23.8,1.0
620,P04181,"Ornithine aminotransferase, mitochondrial;Ornithine aminotransferase, hepatic form;Ornithine aminotransferase, renal form",OAT,0.431,-0.349,,Not_Significant,#N/A,-0.349,4,8,5,3,8,5,22.392,23.223,22.310,22.671,23.319,22.982,,23.8,1.0
621,P04183,"Thymidine kinase, cytosolic",TK1,0.137,-0.111,,Not_Significant,#N/A,-0.111,6,6,7,4,2,2,23.715,23.551,23.511,24.275,23.510,23.324,,23.8,1.0
625,P04406,Glyceraldehyde-3-phosphate dehydrogenase,GAPDH,1.029,0.453,,Not_Significant,#N/A,0.453,68,83,60,41,38,36,28.641,28.656,28.185,28.281,28.036,27.806,,23.8,1.0
631,P04843,Dolichyl-diphosphooligosaccharide--protein glycosyltransferase subunit 1,RPN1,1.163,0.316,,Not_Significant,#N/A,0.316,31,23,30,18,20,15,25.385,25.437,25.185,25.223,24.939,24.899,,23.8,1.0
632,P04844,Dolichyl-diphosphooligosaccharide--protein glycosyltransferase subunit 2,RPN2,1.270,0.443,,Not_Significant,#N/A,0.443,17,17,20,17,12,13,25.694,25.626,25.559,25.304,24.868,25.378,,23.8,1.0
633,P04899,Guanine nucleotide-binding protein G(i) subunit alpha-2,GNAI2,0.822,1.356,,Not_Significant,#N/A,1.356,4,6,3,0,0,1,22.016,22.412,21.629,19.206,21.489,21.292,,23.8,1.0
634,Q93077;Q7L7L0;P04908,Histone H2A type 1-C;Histone H2A type 3;Histone H2A type 1-B/E,HIST1H2AC;HIST3H2A;HIST1H2AB,0.209,-0.853,,Not_Significant,#N/A,-0.853,9,4,5,3,1,4,25.659,24.685,20.643,24.055,24.266,25.226,,23.8,1.0
635,P05023;P13637,Sodium/potassium-transporting ATPase subunit alpha-1;Sodium/potassium-transporting ATPase subunit alpha-3,ATP1A1;ATP1A3,1.015,0.499,,Not_Significant,#N/A,0.499,6,9,7,2,3,4,22.850,23.606,23.203,22.592,22.721,22.849,,23.8,1.0
637,P05091,"Aldehyde dehydrogenase, mitochondrial",ALDH2,1.605,-0.699,,Not_Significant,#N/A,-0.699,11,15,21,12,14,12,26.844,26.202,26.337,27.102,27.240,27.139,,23.8,1.0
640,P05141,"ADP/ATP translocase 2;ADP/ATP translocase 2, N-terminally processed",SLC25A5,0.546,0.451,,Not_Significant,#N/A,0.451,9,13,10,9,10,8,24.949,26.105,25.317,24.759,25.200,25.061,,23.7,1.0
644,P05198,Eukaryotic translation initiation factor 2 subunit 1,EIF2S1,1.219,0.270,,Not_Significant,#N/A,0.270,30,25,21,14,12,11,26.000,25.793,25.646,25.556,25.511,25.562,,23.7,1.0
645,P05204,Non-histone chromosomal protein HMG-17,HMGN2,0.348,-0.264,,Not_Significant,#N/A,-0.264,4,5,1,0,1,0,24.466,24.299,23.784,24.347,24.900,24.092,,23.7,1.0
647,P05387,60S acidic ribosomal protein P2,RPLP2,1.442,0.637,,Not_Significant,#N/A,0.637,13,12,10,7,6,6,25.636,26.133,25.557,25.307,25.142,24.967,,23.7,1.0
648,P05388;Q8NHW5,60S acidic ribosomal protein P0;60S acidic ribosomal protein P0-like,RPLP0;RPLP0P6,0.553,0.126,,Not_Significant,#N/A,0.126,22,29,26,11,11,18,26.764,26.828,26.744,26.771,26.460,26.728,,23.7,1.0
650,P05455,Lupus La protein,SSB,0.677,0.871,,Not_Significant,#N/A,0.871,6,2,2,2,0,2,23.426,22.414,21.774,21.320,22.330,21.351,,23.7,1.0
653,P06396,Gelsolin,GSN,1.550,0.142,,Not_Significant,#N/A,0.142,36,23,23,23,16,15,25.926,25.981,25.849,25.792,25.796,25.739,,23.7,1.0
655,P06401,Progesterone receptor,PGR,0.784,0.489,,Not_Significant,#N/A,0.489,27,15,22,9,9,6,25.343,24.632,25.350,24.896,24.625,24.337,,23.7,1.0
657,P06493,Cyclin-dependent kinase 1,CDK1,1.856,0.465,,Not_Significant,#N/A,0.465,29,19,24,24,15,17,25.817,25.773,25.952,25.547,25.388,25.209,,23.7,1.0
658,P06576,"ATP synthase subunit beta, mitochondrial",ATP5B,2.121,0.846,,Not_Significant,#N/A,0.846,79,81,87,57,43,50,28.580,28.956,29.099,27.997,27.934,28.167,,23.7,1.0
660,P06703,Protein S100-A6,S100A6,0.100,0.077,,Not_Significant,#N/A,0.077,2,4,3,2,2,2,26.241,26.878,26.259,26.042,26.666,26.438,,23.6,1.0
661,P06730,Eukaryotic translation initiation factor 4E,EIF4E,0.387,1.292,,Not_Significant,#N/A,1.292,5,3,4,2,2,1,24.688,24.448,24.166,20.353,24.399,24.675,,23.6,1.0
662,P06733,Alpha-enolase,ENO1,1.379,0.522,,Not_Significant,#N/A,0.522,75,80,65,39,46,37,27.818,28.248,27.662,27.414,27.407,27.340,,23.6,1.0
663,P06737,"Glycogen phosphorylase, liver form",PYGL,0.209,0.339,,Not_Significant,#N/A,0.339,5,5,4,1,1,0,22.295,22.946,21.936,21.857,21.209,23.095,,23.6,1.0
664,P06744,Glucose-6-phosphate isomerase,GPI,1.554,0.861,,Not_Significant,#N/A,0.861,12,17,14,8,5,5,24.361,24.434,23.756,23.588,23.125,23.254,,23.6,1.0
665,P06748,Nucleophosmin,NPM1,0.136,-0.166,,Not_Significant,#N/A,-0.166,25,23,16,12,13,14,26.868,26.861,26.138,26.379,27.548,26.439,,23.6,1.0
666,P06753,Tropomyosin alpha-3 chain,TPM3,1.746,0.195,,Not_Significant,#N/A,0.195,15,16,19,11,12,10,26.243,26.289,26.208,26.134,26.040,25.981,,23.6,1.0
669,P07195,L-lactate dehydrogenase B chain,LDHB,0.997,1.030,,Not_Significant,#N/A,1.030,8,17,8,6,3,5,23.404,24.747,23.277,22.880,22.544,22.913,,23.6,1.0
673,P07237,Protein disulfide-isomerase,P4HB,0.618,0.428,,Not_Significant,#N/A,0.428,17,24,15,11,13,4,24.174,24.757,23.817,24.009,23.925,23.531,,23.6,1.0
674,P07305,"Histone H1.0;Histone H1.0, N-terminally processed",H1F0,0.323,-0.435,,Not_Significant,#N/A,-0.435,11,7,2,8,6,6,24.738,23.418,23.638,24.274,25.053,23.773,,23.6,1.0
676,P07355;A6NMY6,Annexin A2;Putative annexin A2-like protein,ANXA2;ANXA2P2,0.908,0.318,,Not_Significant,#N/A,0.318,43,50,37,33,28,32,26.991,27.207,26.732,26.788,26.701,26.488,,23.5,1.0
677,P07384,Calpain-1 catalytic subunit,CAPN1,1.438,0.461,,Not_Significant,#N/A,0.461,15,21,25,5,6,6,24.417,24.700,24.623,24.166,24.303,23.885,,23.5,1.0
678,P07437,Tubulin beta chain,TUBB,0.634,0.139,,Not_Significant,#N/A,0.139,38,34,33,22,28,22,29.838,29.685,29.667,29.737,29.450,29.584,,23.5,1.0
680,P07737,Profilin-1,PFN1,0.899,0.312,,Not_Significant,#N/A,0.312,29,26,29,19,14,21,27.643,27.700,27.551,27.630,27.146,27.182,,23.5,1.0
681,P07741,Adenine phosphoribosyltransferase,APRT,0.732,1.258,,Not_Significant,#N/A,1.258,4,9,6,4,1,2,22.992,23.484,23.065,22.783,22.602,20.380,,23.5,1.0
682,P07814,Bifunctional glutamate/proline--tRNA ligase;Glutamate--tRNA ligase;Proline--tRNA ligase,EPRS,0.218,-0.034,,Not_Significant,#N/A,-0.034,78,69,79,47,38,43,25.739,25.601,25.727,25.724,25.651,25.793,,23.5,1.0
683,P07900,Heat shock protein HSP 90-alpha,HSP90AA1,2.893,0.648,,Not_Significant,#N/A,0.648,73,53,61,42,31,33,27.439,27.533,27.298,26.857,26.719,26.750,,23.5,1.0
685,P07910;P0DMR1;O60812;B7ZW38;B2RXH8,Heterogeneous nuclear ribonucleoproteins C1/C2;Heterogeneous nuclear ribonucleoprotein C-like 4;Heterogeneous nuclear ribonucleoprotein C-like 1;Heterogeneous nuclear ribonucleoprotein C-like 3;Heterogeneous nuclear ribonucleoprotein C-like 2,HNRNPC;HNRNPCL4;HNRNPCL1;HNRNPCL3;HNRNPCL2,1.225,-0.645,,Not_Significant,#N/A,-0.645,22,23,21,20,26,20,27.157,26.462,26.459,27.395,27.171,27.447,,23.5,1.0
686,P07954,"Fumarate hydratase, mitochondrial",FH,0.463,-0.203,,Not_Significant,#N/A,-0.203,16,13,13,14,10,7,24.818,24.833,24.578,25.200,25.016,24.621,,23.5,1.0
690,P08134;P62745,Rho-related GTP-binding protein RhoC;Rho-related GTP-binding protein RhoB,RHOC;RHOB,0.984,2.765,,Not_Significant,#N/A,2.765,2,2,3,0,1,2,24.458,23.917,23.835,20.037,19.966,23.910,,23.5,1.0
691,P08195,4F2 cell-surface antigen heavy chain,SLC3A2,0.737,0.494,,Not_Significant,#N/A,0.494,4,6,7,2,2,4,23.231,23.621,22.844,22.553,22.503,23.158,,23.4,1.0
692,P08237,"ATP-dependent 6-phosphofructokinase, muscle type",PFKM,1.692,0.545,,Not_Significant,#N/A,0.545,16,15,11,9,9,10,24.114,24.316,23.974,23.420,23.788,23.560,,23.4,1.0
695,P08243,Asparagine synthetase [glutamine-hydrolyzing],ASNS,2.131,0.453,,Not_Significant,#N/A,0.453,26,22,23,26,17,15,25.357,25.368,25.423,25.065,24.960,24.765,,23.4,1.0
696,P08397,Porphobilinogen deaminase,HMBS,0.467,0.820,,Not_Significant,#N/A,0.820,2,0,0,0,0,0,21.640,20.799,21.709,20.240,19.542,21.905,,23.4,1.0
698,P08559,"Pyruvate dehydrogenase E1 component subunit alpha, somatic form, mitochondrial",PDHA1,0.932,-0.403,,Not_Significant,#N/A,-0.403,14,10,10,15,15,11,24.516,24.339,24.962,24.891,25.165,24.972,,23.4,1.0
699,P08574,"Cytochrome c1, heme protein, mitochondrial",CYC1,1.068,1.597,,Not_Significant,#N/A,1.597,2,3,1,1,1,1,23.187,22.839,22.102,20.217,22.318,20.800,,23.4,1.0
705,P08708,40S ribosomal protein S17,RPS17,0.000,0.000,,Not_Significant,#N/A,0.000,4,10,4,2,1,3,24.439,25.165,23.907,24.846,24.229,24.437,,23.4,1.0
707,P08754,Guanine nucleotide-binding protein G(k) subunit alpha,GNAI3,0.944,1.269,,Not_Significant,#N/A,1.269,1,1,1,1,1,1,20.269,22.292,21.927,20.087,20.398,20.194,,23.4,1.0
708,P08758,Annexin A5,ANXA5,0.844,1.217,,Not_Significant,#N/A,1.217,5,8,4,0,0,0,22.437,24.394,22.682,22.338,21.449,22.075,,23.4,1.0
709,P08865,40S ribosomal protein SA,RPSA,0.075,0.029,,Not_Significant,#N/A,0.029,37,27,29,21,22,23,26.926,26.894,26.951,26.952,26.638,27.095,,23.4,1.0
710,P09001,"39S ribosomal protein L3, mitochondrial",MRPL3,0.735,-0.334,,Not_Significant,#N/A,-0.334,3,0,1,2,0,3,22.205,21.865,21.599,22.266,22.393,22.011,,23.3,1.0
711,P09012,U1 small nuclear ribonucleoprotein A,SNRPA,0.285,0.112,,Not_Significant,#N/A,0.112,4,4,4,5,2,2,24.022,24.146,24.109,24.061,23.682,24.197,,23.3,1.0
716,P09234,U1 small nuclear ribonucleoprotein C,SNRPC,0.028,0.020,,Not_Significant,#N/A,0.020,2,2,2,3,1,2,24.692,24.153,24.023,24.522,24.157,24.128,,23.3,1.0
717,P09382,Galectin-1,LGALS1,0.567,0.479,,Not_Significant,#N/A,0.479,3,14,2,2,3,3,24.129,24.826,23.948,23.875,24.249,23.341,,23.3,1.0
718,P09429;B2RPK0,High mobility group protein B1;Putative high mobility group protein B1-like 1,HMGB1;HMGB1P1,1.005,0.514,,Not_Significant,#N/A,0.514,37,20,25,11,12,15,26.165,25.439,25.481,25.182,25.262,25.101,,23.3,1.0
720,P09488;Q03013,Glutathione S-transferase Mu 1;Glutathione S-transferase Mu 4,GSTM1;GSTM4,0.911,-2.233,,Not_Significant,#N/A,-2.233,1,0,0,0,0,1,21.944,19.886,20.811,21.195,24.397,23.750,,23.3,1.0
721,P09493,Tropomyosin alpha-1 chain,TPM1,0.949,0.323,,Not_Significant,#N/A,0.323,9,5,7,5,5,1,23.288,23.325,22.840,22.871,22.849,22.764,,23.3,1.0
722,P09496,Clathrin light chain A,CLTA,0.269,-0.067,,Not_Significant,#N/A,-0.067,8,5,5,4,5,6,24.349,24.091,24.265,24.178,24.390,24.337,,23.3,1.0
723,P09497,Clathrin light chain B,CLTB,0.060,0.031,,Not_Significant,#N/A,0.031,4,4,2,2,1,3,22.475,22.494,22.415,22.128,22.751,22.411,,23.3,1.0
724,P09525,Annexin A4,ANXA4,0.007,-0.009,,Not_Significant,#N/A,-0.009,6,7,4,2,1,3,23.073,23.501,22.683,22.679,22.874,23.731,,23.3,1.0
728,P09661,U2 small nuclear ribonucleoprotein A,SNRPA1,0.118,-0.071,,Not_Significant,#N/A,-0.071,8,2,6,2,3,4,23.324,22.904,23.083,23.087,23.526,22.911,,23.2,1.0
729,P09874,Poly [ADP-ribose] polymerase 1,PARP1,1.668,0.500,,Not_Significant,#N/A,0.500,62,38,41,26,25,32,25.861,25.478,25.830,25.105,25.302,25.261,,23.2,1.0
733,P09960,Leukotriene A-4 hydrolase,LTA4H,2.306,0.591,,Not_Significant,#N/A,0.591,16,14,16,12,9,8,23.607,23.738,23.564,22.999,23.221,22.915,,23.2,1.0
734,P09972,Fructose-bisphosphate aldolase C,ALDOC,1.381,0.678,,Not_Significant,#N/A,0.678,17,13,9,4,9,3,25.686,25.944,25.224,25.083,24.964,24.773,,23.2,1.0
735,Q71UI9;P0C0S5,Histone H2A.V;Histone H2A.Z,H2AFV;H2AFZ,0.768,0.608,,Not_Significant,#N/A,0.608,9,4,5,2,1,1,27.147,26.147,26.256,26.268,25.761,25.698,,23.2,1.0
736,Q99878;Q96KK5;Q9BTM1;P20671;P0C0S8,Histone H2A type 1-J;Histone H2A type 1-H;Histone H2A.J;Histone H2A type 1-D;Histone H2A type 1,HIST1H2AJ;HIST1H2AH;H2AFJ;HIST1H2AD;HIST1H2AG,0.417,0.190,,Not_Significant,#N/A,0.190,18,18,17,18,18,10,30.175,29.927,29.738,29.850,29.952,29.469,,23.2,1.0
741,P62987;P62979;P0CG47;P0CG48,Ubiquitin-60S ribosomal protein L40;Ubiquitin;60S ribosomal protein L40;Ubiquitin-40S ribosomal protein S27a;Ubiquitin;40S ribosomal protein S27a;Polyubiquitin-B;Ubiquitin;Polyubiquitin-C;Ubiquitin,UBA52;RPS27A;UBB;UBC,0.235,-0.159,,Not_Significant,#N/A,-0.159,6,4,6,6,5,5,25.898,26.798,26.183,26.454,26.439,26.463,,23.2,1.0
743,P0DMV9;P0DMV8,Heat shock 70 kDa protein 1B;Heat shock 70 kDa protein 1A,HSPA1B;HSPA1A,2.669,0.698,,Not_Significant,#N/A,0.698,64,50,55,38,35,30,27.098,27.241,27.002,26.538,26.292,26.418,,23.2,1.0
744,P0DN76;Q01081,Splicing factor U2AF 35 kDa subunit,U2AF1,1.457,-1.311,,Not_Significant,#N/A,-1.311,6,3,4,5,4,3,24.866,24.017,24.334,25.977,25.049,26.124,,23.2,1.0
746,P0DP25;P0DP24;P0DP23,,,0.838,0.348,,Not_Significant,#N/A,0.348,11,13,5,8,8,6,26.491,26.642,26.097,26.242,26.061,25.885,,23.2,1.0
747,P10155,60 kDa SS-A/Ro ribonucleoprotein,TROVE2,0.388,0.305,,Not_Significant,#N/A,0.305,1,5,2,0,0,1,23.303,22.377,22.661,22.324,22.260,22.844,,23.1,1.0
751,P10398,Serine/threonine-protein kinase A-Raf,ARAF,1.426,0.449,,Not_Significant,#N/A,0.449,6,4,5,1,1,3,22.398,22.871,22.507,22.206,22.119,22.102,,23.1,1.0
752,P10412,Histone H1.4,HIST1H1E,0.089,0.127,,Not_Significant,#N/A,0.127,30,24,19,18,19,14,27.453,27.480,26.248,26.886,27.483,26.430,,23.1,1.0
754,P10586,Receptor-type tyrosine-protein phosphatase F,PTPRF,0.482,-0.382,,Not_Significant,#N/A,-0.382,8,4,9,4,3,4,22.672,22.651,22.933,22.771,22.833,23.797,,23.1,1.0
756,P10599,Thioredoxin,TXN,0.948,0.379,,Not_Significant,#N/A,0.379,10,5,6,4,4,5,25.629,25.784,25.385,24.938,25.291,25.432,,23.1,1.0
757,P10606,"Cytochrome c oxidase subunit 5B, mitochondrial",COX5B,1.308,-0.647,,Not_Significant,#N/A,-0.647,2,1,4,1,3,3,22.679,23.111,23.057,23.234,23.861,23.694,,23.1,1.0
758,P10620,Microsomal glutathione S-transferase 1,MGST1,0.696,1.322,,Not_Significant,#N/A,1.322,3,3,4,1,0,0,22.128,23.104,23.038,22.153,19.826,22.325,,23.1,1.0
761,P10768,S-formylglutathione hydrolase,ESD,0.152,0.621,,Not_Significant,#N/A,0.621,4,3,2,0,0,0,23.184,23.359,19.538,20.072,23.052,21.092,,23.1,1.0
762,P10809,"60 kDa heat shock protein, mitochondrial",HSPD1,0.919,-0.689,,Not_Significant,#N/A,-0.689,35,59,34,36,34,32,25.774,26.656,25.524,26.741,26.741,26.537,,23.1,1.0
764,P11021,78 kDa glucose-regulated protein,HSPA5,0.728,0.697,,Not_Significant,#N/A,0.697,35,58,32,25,25,18,24.785,26.104,24.796,24.519,24.586,24.487,,23.1,1.0
765,P11142,Heat shock cognate 71 kDa protein,HSPA8,2.606,0.717,,Not_Significant,#N/A,0.717,133,135,139,88,79,70,29.139,29.432,29.319,28.633,28.652,28.456,,23.0,1.0
768,P11172,Uridine 5-monophosphate synthase;Orotate phosphoribosyltransferase;Orotidine 5-phosphate decarboxylase,UMPS,0.503,0.832,,Not_Significant,#N/A,0.832,6,2,7,0,2,0,22.339,22.749,22.176,22.494,22.069,20.207,,23.0,1.0
769,P11177,"Pyruvate dehydrogenase E1 component subunit beta, mitochondrial",PDHB,0.212,-0.160,,Not_Significant,#N/A,-0.160,16,20,25,18,19,16,25.219,25.971,25.691,25.929,26.032,25.400,,23.0,1.0
771,P11216,"Glycogen phosphorylase, brain form",PYGB,1.106,1.216,,Not_Significant,#N/A,1.216,8,8,8,2,0,2,22.823,23.971,23.052,22.632,22.221,21.346,,23.0,1.0
772,P11233,Ras-related protein Ral-A,RALA,0.638,0.510,,Not_Significant,#N/A,0.510,1,4,2,2,3,1,22.491,22.317,23.302,22.387,21.804,22.390,,23.0,1.0
775,P11310,"Medium-chain specific acyl-CoA dehydrogenase, mitochondrial",ACADM,0.442,0.239,,Not_Significant,#N/A,0.239,5,8,4,2,5,5,22.549,23.281,22.699,22.631,22.697,22.484,,23.0,1.0
776,P11387,DNA topoisomerase 1,TOP1,0.047,-0.036,,Not_Significant,#N/A,-0.036,19,11,12,11,12,8,25.126,24.623,24.356,24.769,24.947,24.498,,23.0,1.0
777,P11388,DNA topoisomerase 2-alpha,TOP2A,0.464,0.361,,Not_Significant,#N/A,0.361,36,18,30,14,10,4,24.807,23.823,24.533,24.350,23.919,23.812,,23.0,1.0
778,P11413,Glucose-6-phosphate 1-dehydrogenase,G6PD,0.091,0.055,,Not_Significant,#N/A,0.055,19,13,18,13,11,7,25.149,25.252,24.883,25.279,25.163,24.677,,23.0,1.0
779,P11441,Ubiquitin-like protein 4A,UBL4A,0.185,0.261,,Not_Significant,#N/A,0.261,3,0,1,0,0,0,22.900,21.150,22.369,22.131,21.610,21.896,,23.0,1.0
782,P11586,"C-1-tetrahydrofolate synthase, cytoplasmic;Methylenetetrahydrofolate dehydrogenase;Methenyltetrahydrofolate cyclohydrolase;Formyltetrahydrofolate synthetase;C-1-tetrahydrofolate synthase, cytoplasmic, N-terminally processed",MTHFD1,2.129,-0.144,,Not_Significant,#N/A,-0.144,49,60,66,37,43,48,26.506,26.543,26.575,26.651,26.681,26.722,,22.9,1.0
783,P11766,Alcohol dehydrogenase class-3,ADH5,0.830,1.088,,Not_Significant,#N/A,1.088,7,4,2,1,0,0,22.289,22.948,22.262,21.750,22.176,20.310,,22.9,1.0
784,P11802,Cyclin-dependent kinase 4,CDK4,0.810,0.251,,Not_Significant,#N/A,0.251,1,1,1,0,0,0,22.571,22.758,22.942,22.462,22.689,22.368,,22.9,1.0
785,P11908,Ribose-phosphate pyrophosphokinase 2,PRPS2,1.169,0.196,,Not_Significant,#N/A,0.196,8,9,7,4,4,4,24.153,24.331,24.259,24.025,23.965,24.165,,22.9,1.0
786,P11940;Q9H361,Polyadenylate-binding protein 1;Polyadenylate-binding protein 3,PABPC1;PABPC3,2.380,-0.807,,Not_Significant,#N/A,-0.807,29,22,15,25,19,17,25.150,25.179,24.781,25.905,25.880,25.746,,22.9,1.0
787,P12004,Proliferating cell nuclear antigen,PCNA,1.975,0.629,,Not_Significant,#N/A,0.629,8,9,9,3,2,1,24.157,24.109,23.942,23.572,23.554,23.195,,22.9,1.0
788,P12081,"Histidine--tRNA ligase, cytoplasmic",HARS,0.571,0.123,,Not_Significant,#N/A,0.123,17,15,11,10,12,12,24.688,24.886,24.568,24.638,24.565,24.570,,22.9,1.0
790,P12236,"ADP/ATP translocase 3;ADP/ATP translocase 3, N-terminally processed",SLC25A6,0.233,0.328,,Not_Significant,#N/A,0.328,4,4,4,0,5,2,22.552,24.101,22.824,22.360,23.322,22.813,,22.9,1.0
792,P12270,Nucleoprotein TPR,TPR,1.467,-0.630,,Not_Significant,#N/A,-0.630,45,25,32,33,37,33,24.766,24.349,24.781,25.145,25.100,25.541,,22.9,1.0
793,P12277,Creatine kinase B-type,CKB,0.707,1.496,,Not_Significant,#N/A,1.496,8,8,5,5,2,0,24.184,23.908,22.978,23.677,22.320,20.585,,22.9,1.0
797,P12814,Alpha-actinin-1,ACTN1,2.175,0.612,,Not_Significant,#N/A,0.612,16,16,24,9,14,8,24.067,24.385,24.300,23.737,23.679,23.502,,22.8,1.0
798,P12830,Cadherin-1;E-Cad/CTF1;E-Cad/CTF2;E-Cad/CTF3,CDH1,0.169,0.141,,Not_Significant,#N/A,0.141,9,4,5,4,1,2,23.867,22.869,23.318,23.178,23.443,23.010,,22.8,1.0
799,P12931,Proto-oncogene tyrosine-protein kinase Src,SRC,0.615,1.082,,Not_Significant,#N/A,1.082,3,1,3,2,1,1,19.957,22.621,21.812,20.349,20.477,20.321,,22.8,1.0
800,P12956,X-ray repair cross-complementing protein 6,XRCC6,1.821,0.468,,Not_Significant,#N/A,0.468,59,33,38,29,25,31,26.177,25.792,26.003,25.570,25.474,25.523,,22.8,1.0
801,P13010,X-ray repair cross-complementing protein 5,XRCC5,1.123,0.445,,Not_Significant,#N/A,0.445,42,32,47,29,25,22,26.185,25.661,26.209,25.527,25.512,25.678,,22.8,1.0
804,P13073,"Cytochrome c oxidase subunit 4 isoform 1, mitochondrial",COX4I1,0.291,-0.191,,Not_Significant,#N/A,-0.191,2,4,2,1,1,0,22.761,23.263,22.380,22.853,23.054,23.069,,22.8,1.0
805,P13489,Ribonuclease inhibitor,RNH1,1.763,0.620,,Not_Significant,#N/A,0.620,7,8,9,3,9,7,25.521,25.349,25.745,25.059,24.704,24.992,,22.8,1.0
808,P13639,Elongation factor 2,EEF2,1.777,0.321,,Not_Significant,#N/A,0.321,55,72,52,41,39,41,27.615,27.858,27.728,27.481,27.417,27.340,,22.8,1.0
809,P13667,Protein disulfide-isomerase A4,PDIA4,0.784,1.264,,Not_Significant,#N/A,1.264,3,5,0,2,0,0,22.646,23.766,22.351,22.625,20.540,21.806,,22.8,1.0
810,P13693;Q56UQ5,Translationally-controlled tumor protein;TPT1-like protein,TPT1,0.113,-0.407,,Not_Significant,#N/A,-0.407,5,8,2,3,2,0,23.208,23.581,19.552,22.947,22.493,22.121,,22.8,1.0
812,P13797,Plastin-3,PLS3,1.738,0.592,,Not_Significant,#N/A,0.592,3,7,6,1,1,0,22.798,22.876,22.775,22.501,21.983,22.190,,22.7,1.0
813,P13798,Acylamino-acid-releasing enzyme,APEH,0.686,2.235,,Not_Significant,#N/A,2.235,6,7,10,3,2,2,24.026,24.579,24.380,23.571,23.561,19.148,,22.7,1.0
814,P13804,"Electron transfer flavoprotein subunit alpha, mitochondrial",ETFA,1.510,-0.427,,Not_Significant,#N/A,-0.427,9,9,9,8,6,8,24.765,24.731,24.871,25.195,25.012,25.440,,22.7,1.0
815,P13807,"Glycogen [starch] synthase, muscle",GYS1,0.226,-0.113,,Not_Significant,#N/A,-0.113,4,5,6,3,5,4,22.537,22.976,23.146,22.868,23.013,23.118,,22.7,1.0
816,P13861,cAMP-dependent protein kinase type II-alpha regulatory subunit,PRKAR2A,0.009,0.003,,Not_Significant,#N/A,0.003,10,8,5,5,6,7,23.743,23.537,23.611,23.682,23.741,23.459,,22.7,1.0
817,P13984,General transcription factor IIF subunit 2,GTF2F2,0.097,0.234,,Not_Significant,#N/A,0.234,0,1,1,0,0,0,22.326,19.585,21.503,21.432,20.836,20.444,,22.7,1.0
819,P14174,Macrophage migration inhibitory factor,MIF,1.141,0.515,,Not_Significant,#N/A,0.515,4,8,5,4,6,5,25.577,26.153,25.971,25.578,25.144,25.434,,22.7,1.0
820,P14314,Glucosidase 2 subunit beta,PRKCSH,0.089,0.235,,Not_Significant,#N/A,0.235,2,6,0,2,0,0,20.888,23.215,20.709,21.917,21.769,20.420,,22.7,1.0
821,P14324,Farnesyl pyrophosphate synthase,FDPS,1.053,0.683,,Not_Significant,#N/A,0.683,12,6,6,5,4,4,24.606,24.507,24.273,24.285,23.767,23.286,,22.7,1.0
822,P14406,"Cytochrome c oxidase subunit 7A2, mitochondrial",COX7A2,0.089,-0.255,,Not_Significant,#N/A,-0.255,4,2,2,1,2,2,24.318,21.543,21.041,22.627,22.600,22.438,,22.7,1.0
823,P14550,Alcohol dehydrogenase [NADP(+)],AKR1A1,2.072,0.539,,Not_Significant,#N/A,0.539,9,6,6,3,3,6,22.957,23.014,23.096,22.639,22.525,22.286,,22.6,1.0
824,P14618,Pyruvate kinase PKM,PKM,0.534,0.161,,Not_Significant,#N/A,0.161,64,67,45,40,41,35,28.482,28.717,28.306,28.422,28.374,28.226,,22.6,1.0
825,P14625,Endoplasmin,HSP90B1,0.646,0.812,,Not_Significant,#N/A,0.812,15,31,9,7,6,7,24.018,25.567,23.861,23.840,23.822,23.347,,22.6,1.0
827,P14678;P63162,Small nuclear ribonucleoprotein-associated proteins B and B;Small nuclear ribonucleoprotein-associated protein N,SNRPB;SNRPN,1.223,-0.531,,Not_Significant,#N/A,-0.531,2,6,6,5,5,5,23.631,24.221,24.066,24.539,24.311,24.660,,22.6,1.0
828,P14735,Insulin-degrading enzyme,IDE,0.638,1.180,,Not_Significant,#N/A,1.180,5,7,6,3,1,1,23.615,23.756,23.510,23.172,23.379,20.789,,22.6,1.0
831,P14866,Heterogeneous nuclear ribonucleoprotein L,HNRNPL,1.633,-0.768,,Not_Significant,#N/A,-0.768,37,22,26,34,27,30,28.779,28.184,28.318,29.302,28.962,29.321,,22.6,1.0
832,P14868,"Aspartate--tRNA ligase, cytoplasmic",DARS,2.337,0.330,,Not_Significant,#N/A,0.330,31,24,36,21,15,22,25.136,25.083,25.269,24.802,24.839,24.855,,22.6,1.0
833,P14923,Junction plakoglobin,JUP,0.675,0.417,,Not_Significant,#N/A,0.417,22,20,28,9,22,12,25.795,25.578,25.818,24.886,25.813,25.240,,22.6,1.0
834,P15104,Glutamine synthetase,GLUL,0.554,-1.140,,Not_Significant,#N/A,-1.140,6,6,2,3,4,4,23.883,22.742,21.102,24.502,23.051,23.593,,22.6,1.0
835,P15170,Eukaryotic peptide chain release factor GTP-binding subunit ERF3A,GSPT1,0.980,0.273,,Not_Significant,#N/A,0.273,10,13,10,7,5,9,24.540,24.782,24.868,24.449,24.610,24.313,,22.6,1.0
836,P15311,Ezrin,EZR,0.085,-0.024,,Not_Significant,#N/A,-0.024,21,24,27,13,17,13,25.052,25.049,24.856,24.901,25.152,24.975,,22.5,1.0
837,P15374,Ubiquitin carboxyl-terminal hydrolase isozyme L3,UCHL3,0.965,0.891,,Not_Significant,#N/A,0.891,2,2,2,1,2,0,21.941,22.403,21.814,21.502,21.606,20.377,,22.5,1.0
839,P15531,Nucleoside diphosphate kinase A,NME1,1.060,0.289,,Not_Significant,#N/A,0.289,13,10,12,10,6,4,25.477,25.539,25.316,25.266,25.263,24.937,,22.5,1.0
840,P15559,NAD(P)H dehydrogenase [quinone] 1,NQO1,0.668,1.228,,Not_Significant,#N/A,1.228,3,2,1,1,1,1,22.025,20.278,19.910,20.542,19.087,18.898,,22.5,1.0
841,P15735,"Phosphorylase b kinase gamma catalytic chain, liver/testis isoform",PHKG2,0.234,0.338,,Not_Significant,#N/A,0.338,3,2,4,2,1,2,20.195,21.521,21.688,20.258,20.784,21.348,,22.5,1.0
842,P15880,40S ribosomal protein S2,RPS2,0.502,-0.158,,Not_Significant,#N/A,-0.158,16,11,10,8,14,10,26.133,25.868,25.661,26.034,26.030,26.071,,22.5,1.0
844,P15924,Desmoplakin,DSP,1.150,0.424,,Not_Significant,#N/A,0.424,162,118,139,82,96,86,26.832,26.924,27.128,26.280,26.798,26.534,,22.5,1.0
845,P15927,Replication protein A 32 kDa subunit,RPA2,0.511,1.291,,Not_Significant,#N/A,1.291,3,3,3,0,0,2,23.829,23.354,24.046,23.539,20.278,23.540,,22.5,1.0
846,P15941,Mucin-1;Mucin-1 subunit alpha;Mucin-1 subunit beta,MUC1,0.081,0.181,,Not_Significant,#N/A,0.181,0,2,1,0,0,2,20.506,21.694,22.106,21.244,20.175,22.343,,22.5,1.0
850,P16152,Carbonyl reductase [NADPH] 1,CBR1,2.092,0.390,,Not_Significant,#N/A,0.390,13,14,8,8,8,3,24.209,24.210,24.212,23.914,23.885,23.662,,22.5,1.0
853,P16401,Histone H1.5,HIST1H1B,0.213,-0.256,,Not_Significant,#N/A,-0.256,22,19,12,14,13,17,27.183,26.530,25.923,26.813,27.299,26.292,,22.4,1.0
855,P16403,Histone H1.2,HIST1H1C,0.165,-0.311,,Not_Significant,#N/A,-0.311,7,4,6,4,9,4,24.750,25.289,23.557,25.326,25.340,23.863,,22.4,1.0
856,P16435,NADPH--cytochrome P450 reductase,POR,0.544,0.758,,Not_Significant,#N/A,0.758,6,4,5,2,2,1,22.792,23.012,22.643,22.583,22.742,20.849,,22.4,1.0
857,P16455,Methylated-DNA--protein-cysteine methyltransferase,MGMT,0.822,1.256,,Not_Significant,#N/A,1.256,2,1,1,0,1,2,21.610,20.455,21.994,19.575,21.169,19.546,,22.4,1.0
858,P16615,Sarcoplasmic/endoplasmic reticulum calcium ATPase 2,ATP2A2,0.829,0.062,,Not_Significant,#N/A,0.062,27,24,25,21,17,25,25.246,25.300,25.229,25.156,25.248,25.185,,22.4,1.0
859,P16949,Stathmin,STMN1,0.205,0.102,,Not_Significant,#N/A,0.102,11,16,14,8,13,7,25.055,25.468,24.919,25.126,24.848,25.162,,22.4,1.0
866,P17174,"Aspartate aminotransferase, cytoplasmic",GOT1,0.949,0.921,,Not_Significant,#N/A,0.921,5,4,2,1,0,1,22.801,21.915,21.574,21.402,21.487,20.638,,22.4,1.0
868,P17480,Nucleolar transcription factor 1,UBTF,0.126,0.362,,Not_Significant,#N/A,0.362,3,1,2,2,3,1,22.551,19.988,22.372,20.241,22.476,21.108,,22.4,1.0
870,P17612,cAMP-dependent protein kinase catalytic subunit alpha,PRKACA,0.495,-0.243,,Not_Significant,#N/A,-0.243,3,2,3,1,2,1,22.462,22.488,22.162,22.393,22.986,22.464,,22.4,1.0
873,P17676,CCAAT/enhancer-binding protein beta,CEBPB,1.518,1.130,,Not_Significant,#N/A,1.130,0,0,0,0,0,1,20.754,21.350,21.866,19.957,20.256,20.367,,22.4,1.0
875,P17812,CTP synthase 1,CTPS1,1.197,0.242,,Not_Significant,#N/A,0.242,9,10,9,5,7,1,22.927,22.910,22.826,22.770,22.471,22.695,,22.3,1.0
877,P17858,"ATP-dependent 6-phosphofructokinase, liver type",PFKL,1.487,0.477,,Not_Significant,#N/A,0.477,17,27,18,10,13,10,24.865,25.220,25.255,24.503,24.621,24.784,,22.3,1.0
878,P17931,Galectin-3,LGALS3,2.093,0.498,,Not_Significant,#N/A,0.498,12,6,7,10,5,4,24.242,24.176,24.089,23.656,23.837,23.520,,22.3,1.0
879,P17980,26S protease regulatory subunit 6A,PSMC3,1.626,0.424,,Not_Significant,#N/A,0.424,18,22,17,13,13,9,24.805,24.494,24.594,24.354,24.171,24.097,,22.3,1.0
880,P17987,T-complex protein 1 subunit alpha,TCP1,1.199,0.225,,Not_Significant,#N/A,0.225,40,34,37,31,21,28,26.230,26.389,26.270,26.212,26.042,25.961,,22.3,1.0
881,P18031,Tyrosine-protein phosphatase non-receptor type 1,PTPN1,0.280,0.115,,Not_Significant,#N/A,0.115,5,10,7,4,2,4,22.405,22.880,22.740,22.448,22.727,22.505,,22.3,1.0
883,P18077,60S ribosomal protein L35a,RPL35A,0.420,-0.155,,Not_Significant,#N/A,-0.155,7,5,6,6,5,6,24.262,24.155,23.807,24.349,24.256,24.085,,22.3,1.0
884,P18085,ADP-ribosylation factor 4,ARF4,1.072,0.616,,Not_Significant,#N/A,0.616,4,7,3,2,2,2,24.769,25.500,24.792,24.360,24.216,24.638,,22.3,1.0
885,P18124,60S ribosomal protein L7,RPL7,0.206,-0.102,,Not_Significant,#N/A,-0.102,14,12,16,13,14,15,26.833,26.448,26.389,26.718,26.853,26.405,,22.3,1.0
886,P18206,Vinculin,VCL,0.507,0.509,,Not_Significant,#N/A,0.509,10,11,7,8,5,1,24.223,24.993,24.685,24.414,24.586,23.376,,22.3,1.0
887,P18440,Arylamine N-acetyltransferase 1,NAT1,0.220,0.279,,Not_Significant,#N/A,0.279,1,1,2,0,0,0,21.754,20.258,21.631,21.160,20.753,20.894,,22.2,1.0
888,P18583,Protein SON,SON,0.504,0.327,,Not_Significant,#N/A,0.327,7,4,6,2,2,3,23.781,23.914,24.565,23.499,23.768,24.012,,22.2,1.0
889,P18615,Negative elongation factor E,NELFE,1.145,0.698,,Not_Significant,#N/A,0.698,8,3,5,1,3,1,22.582,21.911,22.369,21.669,21.902,21.198,,22.2,1.0
890,P18621,60S ribosomal protein L17,RPL17,0.078,0.068,,Not_Significant,#N/A,0.068,8,12,9,8,7,5,26.383,26.387,26.323,25.846,26.167,26.877,,22.2,1.0
891,P18669;P15259,Phosphoglycerate mutase 1;Phosphoglycerate mutase 2,PGAM1;PGAM2,1.340,0.860,,Not_Significant,#N/A,0.860,14,23,12,6,7,3,23.983,24.809,24.004,23.376,23.640,23.201,,22.2,1.0
892,P18754,Regulator of chromosome condensation,RCC1,1.133,0.522,,Not_Significant,#N/A,0.522,7,5,9,2,5,3,23.825,23.635,23.418,22.740,23.276,23.295,,22.2,1.0
894,P18859,"ATP synthase-coupling factor 6, mitochondrial",ATP5J,0.518,0.972,,Not_Significant,#N/A,0.972,2,2,3,2,0,1,23.684,24.074,23.459,23.625,23.517,21.158,,22.2,1.0
895,P18887,DNA repair protein XRCC1,XRCC1,0.481,0.259,,Not_Significant,#N/A,0.259,5,2,5,1,1,1,22.427,22.111,22.790,21.933,22.356,22.261,,22.2,1.0
896,P19174,"1-phosphatidylinositol 4,5-bisphosphate phosphodiesterase gamma-1",PLCG1,0.543,1.064,,Not_Significant,#N/A,1.064,2,3,6,0,0,1,20.394,21.753,22.425,19.657,20.029,21.695,,22.2,1.0
897,P19338,Nucleolin,NCL,0.292,-0.444,,Not_Significant,#N/A,-0.444,37,25,18,13,33,14,26.096,25.590,24.588,25.787,26.643,25.175,,22.2,1.0
898,P19367,Hexokinase-1,HK1,2.904,0.341,,Not_Significant,#N/A,0.341,33,27,32,24,21,22,25.399,25.496,25.430,25.158,25.093,25.052,,22.1,1.0
899,P19387,DNA-directed RNA polymerase II subunit RPB3,POLR2C,0.703,0.273,,Not_Significant,#N/A,0.273,6,2,2,2,3,3,22.320,22.484,22.416,22.304,22.305,21.792,,22.1,1.0
900,P19388,"DNA-directed RNA polymerases I, II, and III subunit RPABC1",POLR2E,0.364,0.734,,Not_Significant,#N/A,0.734,6,3,2,2,2,0,22.336,21.965,21.716,21.945,19.637,22.235,,22.1,1.0
904,P19525,"Interferon-induced, double-stranded RNA-activated protein kinase",EIF2AK2,0.464,-0.281,,Not_Significant,#N/A,-0.281,3,4,6,5,2,3,22.264,21.958,21.864,22.052,22.104,22.772,,22.1,1.0
905,P19623,Spermidine synthase,SRM,0.856,0.547,,Not_Significant,#N/A,0.547,3,4,3,3,1,0,22.096,22.638,21.634,21.483,21.698,21.546,,22.1,1.0
906,P19784,Casein kinase II subunit alpha,CSNK2A2,1.351,1.391,,Not_Significant,#N/A,1.391,2,3,6,0,0,1,21.843,21.976,22.345,20.061,20.369,21.561,,22.1,1.0
909,P20042,Eukaryotic translation initiation factor 2 subunit 2,EIF2S2,1.047,-0.245,,Not_Significant,#N/A,-0.245,10,15,14,9,11,9,24.226,24.085,23.875,24.261,24.272,24.389,,22.1,1.0
910,P20073,Annexin A7,ANXA7,0.611,0.267,,Not_Significant,#N/A,0.267,16,7,9,8,7,5,24.138,24.363,24.107,24.025,23.591,24.191,,22.1,1.0
914,P20340,Ras-related protein Rab-6A,RAB6A,0.541,-0.487,,Not_Significant,#N/A,-0.487,8,8,8,2,2,3,25.002,25.347,25.066,24.985,25.580,26.311,,22.1,1.0
915,P20382,Pro-MCH;Neuropeptide-glycine-glutamic acid;Neuropeptide-glutamic acid-isoleucine;Melanin-concentrating hormone,PMCH,0.855,-4.311,,Not_Significant,#N/A,-4.311,0,0,0,1,0,1,20.539,20.474,20.699,27.006,20.202,27.437,,22.1,1.0
918,P20618,Proteasome subunit beta type-1,PSMB1,1.378,0.333,,Not_Significant,#N/A,0.333,5,8,6,3,4,2,23.734,23.912,23.525,23.420,23.383,23.367,,22.0,1.0
919,P20674,"Cytochrome c oxidase subunit 5A, mitochondrial",COX5A,0.879,1.514,,Not_Significant,#N/A,1.514,1,3,0,0,1,0,21.433,23.307,21.088,20.307,19.789,21.192,,22.0,1.0
920,P20700,Lamin-B1,LMNB1,0.573,-0.183,,Not_Significant,#N/A,-0.183,51,37,36,29,34,35,27.684,27.266,27.515,27.754,27.735,27.524,,22.0,1.0
922,P20810,Calpastatin,CAST,1.533,1.009,,Not_Significant,#N/A,1.009,5,2,2,0,0,0,22.070,22.024,21.999,21.246,20.421,21.397,,22.0,1.0
925,P21127;Q9UQ88,Cyclin-dependent kinase 11B;Cyclin-dependent kinase 11A,CDK11B;CDK11A,1.190,0.964,,Not_Significant,#N/A,0.964,2,0,4,0,1,0,22.260,22.193,22.762,21.543,21.964,20.815,,22.0,1.0
926,P21266,Glutathione S-transferase Mu 3,GSTM3,2.958,0.532,,Not_Significant,#N/A,0.532,15,15,15,15,10,8,26.584,26.574,26.670,26.132,25.966,26.133,,22.0,1.0
927,P21281,"V-type proton ATPase subunit B, brain isoform",ATP6V1B2,1.610,0.686,,Not_Significant,#N/A,0.686,8,8,9,1,3,2,23.678,23.849,24.262,23.077,23.271,23.383,,22.0,1.0
928,P21283,V-type proton ATPase subunit C 1,ATP6V1C1,2.143,0.398,,Not_Significant,#N/A,0.398,1,2,1,0,0,0,21.998,21.971,21.981,21.740,21.527,21.489,,22.0,1.0
929,P21291,Cysteine and glycine-rich protein 1,CSRP1,1.022,0.529,,Not_Significant,#N/A,0.529,6,5,3,3,4,2,25.293,25.906,25.988,25.240,25.001,25.358,,22.0,1.0
930,P21333,Filamin-A,FLNA,1.254,0.461,,Not_Significant,#N/A,0.461,77,101,78,43,45,45,25.445,25.994,25.522,25.197,25.224,25.157,,22.0,1.0
931,P21359,Neurofibromin;Neurofibromin truncated,NF1,0.133,-0.231,,Not_Significant,#N/A,-0.231,2,1,4,0,1,1,21.390,19.752,21.315,20.359,21.501,21.291,,21.9,1.0
932,P21796,Voltage-dependent anion-selective channel protein 1,VDAC1,0.645,0.767,,Not_Significant,#N/A,0.767,10,18,10,9,4,5,24.315,25.516,24.346,23.859,23.384,24.632,,21.9,1.0
935,P21964,Catechol O-methyltransferase,COMT,0.719,1.505,,Not_Significant,#N/A,1.505,3,4,1,2,1,0,23.107,23.505,23.122,19.849,22.811,22.561,,21.9,1.0
937,P22059,Oxysterol-binding protein 1,OSBP,1.458,0.858,,Not_Significant,#N/A,0.858,16,10,9,4,4,2,25.030,24.144,24.744,23.743,23.663,23.937,,21.9,1.0
939,P22087,rRNA 2-O-methyltransferase fibrillarin,FBL,0.375,-0.499,,Not_Significant,#N/A,-0.499,12,6,5,5,11,6,24.334,23.468,23.193,23.582,25.022,23.887,,21.9,1.0
940,P22102,Trifunctional purine biosynthetic protein adenosine-3;Phosphoribosylamine--glycine ligase;Phosphoribosylformylglycinamidine cyclo-ligase;Phosphoribosylglycinamide formyltransferase,GART,0.007,-0.002,,Not_Significant,#N/A,-0.002,31,31,31,18,18,18,25.181,25.397,25.488,25.434,25.282,25.356,,21.9,1.0
941,P22234,Multifunctional protein ADE2;Phosphoribosylaminoimidazole-succinocarboxamide synthase;Phosphoribosylaminoimidazole carboxylase,PAICS,0.520,0.124,,Not_Significant,#N/A,0.124,23,25,25,13,13,15,26.068,26.230,25.938,26.039,25.992,25.834,,21.9,1.0
943,P22314,Ubiquitin-like modifier-activating enzyme 1,UBA1,1.455,0.474,,Not_Significant,#N/A,0.474,28,31,30,18,11,12,24.782,24.693,24.342,24.255,24.124,24.015,,21.9,1.0
944,P22392;O60361,Nucleoside diphosphate kinase B;Putative nucleoside diphosphate kinase,NME2;NME2P1,0.734,0.384,,Not_Significant,#N/A,0.384,17,13,13,5,12,5,27.549,27.559,26.957,27.044,27.157,26.712,,21.9,1.0
946,P22570,"NADPH:adrenodoxin oxidoreductase, mitochondrial",FDXR,0.155,0.371,,Not_Significant,#N/A,0.371,3,1,1,4,2,2,21.926,21.994,20.341,22.479,20.364,20.304,,21.9,1.0
947,P22626,Heterogeneous nuclear ribonucleoproteins A2/B1,HNRNPA2B1,1.769,-0.950,,Not_Significant,#N/A,-0.950,67,67,55,64,54,56,28.367,27.725,27.630,28.972,28.738,28.861,,21.8,1.0
948,P22695,"Cytochrome b-c1 complex subunit 2, mitochondrial",UQCRC2,2.374,0.670,,Not_Significant,#N/A,0.670,17,12,18,10,8,9,25.007,25.200,25.381,24.540,24.457,24.583,,21.8,1.0
950,P23193,Transcription elongation factor A protein 1,TCEA1,1.456,0.413,,Not_Significant,#N/A,0.413,7,5,7,5,5,3,23.542,23.130,23.414,22.893,23.048,22.904,,21.8,1.0
952,P23258;Q9NRH3,Tubulin gamma-1 chain;Tubulin gamma-2 chain,TUBG1;TUBG2,0.037,0.033,,Not_Significant,#N/A,0.033,9,6,11,5,4,4,23.902,24.265,24.714,24.298,23.926,24.560,,21.8,1.0
953,P23284,Peptidyl-prolyl cis-trans isomerase B,PPIB,0.599,2.173,,Not_Significant,#N/A,2.173,2,16,3,1,1,2,22.626,26.593,21.825,22.741,20.398,21.385,,21.8,1.0
955,P23381,"Tryptophan--tRNA ligase, cytoplasmic;T1-TrpRS;T2-TrpRS",WARS,0.166,0.147,,Not_Significant,#N/A,0.147,10,13,10,4,5,6,24.749,24.949,24.764,24.997,25.006,24.019,,21.8,1.0
956,P23396,40S ribosomal protein S3,RPS3,0.027,-0.007,,Not_Significant,#N/A,-0.007,37,27,28,33,22,20,26.992,26.721,26.876,26.842,26.931,26.836,,21.8,1.0
958,P23526,Adenosylhomocysteinase,AHCY,2.462,0.602,,Not_Significant,#N/A,0.602,35,34,34,22,21,25,27.389,27.640,27.551,27.052,26.864,26.858,,21.8,1.0
959,P23528,Cofilin-1,CFL1,0.094,-0.064,,Not_Significant,#N/A,-0.064,22,31,24,18,18,15,28.308,28.708,28.115,28.756,28.381,28.185,,21.8,1.0
960,P23588,Eukaryotic translation initiation factor 4B,EIF4B,0.016,0.011,,Not_Significant,#N/A,0.011,4,7,3,4,3,1,25.449,25.866,25.103,25.523,25.543,25.320,,21.8,1.0
965,P23919,Thymidylate kinase,DTYMK,1.040,0.182,,Not_Significant,#N/A,0.182,12,5,9,6,5,3,24.232,24.168,24.009,24.049,23.927,23.886,,21.7,1.0
966,P23921,Ribonucleoside-diphosphate reductase large subunit,RRM1,0.656,-0.100,,Not_Significant,#N/A,-0.100,20,17,16,15,12,13,24.260,24.444,24.472,24.462,24.491,24.523,,21.7,1.0
968,P24534,Elongation factor 1-beta,EEF1B2,0.125,0.086,,Not_Significant,#N/A,0.086,9,11,7,7,5,3,25.327,25.488,25.433,25.053,25.113,25.824,,21.7,1.0
969,P24539,"ATP synthase F(0) complex subunit B1, mitochondrial",ATP5F1,0.464,0.251,,Not_Significant,#N/A,0.251,12,17,12,6,7,8,24.583,25.365,24.888,24.700,24.597,24.787,,21.7,1.0
970,P24666,Low molecular weight phosphotyrosine protein phosphatase,ACP1,2.051,0.410,,Not_Significant,#N/A,0.410,10,7,10,6,7,5,24.130,24.290,24.107,23.878,23.762,23.656,,21.7,1.0
972,P24844,Myosin regulatory light polypeptide 9,MYL9,0.142,0.419,,Not_Significant,#N/A,0.419,1,1,0,0,1,0,20.617,22.883,22.699,20.023,22.661,22.257,,21.7,1.0
973,P24928,DNA-directed RNA polymerase II subunit RPB1,POLR2A,0.059,-0.033,,Not_Significant,#N/A,-0.033,7,1,3,2,1,2,22.134,22.332,22.317,22.488,21.926,22.468,,21.7,1.0
976,P25205,DNA replication licensing factor MCM3,MCM3,0.238,0.062,,Not_Significant,#N/A,0.062,34,26,21,16,13,13,25.279,25.015,25.293,25.226,25.097,25.079,,21.7,1.0
979,P25398,40S ribosomal protein S12,RPS12,0.303,-0.148,,Not_Significant,#N/A,-0.148,3,7,4,4,3,3,25.348,25.062,25.376,25.340,25.735,25.154,,21.7,1.0
981,P25490,Transcriptional repressor protein YY1,YY1,0.583,1.108,,Not_Significant,#N/A,1.108,3,0,1,0,1,0,22.148,20.524,21.479,18.900,21.226,20.701,,21.7,1.0
982,P25685,DnaJ homolog subfamily B member 1,DNAJB1,0.694,0.245,,Not_Significant,#N/A,0.245,8,4,7,6,3,2,23.068,23.085,23.091,23.145,22.760,22.604,,21.6,1.0
983,P25705,"ATP synthase subunit alpha, mitochondrial",ATP5A1,1.166,0.430,,Not_Significant,#N/A,0.430,60,63,58,43,46,44,27.459,28.043,27.833,27.405,27.299,27.342,,21.6,1.0
984,P25786,Proteasome subunit alpha type-1,PSMA1,2.227,0.368,,Not_Significant,#N/A,0.368,12,9,7,7,8,6,24.302,24.352,24.208,23.910,24.018,23.830,,21.6,1.0
985,P25787,Proteasome subunit alpha type-2,PSMA2,0.604,-0.274,,Not_Significant,#N/A,-0.274,6,7,5,5,4,6,23.652,23.806,23.261,24.087,23.689,23.764,,21.6,1.0
986,P25788,Proteasome subunit alpha type-3,PSMA3,0.829,0.265,,Not_Significant,#N/A,0.265,10,9,9,7,5,4,23.720,24.053,24.097,23.818,23.523,23.735,,21.6,1.0
987,P25789,Proteasome subunit alpha type-4,PSMA4,0.531,0.133,,Not_Significant,#N/A,0.133,12,6,10,4,5,3,23.957,24.272,23.961,23.864,23.948,23.980,,21.6,1.0
990,P26196,Probable ATP-dependent RNA helicase DDX6,DDX6,5.452,-0.552,,Not_Significant,#N/A,-0.552,20,16,13,17,14,18,24.745,24.714,24.709,25.254,25.283,25.287,,21.6,1.0
992,P26358,DNA (cytosine-5)-methyltransferase 1,DNMT1,0.557,0.446,,Not_Significant,#N/A,0.446,6,3,2,0,2,1,22.415,21.346,22.232,21.667,21.695,21.295,,21.6,1.0
993,P26368,Splicing factor U2AF 65 kDa subunit,U2AF2,1.222,-0.575,,Not_Significant,#N/A,-0.575,2,4,5,2,3,3,23.167,22.576,22.528,23.216,23.290,23.490,,21.6,1.0
994,P26373,60S ribosomal protein L13,RPL13,0.323,-0.123,,Not_Significant,#N/A,-0.123,11,13,8,11,13,10,26.360,25.997,26.002,26.307,26.375,26.046,,21.6,1.0
995,P26440,"Isovaleryl-CoA dehydrogenase, mitochondrial",IVD,0.190,-0.112,,Not_Significant,#N/A,-0.112,3,5,4,2,2,2,22.496,23.048,23.121,23.017,22.804,23.180,,21.5,1.0
997,P26583,High mobility group protein B2,HMGB2,0.046,0.041,,Not_Significant,#N/A,0.041,14,8,10,5,8,4,24.581,23.747,23.819,23.955,24.292,23.776,,21.5,1.0
998,P26599,Polypyrimidine tract-binding protein 1,PTBP1,1.349,-0.534,,Not_Significant,#N/A,-0.534,36,20,23,18,13,12,25.837,25.558,25.450,26.291,25.860,26.297,,21.5,1.0
999,P26639,"Threonine--tRNA ligase, cytoplasmic",TARS,0.232,-0.180,,Not_Significant,#N/A,-0.180,7,4,2,1,1,0,22.930,23.113,22.396,22.865,23.415,22.700,,21.5,1.0
1000,P26640,Valine--tRNA ligase,VARS,0.416,0.069,,Not_Significant,#N/A,0.069,43,35,42,22,24,25,25.101,25.291,25.304,25.176,25.115,25.199,,21.5,1.0
1001,P26641,Elongation factor 1-gamma,EEF1G,2.500,0.511,,Not_Significant,#N/A,0.511,22,30,29,19,19,17,27.580,27.623,27.747,27.205,27.013,27.200,,21.5,1.0
1004,P27348,14-3-3 protein theta,YWHAQ,2.013,0.592,,Not_Significant,#N/A,0.592,7,9,4,3,4,4,25.503,25.891,25.648,25.074,24.996,25.197,,21.5,1.0
1005,P27361,Mitogen-activated protein kinase 3,MAPK3,2.222,0.847,,Not_Significant,#N/A,0.847,7,6,4,1,0,1,23.331,23.239,23.584,22.735,22.561,22.317,,21.5,1.0
1008,P27635,60S ribosomal protein L10,RPL10,0.645,-0.258,,Not_Significant,#N/A,-0.258,11,13,16,10,10,5,26.238,25.746,25.677,26.166,26.070,26.202,,21.5,1.0
1009,P27694,"Replication protein A 70 kDa DNA-binding subunit;Replication protein A 70 kDa DNA-binding subunit, N-terminally processed",RPA1,0.351,0.160,,Not_Significant,#N/A,0.160,16,7,19,8,7,7,24.602,24.066,24.541,24.412,24.169,24.146,,21.5,1.0
1010,P27695,"DNA-(apurinic or apyrimidinic site) lyase;DNA-(apurinic or apyrimidinic site) lyase, mitochondrial",APEX1,0.139,-0.159,,Not_Significant,#N/A,-0.159,4,2,1,1,1,1,23.767,22.317,22.961,23.122,23.273,23.128,,21.4,1.0
1012,P27708,CAD protein;Glutamine-dependent carbamoyl-phosphate synthase;Aspartate carbamoyltransferase;Dihydroorotase,CAD,0.950,-0.294,,Not_Significant,#N/A,-0.294,48,51,44,30,35,29,25.095,25.500,25.495,25.703,25.721,25.548,,21.4,1.0
1013,P27797,Calreticulin,CALR,0.973,2.134,,Not_Significant,#N/A,2.134,4,14,4,1,0,0,23.189,25.441,22.196,22.204,21.046,21.174,,21.4,1.0
1014,P27816,Microtubule-associated protein 4,MAP4,0.453,0.199,,Not_Significant,#N/A,0.199,13,10,6,5,10,4,25.221,25.094,24.753,24.764,25.068,24.640,,21.4,1.0
1015,P27824,Calnexin,CANX,0.029,-0.110,,Not_Significant,#N/A,-0.110,7,16,4,6,2,2,23.628,24.407,20.231,22.917,23.117,22.563,,21.4,1.0
1017,P28066,Proteasome subunit alpha type-5,PSMA5,1.713,0.632,,Not_Significant,#N/A,0.632,6,7,5,5,6,4,25.168,25.324,25.147,24.836,24.613,24.293,,21.4,1.0
1018,P28070,Proteasome subunit beta type-4,PSMB4,1.047,0.320,,Not_Significant,#N/A,0.320,5,4,6,1,1,1,23.101,23.446,23.237,22.980,23.097,22.746,,21.4,1.0
1019,P28072,Proteasome subunit beta type-6,PSMB6,0.779,-0.182,,Not_Significant,#N/A,-0.182,2,3,3,2,1,3,23.973,24.114,23.758,24.144,24.173,24.075,,21.4,1.0
1020,P28074,Proteasome subunit beta type-5,PSMB5,0.863,0.308,,Not_Significant,#N/A,0.308,9,12,7,6,9,9,23.481,23.889,23.619,23.330,23.566,23.169,,21.4,1.0
1022,P28288,ATP-binding cassette sub-family D member 3,ABCD3,0.038,0.030,,Not_Significant,#N/A,0.030,5,7,6,7,4,7,23.162,23.957,23.882,23.500,23.777,23.635,,21.4,1.0
1023,P28290,Sperm-specific antigen 2,SSFA2,1.246,-1.268,,Not_Significant,#N/A,-1.268,0,0,0,1,0,2,20.411,19.672,20.922,21.673,21.034,22.105,,21.3,1.0
1024,P28331,"NADH-ubiquinone oxidoreductase 75 kDa subunit, mitochondrial",NDUFS1,0.498,0.225,,Not_Significant,#N/A,0.225,12,12,14,14,6,7,23.862,23.600,24.046,23.857,23.632,23.343,,21.3,1.0
1025,P28340,DNA polymerase delta catalytic subunit,POLD1,0.740,0.511,,Not_Significant,#N/A,0.511,5,2,8,1,1,1,22.023,21.844,22.766,21.985,21.597,21.517,,21.3,1.0
1027,P28370,Probable global transcription activator SNF2L1,SMARCA1,0.614,1.655,,Not_Significant,#N/A,1.655,3,2,4,0,1,1,23.660,22.793,20.626,19.494,22.233,20.388,,21.3,1.0
1028,P28482,Mitogen-activated protein kinase 1,MAPK1,0.199,-0.111,,Not_Significant,#N/A,-0.111,5,7,5,5,5,2,22.689,23.208,22.807,23.211,23.095,22.730,,21.3,1.0
1029,P28676,Grancalcin,GCA,0.570,0.645,,Not_Significant,#N/A,0.645,2,1,1,0,1,0,22.553,21.613,21.279,21.440,21.554,20.515,,21.3,1.0
1030,P28702,Retinoic acid receptor RXR-beta,RXRB,0.505,0.774,,Not_Significant,#N/A,0.774,2,1,2,0,0,0,21.063,21.285,21.573,20.509,19.411,21.679,,21.3,1.0
1032,P28838,Cytosol aminopeptidase,LAP3,1.053,-0.289,,Not_Significant,#N/A,-0.289,1,5,3,4,3,1,22.293,22.359,22.631,22.763,22.566,22.822,,21.3,1.0
1035,P29144,Tripeptidyl-peptidase 2,TPP2,0.353,-0.400,,Not_Significant,#N/A,-0.400,2,3,1,2,2,1,22.129,22.072,20.953,22.595,22.115,21.645,,21.3,1.0
1036,P29353,SHC-transforming protein 1,SHC1,0.255,0.475,,Not_Significant,#N/A,0.475,5,3,6,2,1,1,21.526,21.859,22.063,22.055,22.073,19.895,,21.3,1.0
1037,P29372,DNA-3-methyladenine glycosylase,MPG,0.391,-0.348,,Not_Significant,#N/A,-0.348,1,0,3,0,1,0,20.631,20.104,21.029,21.132,21.261,20.414,,21.2,1.0
1038,P29373,Cellular retinoic acid-binding protein 2,CRABP2,1.737,0.532,,Not_Significant,#N/A,0.532,16,18,12,12,10,8,26.202,26.007,26.114,25.820,25.509,25.399,,21.2,1.0
1040,P29401,Transketolase,TKT,1.518,0.540,,Not_Significant,#N/A,0.540,23,26,20,8,7,8,24.637,24.998,24.555,24.206,24.023,24.341,,21.2,1.0
1041,P29590,Protein PML,PML,0.221,-0.230,,Not_Significant,#N/A,-0.230,0,1,1,0,0,0,20.446,21.160,20.908,21.706,20.510,20.988,,21.2,1.0
1042,P29692,Elongation factor 1-delta,EEF1D,0.204,0.059,,Not_Significant,#N/A,0.059,20,23,21,17,11,13,26.941,27.115,26.999,27.056,27.060,26.764,,21.2,1.0
1045,P30038,"Delta-1-pyrroline-5-carboxylate dehydrogenase, mitochondrial",ALDH4A1,0.882,-0.630,,Not_Significant,#N/A,-0.630,4,5,4,4,5,2,22.508,22.118,21.606,22.927,22.898,22.297,,21.2,1.0
1048,P30041,Peroxiredoxin-6,PRDX6,1.233,0.600,,Not_Significant,#N/A,0.600,17,26,21,12,4,5,25.662,26.054,25.346,25.249,25.114,24.899,,21.2,1.0
1049,P30043,Flavin reductase (NADPH),BLVRB,1.637,0.790,,Not_Significant,#N/A,0.790,14,4,9,3,6,3,24.773,24.200,24.800,23.936,23.864,23.604,,21.2,1.0
1050,P30044,"Peroxiredoxin-5, mitochondrial",PRDX5,0.432,-0.096,,Not_Significant,#N/A,-0.096,12,13,10,10,9,7,25.934,26.075,25.949,26.079,26.228,25.939,,21.2,1.0
1051,P30048,"Thioredoxin-dependent peroxide reductase, mitochondrial",PRDX3,1.648,-0.541,,Not_Significant,#N/A,-0.541,8,10,9,8,8,6,24.461,24.711,24.201,25.054,24.964,24.978,,21.2,1.0
1052,P30049,"ATP synthase subunit delta, mitochondrial",ATP5D,0.679,1.717,,Not_Significant,#N/A,1.717,2,3,1,1,0,1,23.500,24.284,22.586,19.662,22.842,22.716,,21.1,1.0
1053,P30050,60S ribosomal protein L12,RPL12,0.336,0.224,,Not_Significant,#N/A,0.224,6,4,8,5,7,4,26.762,27.063,27.002,26.539,26.389,27.228,,21.1,1.0
1055,P30085,UMP-CMP kinase,CMPK1,0.106,0.028,,Not_Significant,#N/A,0.028,6,7,8,5,3,5,23.213,23.345,23.189,23.151,23.387,23.124,,21.1,1.0
1056,P30086,Phosphatidylethanolamine-binding protein 1;Hippocampal cholinergic neurostimulating peptide,PEBP1,0.829,0.376,,Not_Significant,#N/A,0.376,15,13,10,7,8,7,26.154,26.419,25.740,25.835,25.592,25.759,,21.1,1.0
1057,P30101,Protein disulfide-isomerase A3,PDIA3,0.539,1.062,,Not_Significant,#N/A,1.062,11,36,11,7,4,5,23.416,25.919,23.244,23.315,23.036,23.043,,21.1,1.0
1058,P30153,Serine/threonine-protein phosphatase 2A 65 kDa regulatory subunit A alpha isoform,PPP2R1A,0.958,0.363,,Not_Significant,#N/A,0.363,19,16,16,9,10,11,26.851,27.212,26.644,26.659,26.517,26.442,,21.1,1.0
1060,P30260,Cell division cycle protein 27 homolog,CDC27,0.763,1.462,,Not_Significant,#N/A,1.462,3,1,2,0,0,0,23.470,22.523,22.885,23.154,20.453,20.886,,21.1,1.0
1062,P30419,Glycylpeptide N-tetradecanoyltransferase 1,NMT1,0.115,-0.081,,Not_Significant,#N/A,-0.081,6,3,4,3,1,2,22.840,22.804,22.707,23.340,22.469,22.786,,21.1,1.0
1064,P30520,Adenylosuccinate synthetase isozyme 2,ADSS,0.651,0.941,,Not_Significant,#N/A,0.941,4,9,9,3,3,0,23.225,23.242,23.275,23.097,22.812,21.011,,21.1,1.0
1065,P30566,Adenylosuccinate lyase,ADSL,1.230,-0.526,,Not_Significant,#N/A,-0.526,5,7,11,5,4,5,23.806,24.251,24.459,24.620,24.808,24.666,,21.1,1.0
1067,P30626,Sorcin,SRI,0.957,0.123,,Not_Significant,#N/A,0.123,5,3,4,3,3,3,22.751,22.825,22.764,22.640,22.569,22.760,,21.0,1.0
1070,P30876,DNA-directed RNA polymerase II subunit RPB2,POLR2B,0.600,0.213,,Not_Significant,#N/A,0.213,19,13,11,3,4,5,22.913,22.739,23.215,22.758,22.603,22.868,,21.0,1.0
1072,P31040,"Succinate dehydrogenase [ubiquinone] flavoprotein subunit, mitochondrial",SDHA,1.048,-0.952,,Not_Significant,#N/A,-0.952,10,6,13,12,14,6,23.584,23.576,24.070,24.733,25.360,23.994,,21.0,1.0
1074,P31150,Rab GDP dissociation inhibitor alpha,GDI1,0.814,0.844,,Not_Significant,#N/A,0.844,4,1,2,1,0,0,22.296,22.764,21.865,22.100,21.577,20.717,,21.0,1.0
1075,P31153,S-adenosylmethionine synthase isoform type-2,MAT2A,0.151,0.121,,Not_Significant,#N/A,0.121,5,4,3,1,4,2,22.448,23.308,22.582,22.733,22.844,22.398,,21.0,1.0
1078,P31350,Ribonucleoside-diphosphate reductase subunit M2,RRM2,1.381,0.511,,Not_Significant,#N/A,0.511,7,9,12,5,2,4,23.978,23.523,23.810,23.462,23.083,23.234,,21.0,1.0
1080,P31689,DnaJ homolog subfamily A member 1,DNAJA1,1.328,0.991,,Not_Significant,#N/A,0.991,8,6,8,2,2,4,24.191,23.919,23.846,23.290,22.329,23.363,,21.0,1.0
1081,P31749,RAC-alpha serine/threonine-protein kinase,AKT1,0.952,0.646,,Not_Significant,#N/A,0.646,7,2,5,0,0,1,22.603,22.381,23.043,21.530,22.305,22.256,,21.0,1.0
1083,P31930,"Cytochrome b-c1 complex subunit 1, mitochondrial",UQCRC1,1.078,0.231,,Not_Significant,#N/A,0.231,5,13,7,5,5,7,24.234,24.228,24.320,24.215,23.985,23.892,,21.0,1.0
1084,P31937,"3-hydroxyisobutyrate dehydrogenase, mitochondrial",HIBADH,0.080,0.263,,Not_Significant,#N/A,0.263,2,4,6,0,2,3,20.215,22.786,22.675,20.603,21.091,23.193,,21.0,1.0
1085,P31939,Bifunctional purine biosynthesis protein PURH;Phosphoribosylaminoimidazolecarboxamide formyltransferase;IMP cyclohydrolase,ATIC,1.638,0.666,,Not_Significant,#N/A,0.666,22,18,19,10,2,3,23.546,23.751,23.582,23.233,22.635,23.013,,20.9,1.0
1089,P31946,"14-3-3 protein beta/alpha;14-3-3 protein beta/alpha, N-terminally processed",YWHAB,0.918,0.328,,Not_Significant,#N/A,0.328,18,18,20,11,8,10,26.298,26.847,26.488,26.177,26.304,26.168,,20.9,1.0
1090,P31947,14-3-3 protein sigma,SFN,1.118,0.679,,Not_Significant,#N/A,0.679,5,3,6,2,4,1,26.062,26.961,26.361,25.753,25.983,25.612,,20.9,1.0
1091,P31948,Stress-induced-phosphoprotein 1,STIP1,2.564,0.342,,Not_Significant,#N/A,0.342,53,35,42,34,22,23,26.132,26.112,25.994,25.777,25.754,25.680,,20.9,1.0
1092,P31949,"Protein S100-A11;Protein S100-A11, N-terminally processed",S100A11,0.036,0.016,,Not_Significant,#N/A,0.016,5,7,5,6,4,4,26.022,26.278,25.810,26.009,26.137,25.915,,20.9,1.0
1093,P32119,Peroxiredoxin-2,PRDX2,0.973,-0.251,,Not_Significant,#N/A,-0.251,14,10,10,10,9,14,26.081,26.292,26.178,26.644,26.328,26.332,,20.9,1.0
1098,P32969,60S ribosomal protein L9,RPL9,0.965,-0.356,,Not_Significant,#N/A,-0.356,11,9,9,6,9,6,25.831,26.029,25.622,26.201,25.956,26.394,,20.9,1.0
1099,P33121,Long-chain-fatty-acid--CoA ligase 1,ACSL1,0.796,0.587,,Not_Significant,#N/A,0.587,0,2,0,0,0,0,21.179,21.876,21.213,21.343,20.597,20.567,,20.9,1.0
1100,P33176,Kinesin-1 heavy chain,KIF5B,2.176,-0.365,,Not_Significant,#N/A,-0.365,28,24,22,22,21,24,24.586,24.808,24.706,25.012,25.115,25.068,,20.9,1.0
1102,P33316,"Deoxyuridine 5-triphosphate nucleotidohydrolase, mitochondrial",DUT,0.830,1.720,,Not_Significant,#N/A,1.720,4,3,4,3,0,0,23.396,22.813,22.009,22.753,20.333,19.971,,20.9,1.0
1103,P33552,Cyclin-dependent kinases regulatory subunit 2,CKS2,0.079,0.325,,Not_Significant,#N/A,0.325,2,1,0,0,1,0,22.807,23.313,19.284,22.390,21.957,20.080,,20.8,1.0
1105,P33991,DNA replication licensing factor MCM4,MCM4,0.696,0.245,,Not_Significant,#N/A,0.245,33,24,27,16,18,18,25.075,24.743,25.226,24.697,24.916,24.697,,20.8,1.0
1106,P33992,DNA replication licensing factor MCM5,MCM5,0.086,0.036,,Not_Significant,#N/A,0.036,28,19,29,16,13,8,24.580,24.170,24.637,24.425,24.382,24.471,,20.8,1.0
1107,P33993,DNA replication licensing factor MCM7,MCM7,0.671,0.292,,Not_Significant,#N/A,0.292,46,34,33,19,24,27,25.362,24.886,25.478,24.914,24.837,25.099,,20.8,1.0
1112,P34932,Heat shock 70 kDa protein 4,HSPA4,1.768,0.795,,Not_Significant,#N/A,0.795,14,20,14,7,6,7,23.626,23.953,23.604,23.225,22.929,22.645,,20.8,1.0
1116,P35219,Carbonic anhydrase-related protein,CA8,0.720,1.515,,Not_Significant,#N/A,1.515,3,1,1,0,0,0,23.248,20.079,22.312,20.493,19.958,20.644,,20.8,1.0
1117,P35221,Catenin alpha-1,CTNNA1,0.182,0.034,,Not_Significant,#N/A,0.034,20,19,21,16,14,13,24.426,24.437,24.377,24.516,24.303,24.320,,20.8,1.0
1118,P35222,Catenin beta-1,CTNNB1,0.084,0.028,,Not_Significant,#N/A,0.028,21,11,21,18,14,14,24.098,23.819,24.076,24.112,23.867,23.932,,20.8,1.0
1120,P35232,Prohibitin,PHB,0.343,-0.132,,Not_Significant,#N/A,-0.132,15,16,15,10,11,13,25.133,25.466,24.962,25.380,25.203,25.373,,20.8,1.0
1122,P35241,Radixin,RDX,0.452,0.202,,Not_Significant,#N/A,0.202,7,5,7,5,6,2,23.541,23.040,23.137,23.093,23.206,22.812,,20.8,1.0
1123,P35244,Replication protein A 14 kDa subunit,RPA3,0.311,0.318,,Not_Significant,#N/A,0.318,3,3,4,3,2,4,24.047,23.460,24.203,23.339,23.140,24.277,,20.7,1.0
1124,P35249,Replication factor C subunit 4,RFC4,0.002,0.003,,Not_Significant,#N/A,0.003,9,7,8,4,2,3,23.896,24.146,23.975,24.800,23.596,23.611,,20.7,1.0
1125,P35250,Replication factor C subunit 2,RFC2,0.002,-0.001,,Not_Significant,#N/A,-0.001,14,10,8,2,2,3,23.821,23.543,23.489,24.077,23.524,23.255,,20.7,1.0
1126,P35251,Replication factor C subunit 1,RFC1,0.499,0.291,,Not_Significant,#N/A,0.291,3,1,2,1,0,0,21.464,21.033,21.367,20.989,20.624,21.380,,20.7,1.0
1127,P35268,60S ribosomal protein L22,RPL22,0.300,-0.208,,Not_Significant,#N/A,-0.208,5,1,2,3,3,1,25.281,25.120,24.377,25.196,25.056,25.148,,20.7,1.0
1128,P35269,General transcription factor IIF subunit 1,GTF2F1,0.865,0.401,,Not_Significant,#N/A,0.401,2,0,3,0,0,0,21.201,21.235,21.624,20.895,21.267,20.695,,20.7,1.0
1134,P35573,"Glycogen debranching enzyme;4-alpha-glucanotransferase;Amylo-alpha-1,6-glucosidase",AGL,0.869,0.330,,Not_Significant,#N/A,0.330,13,11,12,4,6,5,23.526,23.129,23.471,22.838,23.025,23.272,,20.7,1.0
1135,P35579,Myosin-9,MYH9,1.475,-0.398,,Not_Significant,#N/A,-0.398,148,142,134,123,126,130,26.448,26.551,26.231,26.643,26.894,26.886,,20.7,1.0
1136,P35580,Myosin-10,MYH10,0.294,-0.085,,Not_Significant,#N/A,-0.085,31,20,21,23,31,21,24.113,23.776,24.003,24.053,23.941,24.152,,20.7,1.0
1137,P35606,Coatomer subunit beta,COPB2,2.174,0.453,,Not_Significant,#N/A,0.453,49,46,53,24,21,28,25.406,25.620,25.680,25.169,25.076,25.102,,20.7,1.0
1139,P35611,Alpha-adducin,ADD1,0.935,0.844,,Not_Significant,#N/A,0.844,7,2,2,1,1,1,22.246,22.141,22.513,20.870,22.238,21.261,,20.6,1.0
1141,P35637,RNA-binding protein FUS,FUS,1.954,-1.036,,Not_Significant,#N/A,-1.036,10,9,7,11,10,20,25.885,25.170,25.278,26.501,26.582,26.357,,20.6,1.0
1142,P35658,Nuclear pore complex protein Nup214,NUP214,1.548,0.782,,Not_Significant,#N/A,0.782,13,15,18,2,2,5,23.594,23.830,24.361,23.251,23.076,23.111,,20.6,1.0
1143,P35659,Protein DEK,DEK,0.651,0.483,,Not_Significant,#N/A,0.483,4,6,5,4,5,1,24.080,23.064,23.285,23.116,23.134,22.729,,20.6,1.0
1146,P35813,Protein phosphatase 1A,PPM1A,0.826,0.609,,Not_Significant,#N/A,0.609,3,1,1,0,1,0,22.523,21.686,21.398,21.168,21.358,21.253,,20.6,1.0
1149,P35998,26S protease regulatory subunit 7,PSMC2,0.033,0.011,,Not_Significant,#N/A,0.011,19,19,21,12,10,6,24.351,24.619,24.528,24.395,24.437,24.633,,20.6,1.0
1150,P36404,ADP-ribosylation factor-like protein 2,ARL2,1.384,0.561,,Not_Significant,#N/A,0.561,2,3,4,3,3,1,22.982,23.001,22.909,22.589,22.592,22.029,,20.6,1.0
1153,P36507,Dual specificity mitogen-activated protein kinase kinase 2,MAP2K2,4.000,0.618,,Not_Significant,#N/A,0.618,6,8,6,0,1,1,22.965,23.039,22.991,22.380,22.438,22.322,,20.6,1.0
1154,P36542,"ATP synthase subunit gamma, mitochondrial",ATP5C1,0.143,0.154,,Not_Significant,#N/A,0.154,11,9,8,7,5,7,25.786,27.065,26.065,26.263,26.232,25.957,,20.6,1.0
1155,P36543,V-type proton ATPase subunit E 1,ATP6V1E1,0.182,0.522,,Not_Significant,#N/A,0.522,4,8,4,1,3,2,22.066,23.015,22.580,19.918,23.152,23.025,,20.6,1.0
1157,P36578,60S ribosomal protein L4,RPL4,0.941,-0.347,,Not_Significant,#N/A,-0.347,27,21,24,18,22,14,26.414,26.047,25.912,26.434,26.633,26.346,,20.5,1.0
1161,P36915,Guanine nucleotide-binding protein-like 1,GNL1,0.657,0.229,,Not_Significant,#N/A,0.229,6,3,4,0,1,1,22.848,22.614,22.622,22.612,22.189,22.595,,20.5,1.0
1162,P36957,"Dihydrolipoyllysine-residue succinyltransferase component of 2-oxoglutarate dehydrogenase complex, mitochondrial",DLST,2.085,-0.754,,Not_Significant,#N/A,-0.754,23,16,19,18,14,18,25.472,25.667,25.845,26.407,26.612,26.227,,20.5,1.0
1164,P37108,Signal recognition particle 14 kDa protein,SRP14,0.689,0.125,,Not_Significant,#N/A,0.125,5,6,7,6,5,2,24.116,24.114,23.952,23.834,24.049,23.925,,20.5,1.0
1166,P37198,Nuclear pore glycoprotein p62,NUP62,2.056,0.796,,Not_Significant,#N/A,0.796,8,8,5,4,5,3,23.856,23.846,24.092,22.993,22.985,23.427,,20.5,1.0
1167,P37268,Squalene synthase,FDFT1,0.006,0.009,,Not_Significant,#N/A,0.009,7,8,6,6,3,4,24.592,24.024,23.177,24.361,24.083,23.321,,20.5,1.0
1168,P37802,Transgelin-2,TAGLN2,1.749,0.534,,Not_Significant,#N/A,0.534,20,23,18,13,16,11,26.176,26.237,26.143,25.908,25.595,25.452,,20.5,1.0
1170,P38117,Electron transfer flavoprotein subunit beta,ETFB,0.785,-0.401,,Not_Significant,#N/A,-0.401,7,11,5,3,3,5,22.976,23.598,22.894,23.428,23.699,23.543,,20.5,1.0
1172,P38432,Coilin,COIL,0.423,-0.436,,Not_Significant,#N/A,-0.436,3,0,0,0,3,1,22.091,21.772,20.655,21.824,21.956,22.046,,20.5,1.0
1173,P38606,V-type proton ATPase catalytic subunit A,ATP6V1A,2.102,0.549,,Not_Significant,#N/A,0.549,15,16,12,14,14,12,25.016,25.008,25.278,24.639,24.417,24.598,,20.5,1.0
1175,P38919,"Eukaryotic initiation factor 4A-III;Eukaryotic initiation factor 4A-III, N-terminally processed",EIF4A3,1.513,-0.455,,Not_Significant,#N/A,-0.455,19,17,21,15,14,13,24.981,24.554,24.794,25.315,25.107,25.271,,20.4,1.0
1177,P39019,40S ribosomal protein S19,RPS19,3.024,-0.680,,Not_Significant,#N/A,-0.680,14,14,14,11,15,13,25.730,25.757,25.808,26.581,26.429,26.325,,20.4,1.0
1178,P39023,60S ribosomal protein L3,RPL3,0.801,-0.480,,Not_Significant,#N/A,-0.480,32,26,22,15,12,11,25.795,25.051,25.149,25.820,26.067,25.550,,20.4,1.0
1179,P39656,Dolichyl-diphosphooligosaccharide--protein glycosyltransferase 48 kDa subunit,DDOST,1.738,0.612,,Not_Significant,#N/A,0.612,10,7,8,5,4,5,24.811,24.776,25.213,24.422,24.174,24.366,,20.4,1.0
1181,P39748,Flap endonuclease 1,FEN1,0.851,0.273,,Not_Significant,#N/A,0.273,19,8,15,12,11,12,25.200,24.788,25.263,24.823,24.798,24.809,,20.4,1.0
1183,P40121,Macrophage-capping protein,CAPG,0.167,-0.145,,Not_Significant,#N/A,-0.145,9,9,7,4,5,4,23.558,23.697,22.659,23.405,23.417,23.527,,20.4,1.0
1184,P40123,Adenylyl cyclase-associated protein 2,CAP2,1.949,1.060,,Not_Significant,#N/A,1.060,5,3,6,1,1,0,22.959,22.777,22.349,21.888,21.354,21.664,,20.4,1.0
1185,P40222,Alpha-taxilin,TXLNA,0.046,0.009,,Not_Significant,#N/A,0.009,6,3,8,3,0,4,22.392,22.562,22.529,22.442,22.451,22.563,,20.4,1.0
1186,P40227,T-complex protein 1 subunit zeta,CCT6A,0.148,0.021,,Not_Significant,#N/A,0.021,35,32,32,22,21,25,26.657,26.651,26.655,26.619,26.548,26.732,,20.4,1.0
1190,P40429;Q6NVV1,60S ribosomal protein L13a;Putative 60S ribosomal protein L13a protein RPL13AP3,RPL13A;RPL13AP3,0.425,-0.231,,Not_Significant,#N/A,-0.231,8,6,7,4,3,6,26.244,25.624,25.598,26.061,26.213,25.884,,20.4,1.0
1191,P40616,ADP-ribosylation factor-like protein 1,ARL1,0.685,0.304,,Not_Significant,#N/A,0.304,5,4,5,3,4,2,22.388,22.603,22.806,22.144,22.122,22.619,,20.3,1.0
1192,P40692,DNA mismatch repair protein Mlh1,MLH1,0.942,0.633,,Not_Significant,#N/A,0.633,5,0,2,0,0,0,21.784,21.068,21.164,20.808,21.025,20.284,,20.3,1.0
1193,P40763,Signal transducer and activator of transcription 3,STAT3,2.207,0.559,,Not_Significant,#N/A,0.559,12,11,18,8,8,8,24.609,24.785,24.881,24.209,24.074,24.316,,20.3,1.0
1194,P40818,Ubiquitin carboxyl-terminal hydrolase 8,USP8,0.234,0.371,,Not_Significant,#N/A,0.371,1,0,0,0,0,0,20.576,20.131,21.317,20.917,20.718,19.276,,20.3,1.0
1195,P40925,"Malate dehydrogenase, cytoplasmic",MDH1,0.411,0.333,,Not_Significant,#N/A,0.333,7,9,6,1,0,3,22.901,24.054,23.352,23.247,22.991,23.069,,20.3,1.0
1196,P40926,"Malate dehydrogenase, mitochondrial",MDH2,1.337,-0.511,,Not_Significant,#N/A,-0.511,28,27,22,14,18,23,25.659,26.224,25.762,26.449,26.416,26.311,,20.3,1.0
1198,P40938,Replication factor C subunit 3,RFC3,0.189,0.146,,Not_Significant,#N/A,0.146,6,5,5,3,3,3,23.473,22.754,23.273,23.018,22.669,23.374,,20.3,1.0
1199,P40939,"Trifunctional enzyme subunit alpha, mitochondrial;Long-chain enoyl-CoA hydratase;Long chain 3-hydroxyacyl-CoA dehydrogenase",HADHA,0.285,0.158,,Not_Significant,#N/A,0.158,11,17,13,9,8,6,22.897,23.669,23.237,23.149,23.073,23.105,,20.3,1.0
1200,P41091;Q2VIR3,Eukaryotic translation initiation factor 2 subunit 3;Putative eukaryotic translation initiation factor 2 subunit 3-like protein,EIF2S3;EIF2S3L,0.749,0.213,,Not_Significant,#N/A,0.213,30,26,19,15,16,11,25.684,25.482,25.779,25.628,25.331,25.348,,20.3,1.0
1204,P41223,Protein BUD31 homolog,BUD31,0.653,1.040,,Not_Significant,#N/A,1.040,3,0,0,1,0,0,22.635,20.515,22.105,21.110,20.040,20.984,,20.3,1.0
1206,P41227,N-alpha-acetyltransferase 10,NAA10,1.662,0.866,,Not_Significant,#N/A,0.866,8,5,7,1,3,3,23.190,23.079,23.713,22.382,22.723,22.279,,20.2,1.0
1208,P41240,Tyrosine-protein kinase CSK,CSK,1.818,0.288,,Not_Significant,#N/A,0.288,7,5,7,3,4,2,22.726,22.652,22.724,22.532,22.403,22.302,,20.2,1.0
1209,P41250,Glycine--tRNA ligase,GARS,0.679,0.253,,Not_Significant,#N/A,0.253,14,15,18,10,10,4,24.457,24.940,24.496,24.512,24.328,24.296,,20.2,1.0
1210,P41252,"Isoleucine--tRNA ligase, cytoplasmic",IARS,1.043,0.165,,Not_Significant,#N/A,0.165,36,30,43,18,24,23,25.451,25.349,25.524,25.344,25.169,25.317,,20.2,1.0
1212,P41743,Protein kinase C iota type,PRKCI,0.031,-0.028,,Not_Significant,#N/A,-0.028,5,6,6,2,2,1,23.736,23.701,23.925,23.577,23.471,24.398,,20.2,1.0
1213,P42025,Beta-centractin,ACTR1B,0.446,0.233,,Not_Significant,#N/A,0.233,2,3,3,2,1,1,23.762,23.450,24.219,23.531,23.586,23.614,,20.2,1.0
1214,P42126,"Enoyl-CoA delta isomerase 1, mitochondrial",ECI1,1.971,-0.449,,Not_Significant,#N/A,-0.449,7,5,7,4,3,5,23.022,23.168,23.263,23.669,23.459,23.672,,20.2,1.0
1215,P42166,"Lamina-associated polypeptide 2, isoform alpha;Thymopoietin;Thymopentin",TMPO,0.310,0.159,,Not_Significant,#N/A,0.159,35,18,26,23,16,17,25.249,24.782,24.952,25.124,24.804,24.579,,20.2,1.0
1216,P42167,"Lamina-associated polypeptide 2, isoforms beta/gamma;Thymopoietin;Thymopentin",TMPO,0.014,-0.007,,Not_Significant,#N/A,-0.007,7,7,9,7,4,2,24.721,24.247,24.461,24.476,24.613,24.360,,20.2,1.0
1217,P42224,Signal transducer and activator of transcription 1-alpha/beta,STAT1,2.719,0.490,,Not_Significant,#N/A,0.490,18,18,28,10,9,10,23.721,23.874,23.896,23.382,23.377,23.262,,20.2,1.0
1218,P42226,Signal transducer and activator of transcription 6,STAT6,1.598,0.543,,Not_Significant,#N/A,0.543,3,5,3,0,1,0,22.056,21.966,22.210,21.810,21.417,21.376,,20.1,1.0
1220,P42285,Superkiller viralicidic activity 2-like 2,SKIV2L2,0.819,0.263,,Not_Significant,#N/A,0.263,7,8,12,2,5,2,22.667,22.374,22.407,22.072,22.449,22.137,,20.1,1.0
1223,P42345,Serine/threonine-protein kinase mTOR,MTOR,0.946,0.820,,Not_Significant,#N/A,0.820,4,3,1,0,0,1,21.858,21.888,22.117,21.538,20.341,21.525,,20.1,1.0
1227,P42677,40S ribosomal protein S27,RPS27,0.050,-0.009,,Not_Significant,#N/A,-0.009,11,6,9,5,4,9,25.211,25.114,25.285,25.157,25.207,25.273,,20.1,1.0
1228,P42695,Condensin-2 complex subunit D3,NCAPD3,0.237,0.230,,Not_Significant,#N/A,0.230,5,1,2,0,0,0,21.244,20.349,21.150,20.567,20.311,21.175,,20.1,1.0
1232,P42766,60S ribosomal protein L35,RPL35,0.021,-0.012,,Not_Significant,#N/A,-0.012,5,3,3,4,3,4,26.309,25.874,25.739,25.972,26.143,25.844,,20.1,1.0
1235,P43034,Platelet-activating factor acetylhydrolase IB subunit alpha,PAFAH1B1,2.028,0.435,,Not_Significant,#N/A,0.435,8,5,9,5,5,6,23.478,23.706,23.608,23.226,23.032,23.228,,20.1,1.0
1237,P43243,Matrin-3,MATR3,1.816,-0.716,,Not_Significant,#N/A,-0.716,24,17,14,20,16,16,24.924,24.530,24.349,25.339,25.227,25.384,,20.1,1.0
1238,P43246,DNA mismatch repair protein Msh2,MSH2,2.175,0.580,,Not_Significant,#N/A,0.580,12,10,13,4,6,6,23.375,23.272,23.544,22.973,22.710,22.768,,20.1,1.0
1239,P43304,"Glycerol-3-phosphate dehydrogenase, mitochondrial",GPD2,0.880,-2.549,,Not_Significant,#N/A,-2.549,3,2,2,8,3,3,21.659,22.661,18.279,23.845,23.422,22.980,,20.1,1.0
1241,P43487,Ran-specific GTPase-activating protein,RANBP1,0.935,0.465,,Not_Significant,#N/A,0.465,4,6,6,2,3,3,25.344,25.571,25.031,25.120,24.899,24.532,,20.0,1.0
1242,P43490,Nicotinamide phosphoribosyltransferase,NAMPT,1.754,0.456,,Not_Significant,#N/A,0.456,8,6,6,6,6,5,23.250,23.180,23.178,22.796,22.528,22.916,,20.0,1.0
1243,P43686,26S protease regulatory subunit 6B,PSMC4,0.357,0.075,,Not_Significant,#N/A,0.075,11,10,12,9,7,9,24.318,24.267,24.218,24.037,24.229,24.314,,20.0,1.0
1245,P45880,Voltage-dependent anion-selective channel protein 2,VDAC2,0.889,0.274,,Not_Significant,#N/A,0.274,14,13,13,8,5,8,25.823,26.073,26.061,25.704,25.511,25.920,,20.0,1.0
1246,P45954,"Short/branched chain specific acyl-CoA dehydrogenase, mitochondrial",ACADSB,0.062,0.049,,Not_Significant,#N/A,0.049,4,2,2,1,2,1,21.597,21.949,22.315,21.838,22.245,21.630,,20.0,1.0
1247,P45973,Chromobox protein homolog 5,CBX5,0.721,0.465,,Not_Significant,#N/A,0.465,10,4,9,3,3,2,25.481,24.463,24.936,24.540,24.497,24.446,,20.0,1.0
1248,P45974,Ubiquitin carboxyl-terminal hydrolase 5,USP5,0.894,0.787,,Not_Significant,#N/A,0.787,17,8,12,6,3,1,23.799,23.646,23.483,23.577,22.795,22.195,,20.0,1.0
1250,P46013,Antigen KI-67,MKI67,0.821,1.153,,Not_Significant,#N/A,1.153,11,2,5,1,3,0,23.042,21.133,22.283,21.289,21.386,20.324,,20.0,1.0
1252,P46060,Ran GTPase-activating protein 1,RANGAP1,0.267,0.053,,Not_Significant,#N/A,0.053,8,8,13,4,6,4,23.840,23.920,23.852,23.881,23.905,23.666,,20.0,1.0
1253,P46063,ATP-dependent DNA helicase Q1,RECQL,1.192,0.516,,Not_Significant,#N/A,0.516,21,11,17,12,7,8,28.229,27.570,27.971,27.491,27.274,27.458,,20.0,1.0
1259,P46379,Large proline-rich protein BAG6,BAG6,0.773,0.445,,Not_Significant,#N/A,0.445,10,10,7,2,3,2,23.129,23.406,23.176,22.692,23.268,22.416,,19.9,1.0
1260,P46459,Vesicle-fusing ATPase,NSF,0.580,-0.052,,Not_Significant,#N/A,-0.052,18,16,22,9,8,6,23.684,23.698,23.803,23.807,23.772,23.763,,19.9,1.0
1263,P46776,60S ribosomal protein L27a,RPL27A,0.121,-0.071,,Not_Significant,#N/A,-0.071,5,7,6,6,5,2,25.972,25.648,25.706,25.947,26.110,25.481,,19.9,1.0
1264,P46777,60S ribosomal protein L5,RPL5,0.381,0.161,,Not_Significant,#N/A,0.161,11,20,11,13,11,14,25.560,25.465,25.377,25.423,25.524,24.970,,19.9,1.0
1265,P46778,60S ribosomal protein L21,RPL21,0.135,-0.121,,Not_Significant,#N/A,-0.121,5,6,5,5,5,5,26.083,25.684,25.132,25.904,25.961,25.396,,19.9,1.0
1266,P46779,60S ribosomal protein L28,RPL28,1.648,-0.573,,Not_Significant,#N/A,-0.573,9,7,10,4,5,8,25.496,24.982,25.260,25.711,25.891,25.855,,19.9,1.0
1267,P46781,40S ribosomal protein S9,RPS9,0.267,-0.046,,Not_Significant,#N/A,-0.046,19,18,15,11,11,10,26.092,26.050,25.988,26.029,26.026,26.212,,19.9,1.0
1268,P46782,"40S ribosomal protein S5;40S ribosomal protein S5, N-terminally processed",RPS5,0.175,-0.077,,Not_Significant,#N/A,-0.077,18,12,13,10,9,6,25.391,25.325,25.205,25.151,25.686,25.316,,19.9,1.0
1269,P46783,40S ribosomal protein S10,RPS10,0.232,0.094,,Not_Significant,#N/A,0.094,19,19,18,9,7,14,26.162,25.975,25.972,25.920,25.702,26.205,,19.9,1.0
1270,P46926,Glucosamine-6-phosphate isomerase 1,GNPDA1,0.790,1.141,,Not_Significant,#N/A,1.141,7,4,6,2,3,1,23.331,23.360,23.300,22.883,22.829,20.857,,19.9,1.0
1271,P46937,Transcriptional coactivator YAP1,YAP1,2.116,-0.760,,Not_Significant,#N/A,-0.760,2,2,2,3,5,3,22.112,22.394,22.414,23.042,23.282,22.876,,19.8,1.0
1273,P46940,Ras GTPase-activating-like protein IQGAP1,IQGAP1,0.825,0.180,,Not_Significant,#N/A,0.180,36,27,31,15,15,10,24.622,24.718,24.553,24.601,24.459,24.292,,19.8,1.0
1274,P46977,Dolichyl-diphosphooligosaccharide--protein glycosyltransferase subunit STT3A,STT3A,0.493,0.237,,Not_Significant,#N/A,0.237,12,3,5,3,3,1,23.791,23.666,23.199,23.459,23.106,23.379,,19.8,1.0
1275,P47755,F-actin-capping protein subunit alpha-2,CAPZA2,1.406,0.319,,Not_Significant,#N/A,0.319,7,7,7,6,4,4,23.656,23.673,23.742,23.543,23.382,23.188,,19.8,1.0
1276,P47756,F-actin-capping protein subunit beta,CAPZB,1.285,0.568,,Not_Significant,#N/A,0.568,15,8,9,8,7,10,25.247,25.343,24.893,24.883,24.546,24.349,,19.8,1.0
1278,P47897,Glutamine--tRNA ligase,QARS,1.745,0.131,,Not_Significant,#N/A,0.131,43,41,42,21,21,28,24.734,24.789,24.675,24.609,24.609,24.587,,19.8,1.0
1279,P47914,60S ribosomal protein L29,RPL29,0.941,-0.562,,Not_Significant,#N/A,-0.562,2,2,1,3,3,3,25.965,25.715,25.079,26.220,26.259,25.965,,19.8,1.0
1281,P48047,"ATP synthase subunit O, mitochondrial",ATP5O,0.249,0.087,,Not_Significant,#N/A,0.087,14,15,12,7,5,6,25.300,25.738,25.631,25.549,25.448,25.413,,19.8,1.0
1282,P48147,Prolyl endopeptidase,PREP,1.151,1.382,,Not_Significant,#N/A,1.382,3,2,1,0,0,0,22.584,20.681,21.754,20.462,20.364,20.046,,19.8,1.0
1284,P48444,Coatomer subunit delta,ARCN1,1.335,0.256,,Not_Significant,#N/A,0.256,30,30,27,18,16,22,25.442,25.429,25.702,25.256,25.293,25.256,,19.8,1.0
1285,P48449,Lanosterol synthase,LSS,0.968,1.235,,Not_Significant,#N/A,1.235,5,0,5,1,0,0,22.688,20.803,21.847,20.862,20.707,20.064,,19.7,1.0
1289,P48556,26S proteasome non-ATPase regulatory subunit 8,PSMD8,1.740,0.507,,Not_Significant,#N/A,0.507,6,5,5,3,1,2,22.964,23.093,23.141,22.755,22.339,22.583,,19.7,1.0
1290,P48634,Protein PRRC2A,PRRC2A,0.284,0.612,,Not_Significant,#N/A,0.612,7,0,2,0,2,1,21.627,21.552,21.509,19.217,21.765,21.870,,19.7,1.0
1291,P48637,Glutathione synthetase,GSS,1.386,1.174,,Not_Significant,#N/A,1.174,2,6,5,0,0,1,21.477,22.326,22.085,21.166,21.013,20.188,,19.7,1.0
1292,P48643,T-complex protein 1 subunit epsilon,CCT5,1.057,0.214,,Not_Significant,#N/A,0.214,33,33,37,22,23,23,27.627,27.925,27.738,27.587,27.473,27.589,,19.7,1.0
1293,P48729,Casein kinase I isoform alpha,CSNK1A1,1.481,0.970,,Not_Significant,#N/A,0.970,11,15,13,5,4,2,23.512,23.897,23.574,23.149,22.739,22.186,,19.7,1.0
1294,P48730;P49674,Casein kinase I isoform delta;Casein kinase I isoform epsilon,CSNK1D;CSNK1E,0.646,1.174,,Not_Significant,#N/A,1.174,2,4,4,2,0,1,22.428,22.831,23.478,22.545,22.454,20.214,,19.7,1.0
1295,P48735,"Isocitrate dehydrogenase [NADP], mitochondrial",IDH2,1.463,-0.413,,Not_Significant,#N/A,-0.413,36,27,32,32,28,29,26.505,26.211,26.645,26.811,26.895,26.894,,19.7,1.0
1298,P49005,DNA polymerase delta subunit 2,POLD2,1.110,0.685,,Not_Significant,#N/A,0.685,11,7,4,5,4,2,22.957,22.223,22.967,22.284,21.753,22.055,,19.7,1.0
1300,P49023,Paxillin,PXN,0.417,0.755,,Not_Significant,#N/A,0.755,2,4,3,3,2,4,22.624,23.222,22.232,20.506,22.639,22.668,,19.7,1.0
1302,P49137,MAP kinase-activated protein kinase 2,MAPKAPK2,1.230,1.781,,Not_Significant,#N/A,1.781,1,0,1,1,0,0,21.536,21.642,22.560,21.326,19.565,19.505,,19.6,1.0
1303,P49189,4-trimethylaminobutyraldehyde dehydrogenase,ALDH9A1,0.827,0.394,,Not_Significant,#N/A,0.394,9,10,5,7,3,4,23.418,23.322,22.905,23.123,22.732,22.609,,19.6,1.0
1304,P49207,60S ribosomal protein L34,RPL34,1.182,-0.512,,Not_Significant,#N/A,-0.512,3,5,3,1,2,2,25.620,25.477,24.985,25.740,25.921,25.955,,19.6,1.0
1306,P49257,Protein ERGIC-53,LMAN1,0.658,1.839,,Not_Significant,#N/A,1.839,8,2,9,5,2,3,23.937,24.241,24.074,23.792,19.743,23.199,,19.6,1.0
1308,P49327,Fatty acid synthase;[Acyl-carrier-protein] S-acetyltransferase;[Acyl-carrier-protein] S-malonyltransferase;3-oxoacyl-[acyl-carrier-protein] synthase;3-oxoacyl-[acyl-carrier-protein] reductase;3-hydroxyacyl-[acyl-carrier-protein] dehydratase;Enoyl-[acyl-carrier-protein] reductase;Oleoyl-[acyl-carrier-protein] hydrolase,FASN,0.766,0.144,,Not_Significant,#N/A,0.144,230,185,192,163,126,136,29.185,29.028,29.130,29.114,28.874,28.924,,19.6,1.0
1311,P49368,T-complex protein 1 subunit gamma,CCT3,1.292,-0.078,,Not_Significant,#N/A,-0.078,32,28,26,31,24,29,28.153,28.116,28.069,28.168,28.188,28.217,,19.6,1.0
1312,P49406,"39S ribosomal protein L19, mitochondrial",MRPL19,1.357,-0.792,,Not_Significant,#N/A,-0.792,1,2,2,3,2,3,21.716,22.001,21.860,22.902,22.921,22.131,,19.6,1.0
1314,P49419,Alpha-aminoadipic semialdehyde dehydrogenase,ALDH7A1,1.091,-0.171,,Not_Significant,#N/A,-0.171,7,4,5,5,3,6,23.546,23.310,23.381,23.557,23.562,23.631,,19.6,1.0
1315,P49454,Centromere protein F,CENPF,0.250,1.058,,Not_Significant,#N/A,1.058,4,0,3,1,0,1,23.552,19.161,23.698,22.618,20.132,20.487,,19.6,1.0
1318,P49585,Choline-phosphate cytidylyltransferase A,PCYT1A,0.303,-0.184,,Not_Significant,#N/A,-0.184,10,8,8,5,5,4,24.181,23.487,24.120,24.236,23.898,24.205,,19.6,1.0
1319,P49588,"Alanine--tRNA ligase, cytoplasmic",AARS,1.121,0.218,,Not_Significant,#N/A,0.218,47,44,46,33,32,37,26.718,26.519,26.466,26.438,26.345,26.265,,19.5,1.0
1320,P49589,"Cysteine--tRNA ligase, cytoplasmic",CARS,0.038,-0.057,,Not_Significant,#N/A,-0.057,12,6,5,5,2,3,23.628,22.490,22.013,22.769,22.494,23.037,,19.5,1.0
1321,P49590,"Probable histidine--tRNA ligase, mitochondrial",HARS2,1.603,-1.057,,Not_Significant,#N/A,-1.057,5,2,3,3,4,6,22.364,21.692,22.437,22.896,23.544,23.222,,19.5,1.0
1322,P49591,"Serine--tRNA ligase, cytoplasmic",SARS,2.460,0.457,,Not_Significant,#N/A,0.457,11,10,6,6,7,3,23.661,23.617,23.825,23.203,23.211,23.320,,19.5,1.0
1323,P49642,DNA primase small subunit,PRIM1,0.486,0.564,,Not_Significant,#N/A,0.564,5,2,3,2,0,0,21.739,22.052,21.131,21.515,21.491,20.223,,19.5,1.0
1324,P49643,DNA primase large subunit,PRIM2,1.622,1.191,,Not_Significant,#N/A,1.191,2,1,0,1,0,1,22.179,21.481,21.564,20.178,20.437,21.034,,19.5,1.0
1327,P49720,Proteasome subunit beta type-3,PSMB3,0.352,-0.196,,Not_Significant,#N/A,-0.196,5,4,4,2,3,2,23.605,23.400,23.048,23.803,23.238,23.599,,19.5,1.0
1329,P49736,DNA replication licensing factor MCM2,MCM2,0.070,0.026,,Not_Significant,#N/A,0.026,31,22,26,20,20,15,25.006,24.714,24.833,24.864,24.642,24.969,,19.5,1.0
1330,P49748,"Very long-chain specific acyl-CoA dehydrogenase, mitochondrial",ACADVL,0.624,-0.237,,Not_Significant,#N/A,-0.237,16,17,24,16,14,11,25.773,25.904,26.168,26.208,26.389,25.958,,19.5,1.0
1331,P49750,YLP motif-containing protein 1,YLPM1,1.368,-0.833,,Not_Significant,#N/A,-0.833,6,0,1,4,2,6,21.827,21.156,21.721,22.174,22.243,22.786,,19.5,1.0
1333,P49755,Transmembrane emp24 domain-containing protein 10,TMED10,0.916,0.888,,Not_Significant,#N/A,0.888,8,4,6,3,1,1,23.314,23.527,23.084,23.102,22.545,21.613,,19.4,1.0
1334,P49756,RNA-binding protein 25,RBM25,0.898,-0.369,,Not_Significant,#N/A,-0.369,6,5,4,5,3,3,23.509,23.345,23.586,23.651,23.691,24.204,,19.4,1.0
1336,P49770,Translation initiation factor eIF-2B subunit beta,EIF2B2,2.858,0.394,,Not_Significant,#N/A,0.394,6,0,3,1,2,0,22.167,22.314,22.270,21.851,21.817,21.901,,19.4,1.0
1337,P49773,Histidine triad nucleotide-binding protein 1,HINT1,1.640,0.692,,Not_Significant,#N/A,0.692,4,4,2,3,3,3,24.342,24.729,24.828,23.780,23.862,24.182,,19.4,1.0
1338,P49790,Nuclear pore complex protein Nup153,NUP153,0.743,0.276,,Not_Significant,#N/A,0.276,10,7,10,4,7,4,23.068,22.547,22.900,22.580,22.681,22.426,,19.4,1.0
1339,P49792,E3 SUMO-protein ligase RanBP2,RANBP2,1.397,-0.142,,Not_Significant,#N/A,-0.142,13,9,14,7,3,8,25.586,25.549,25.660,25.723,25.692,25.806,,19.4,1.0
1340,P49821,"NADH dehydrogenase [ubiquinone] flavoprotein 1, mitochondrial",NDUFV1,1.682,-0.690,,Not_Significant,#N/A,-0.690,5,4,3,5,3,4,22.077,22.317,22.072,22.972,22.512,23.051,,19.4,1.0
1341,P49840,Glycogen synthase kinase-3 alpha,GSK3A,1.330,0.888,,Not_Significant,#N/A,0.888,1,1,1,0,0,0,20.586,21.227,21.478,20.470,19.905,20.253,,19.4,1.0
1346,P49915,GMP synthase [glutamine-hydrolyzing],GMPS,0.385,0.201,,Not_Significant,#N/A,0.201,26,22,31,5,7,9,24.918,24.241,24.639,24.474,24.201,24.519,,19.4,1.0
1347,P49916,DNA ligase 3,LIG3,0.724,0.376,,Not_Significant,#N/A,0.376,12,4,9,3,3,5,22.780,22.109,22.821,22.123,22.150,22.308,,19.4,1.0
1348,P49959,Double-strand break repair protein MRE11A,MRE11A,0.286,0.137,,Not_Significant,#N/A,0.137,8,5,10,5,2,6,23.969,23.676,24.081,23.904,23.472,23.940,,19.3,1.0
1349,P50213,"Isocitrate dehydrogenase [NAD] subunit alpha, mitochondrial",IDH3A,0.225,-0.186,,Not_Significant,#N/A,-0.186,4,5,3,4,3,3,22.647,23.027,21.931,22.804,22.689,22.670,,19.3,1.0
1351,P50225;P50226,Sulfotransferase 1A1;Sulfotransferase 1A2,SULT1A1;SULT1A2,0.504,0.641,,Not_Significant,#N/A,0.641,1,0,1,0,0,0,21.720,20.355,21.951,20.205,20.947,20.950,,19.3,1.0
1352,P50395,Rab GDP dissociation inhibitor beta,GDI2,1.502,0.632,,Not_Significant,#N/A,0.632,21,24,24,14,12,14,25.234,25.491,25.085,24.815,24.769,24.331,,19.3,1.0
1353,P50402,Emerin,EMD,0.463,0.168,,Not_Significant,#N/A,0.168,6,7,4,2,2,2,23.412,23.661,23.426,23.291,23.581,23.123,,19.3,1.0
1354,P50416,"Carnitine O-palmitoyltransferase 1, liver isoform",CPT1A,1.285,0.349,,Not_Significant,#N/A,0.349,5,4,4,2,1,3,22.737,22.553,22.591,22.165,22.163,22.506,,19.3,1.0
1355,P50454,Serpin H1,SERPINH1,0.644,0.148,,Not_Significant,#N/A,0.148,11,12,13,8,5,5,23.429,23.552,23.367,23.477,23.199,23.229,,19.3,1.0
1356,P50502;Q8NFI4;Q8IZP2,Hsc70-interacting protein;Putative protein FAM10A5;Putative protein FAM10A4,ST13;ST13P5;ST13P4,1.904,0.710,,Not_Significant,#N/A,0.710,6,9,7,4,4,3,25.139,25.222,24.863,24.503,24.472,24.118,,19.3,1.0
1358,P50552,Vasodilator-stimulated phosphoprotein,VASP,2.268,0.560,,Not_Significant,#N/A,0.560,9,8,9,4,0,2,23.161,23.402,23.448,22.760,22.872,22.700,,19.3,1.0
1359,P50570,Dynamin-2,DNM2,0.640,0.165,,Not_Significant,#N/A,0.165,22,19,21,12,11,13,23.650,23.971,23.845,23.626,23.789,23.558,,19.3,1.0
1362,P50748,Kinetochore-associated protein 1,KNTC1,0.112,0.076,,Not_Significant,#N/A,0.076,12,4,6,3,2,2,27.297,27.169,27.532,26.965,27.110,27.694,,19.2,1.0
1365,P50914,60S ribosomal protein L14,RPL14,0.560,-0.212,,Not_Significant,#N/A,-0.212,8,5,1,3,4,2,26.062,25.746,25.721,26.226,26.132,25.806,,19.2,1.0
1366,P50990,T-complex protein 1 subunit theta,CCT8,0.010,-0.002,,Not_Significant,#N/A,-0.002,42,47,38,31,32,32,26.116,26.254,26.243,26.278,26.142,26.197,,19.2,1.0
1367,P50991,T-complex protein 1 subunit delta,CCT4,0.320,0.105,,Not_Significant,#N/A,0.105,26,31,27,33,28,23,25.936,26.291,26.019,26.093,26.019,25.819,,19.2,1.0
1368,P50995,Annexin A11,ANXA11,0.641,0.234,,Not_Significant,#N/A,0.234,5,4,7,5,2,4,22.539,22.660,22.222,22.197,22.431,22.089,,19.2,1.0
1369,P51003,Poly(A) polymerase alpha,PAPOLA,0.116,0.270,,Not_Significant,#N/A,0.270,0,0,0,0,0,0,21.772,21.629,19.480,19.881,21.027,21.162,,19.2,1.0
1370,P51114,Fragile X mental retardation syndrome-related protein 1,FXR1,2.242,-0.584,,Not_Significant,#N/A,-0.584,23,13,19,16,11,18,25.374,25.054,25.131,25.716,25.727,25.869,,19.2,1.0
1372,P51148,Ras-related protein Rab-5C,RAB5C,0.759,0.306,,Not_Significant,#N/A,0.306,10,15,7,5,2,2,24.157,24.520,24.443,24.112,23.790,24.300,,19.2,1.0
1373,P51149,Ras-related protein Rab-7a,RAB7A,1.153,0.447,,Not_Significant,#N/A,0.447,5,9,7,4,5,4,23.989,24.479,24.066,23.799,23.860,23.534,,19.2,1.0
1374,P51153,Ras-related protein Rab-13,RAB13,0.014,-0.011,,Not_Significant,#N/A,-0.011,5,5,3,2,2,1,23.774,23.349,22.944,23.222,23.279,23.600,,19.2,1.0
1376,P51398,"28S ribosomal protein S29, mitochondrial",DAP3,0.942,-0.582,,Not_Significant,#N/A,-0.582,7,4,6,5,11,7,23.617,23.339,23.558,23.963,24.615,23.682,,19.1,1.0
1377,P51452,Dual specificity protein phosphatase 3,DUSP3,1.202,0.609,,Not_Significant,#N/A,0.609,3,3,2,2,4,0,22.738,22.844,23.086,22.588,22.387,21.867,,19.1,1.0
1380,P51570,Galactokinase,GALK1,1.914,0.498,,Not_Significant,#N/A,0.498,20,14,14,11,6,5,24.259,24.137,24.320,23.821,23.539,23.861,,19.1,1.0
1381,P51571,Translocon-associated protein subunit delta,SSR4,0.864,-0.462,,Not_Significant,#N/A,-0.462,3,5,10,2,3,5,23.257,23.544,23.331,23.669,23.549,24.301,,19.1,1.0
1382,P51572,B-cell receptor-associated protein 31,BCAP31,0.459,0.546,,Not_Significant,#N/A,0.546,1,3,0,1,1,1,21.962,23.241,21.928,22.128,22.090,21.275,,19.1,1.0
1383,P51580,Thiopurine S-methyltransferase,TPMT,0.279,-0.451,,Not_Significant,#N/A,-0.451,4,1,3,0,0,0,20.620,20.776,21.978,21.906,22.206,20.615,,19.1,1.0
1385,P51610,Host cell factor 1;HCF N-terminal chain 1;HCF N-terminal chain 2;HCF N-terminal chain 3;HCF N-terminal chain 4;HCF N-terminal chain 5;HCF N-terminal chain 6;HCF C-terminal chain 1;HCF C-terminal chain 2;HCF C-terminal chain 3;HCF C-terminal chain 4;HCF C-terminal chain 5;HCF C-terminal chain 6,HCFC1,2.883,0.784,,Not_Significant,#N/A,0.784,7,10,12,4,2,2,23.270,23.050,23.330,22.522,22.417,22.357,,19.1,1.0
1386,P51648,Fatty aldehyde dehydrogenase,ALDH3A2,0.064,-0.026,,Not_Significant,#N/A,-0.026,4,1,4,3,3,4,22.496,22.398,22.655,22.493,22.359,22.777,,19.1,1.0
1389,P51665,26S proteasome non-ATPase regulatory subunit 7,PSMD7,0.933,0.367,,Not_Significant,#N/A,0.367,12,11,11,9,10,5,24.547,24.093,24.485,23.807,24.007,24.211,,19.1,1.0
1393,P51858,Hepatoma-derived growth factor,HDGF,0.328,0.870,,Not_Significant,#N/A,0.870,12,3,1,5,4,0,24.678,23.472,24.070,24.130,24.344,21.135,,19.1,1.0
1397,P52209,"6-phosphogluconate dehydrogenase, decarboxylating",PGD,0.621,0.106,,Not_Significant,#N/A,0.106,16,21,29,15,13,11,25.810,25.967,25.742,25.738,25.798,25.667,,19.0,1.0
1398,P52272,Heterogeneous nuclear ribonucleoprotein M,HNRNPM,1.984,-0.773,,Not_Significant,#N/A,-0.773,46,32,39,35,32,38,25.883,25.416,25.344,26.351,26.313,26.297,,19.0,1.0
1399,P52292,Importin subunit alpha-1,KPNA2,1.303,0.645,,Not_Significant,#N/A,0.645,8,7,7,4,2,4,23.100,23.514,22.895,22.809,22.343,22.422,,19.0,1.0
1400,P52294,"Importin subunit alpha-5;Importin subunit alpha-5, N-terminally processed",KPNA1,1.128,0.529,,Not_Significant,#N/A,0.529,6,5,4,2,3,1,23.775,23.248,23.569,22.713,23.032,23.259,,19.0,1.0
1401,P52298,Nuclear cap-binding protein subunit 2,NCBP2,1.019,1.225,,Not_Significant,#N/A,1.225,4,1,1,1,1,0,22.102,22.145,21.900,21.905,20.532,20.034,,19.0,1.0
1403,P52434,"DNA-directed RNA polymerases I, II, and III subunit RPABC3",POLR2H,0.606,0.299,,Not_Significant,#N/A,0.299,4,7,5,3,4,3,23.123,23.691,23.139,23.174,23.097,22.786,,19.0,1.0
1404,P52565,Rho GDP-dissociation inhibitor 1,ARHGDIA,1.290,0.584,,Not_Significant,#N/A,0.584,10,12,9,6,4,6,25.045,25.270,24.723,24.661,24.175,24.450,,19.0,1.0
1407,P52597,"Heterogeneous nuclear ribonucleoprotein F;Heterogeneous nuclear ribonucleoprotein F, N-terminally processed",HNRNPF,1.681,-0.899,,Not_Significant,#N/A,-0.899,22,13,16,23,17,22,26.619,25.846,26.087,27.159,26.917,27.172,,19.0,1.0
1408,P52630,Signal transducer and activator of transcription 2,STAT2,1.134,1.243,,Not_Significant,#N/A,1.243,3,2,5,1,0,0,21.464,21.698,22.255,19.766,21.357,20.564,,19.0,1.0
1409,P52701,DNA mismatch repair protein Msh6,MSH6,0.845,0.362,,Not_Significant,#N/A,0.362,16,6,8,4,2,8,22.818,22.386,22.658,22.436,21.953,22.389,,19.0,1.0
1410,P52732,Kinesin-like protein KIF11,KIF11,0.097,-0.078,,Not_Significant,#N/A,-0.078,11,4,9,10,8,7,23.387,22.898,23.206,23.638,22.781,23.306,,18.9,1.0
1411,P52735,Guanine nucleotide exchange factor VAV2,VAV2,1.490,0.936,,Not_Significant,#N/A,0.936,3,1,2,1,0,0,21.782,21.815,21.448,21.236,20.320,20.680,,18.9,1.0
1412,P52788,Spermine synthase,SMS,0.437,1.125,,Not_Significant,#N/A,1.125,3,0,7,2,1,1,23.523,23.038,23.324,23.344,19.983,23.185,,18.9,1.0
1413,P52789,Hexokinase-2,HK2,0.080,-0.177,,Not_Significant,#N/A,-0.177,1,0,1,0,1,0,21.637,19.625,21.648,20.396,21.746,21.299,,18.9,1.0
1414,P52815,"39S ribosomal protein L12, mitochondrial",MRPL12,1.777,-0.876,,Not_Significant,#N/A,-0.876,2,4,2,6,4,4,23.471,23.918,23.492,24.307,24.834,24.368,,18.9,1.0
1416,P52907,F-actin-capping protein subunit alpha-1,CAPZA1,1.404,0.415,,Not_Significant,#N/A,0.415,21,17,23,10,9,13,25.391,25.201,25.326,24.714,24.822,25.135,,18.9,1.0
1417,P52943,Cysteine-rich protein 2,CRIP2,1.062,0.337,,Not_Significant,#N/A,0.337,5,3,5,3,3,4,26.803,26.590,27.010,26.412,26.346,26.634,,18.9,1.0
1418,P52948,Nuclear pore complex protein Nup98-Nup96;Nuclear pore complex protein Nup98;Nuclear pore complex protein Nup96,NUP98,1.747,0.330,,Not_Significant,#N/A,0.330,19,16,14,6,3,7,23.369,23.220,23.421,23.125,22.968,22.926,,18.9,1.0
1419,P53004,Biliverdin reductase A,BLVRA,0.819,0.294,,Not_Significant,#N/A,0.294,15,11,11,7,6,5,23.677,23.796,23.352,23.478,23.332,23.135,,18.9,1.0
1420,P53007,"Tricarboxylate transport protein, mitochondrial",SLC25A1,0.293,0.152,,Not_Significant,#N/A,0.152,4,8,2,3,2,2,23.190,23.713,23.276,23.444,23.292,22.986,,18.9,1.0
1423,P53396,ATP-citrate synthase,ACLY,0.039,0.008,,Not_Significant,#N/A,0.008,68,60,63,57,48,43,26.881,26.780,26.795,26.791,26.713,26.928,,18.8,1.0
1424,P53582,Methionine aminopeptidase 1,METAP1,0.692,0.847,,Not_Significant,#N/A,0.847,4,2,4,0,0,2,22.621,22.972,22.629,20.807,22.517,22.357,,18.8,1.0
1425,P53597,"Succinyl-CoA ligase [ADP/GDP-forming] subunit alpha, mitochondrial",SUCLG1,0.636,-1.403,,Not_Significant,#N/A,-1.403,1,1,2,0,1,1,21.007,20.163,20.063,19.919,22.705,22.817,,18.8,1.0
1427,P53618,Coatomer subunit beta,COPB1,1.505,0.408,,Not_Significant,#N/A,0.408,36,23,34,20,17,18,26.188,26.046,26.390,25.667,25.803,25.930,,18.8,1.0
1428,P53621,Coatomer subunit alpha;Xenin;Proxenin,COPA,1.588,0.168,,Not_Significant,#N/A,0.168,36,41,50,39,28,30,26.201,26.280,26.286,26.164,26.029,26.071,,18.8,1.0
1430,P53680,AP-2 complex subunit sigma,AP2S1,0.454,0.855,,Not_Significant,#N/A,0.855,2,1,1,1,1,1,22.165,23.190,22.880,20.390,22.555,22.725,,18.8,1.0
1431,P53990,IST1 homolog,IST1,1.101,1.707,,Not_Significant,#N/A,1.707,1,2,2,0,0,0,22.331,23.034,22.685,22.369,20.409,20.151,,18.8,1.0
1432,P53992,Protein transport protein Sec24C,SEC24C,0.141,-0.061,,Not_Significant,#N/A,-0.061,21,18,22,17,13,14,25.882,26.285,26.353,26.117,26.340,26.246,,18.8,1.0
1433,P53999,Activated RNA polymerase II transcriptional coactivator p15,SUB1,0.456,0.413,,Not_Significant,#N/A,0.413,9,4,5,1,2,1,23.854,22.914,23.021,23.102,23.106,22.341,,18.8,1.0
1435,P54105,Methylosome subunit pICln,CLNS1A,0.492,1.135,,Not_Significant,#N/A,1.135,3,3,3,1,2,1,22.823,23.199,22.662,22.744,22.763,19.773,,18.8,1.0
1436,P54136,"Arginine--tRNA ligase, cytoplasmic",RARS,0.860,0.155,,Not_Significant,#N/A,0.155,35,23,30,20,22,18,25.220,25.193,25.393,25.146,25.190,25.006,,18.7,1.0
1437,P54252,Ataxin-3,ATXN3,1.241,0.963,,Not_Significant,#N/A,0.963,2,0,4,0,0,0,21.311,20.212,21.138,20.163,19.726,19.884,,18.7,1.0
1442,P54577,"Tyrosine--tRNA ligase, cytoplasmic;Tyrosine--tRNA ligase, cytoplasmic, N-terminally processed",YARS,0.393,0.090,,Not_Significant,#N/A,0.090,22,21,23,15,9,12,24.386,24.479,24.186,24.345,24.203,24.234,,18.7,1.0
1443,P54578,Ubiquitin carboxyl-terminal hydrolase 14,USP14,1.982,0.691,,Not_Significant,#N/A,0.691,10,9,5,5,3,3,23.381,23.012,23.476,22.632,22.674,22.491,,18.7,1.0
1444,P54619,5-AMP-activated protein kinase subunit gamma-1,PRKAG1,0.113,-0.087,,Not_Significant,#N/A,-0.087,7,5,8,3,3,3,22.757,23.311,23.487,23.564,23.288,22.964,,18.7,1.0
1446,P54727,UV excision repair protein RAD23 homolog B,RAD23B,1.229,2.194,,Not_Significant,#N/A,2.194,8,3,3,3,1,1,23.152,23.866,22.874,22.217,19.590,21.503,,18.7,1.0
1447,P54819,"Adenylate kinase 2, mitochondrial;Adenylate kinase 2, mitochondrial, N-terminally processed",AK2,0.588,0.911,,Not_Significant,#N/A,0.911,2,4,2,1,1,0,20.553,22.600,20.913,20.469,20.921,19.946,,18.7,1.0
1449,P54920,Alpha-soluble NSF attachment protein,NAPA,0.896,0.335,,Not_Significant,#N/A,0.335,13,10,12,8,6,3,26.088,26.123,25.752,25.777,25.784,25.395,,18.7,1.0
1450,P55010,Eukaryotic translation initiation factor 5,EIF5,2.257,0.629,,Not_Significant,#N/A,0.629,6,4,3,2,3,3,23.974,23.877,23.816,23.379,23.352,23.048,,18.7,1.0
1451,P55036,26S proteasome non-ATPase regulatory subunit 4,PSMD4,0.371,0.181,,Not_Significant,#N/A,0.181,11,13,11,6,4,7,24.226,24.531,23.957,23.989,23.894,24.289,,18.7,1.0
1452,P55039,Developmentally-regulated GTP-binding protein 2,DRG2,0.260,-0.540,,Not_Significant,#N/A,-0.540,1,0,1,0,0,0,22.048,21.345,19.332,21.287,21.725,21.331,,18.6,1.0
1454,P55060,Exportin-2,CSE1L,2.674,0.633,,Not_Significant,#N/A,0.633,36,32,28,16,13,12,29.066,28.845,29.010,28.425,28.373,28.224,,18.6,1.0
1457,P55081,Microfibrillar-associated protein 1,MFAP1,0.230,0.629,,Not_Significant,#N/A,0.629,2,2,1,1,3,1,22.288,22.247,20.354,22.721,19.998,20.282,,18.6,1.0
1458,P55084,"Trifunctional enzyme subunit beta, mitochondrial;3-ketoacyl-CoA thiolase",HADHB,0.665,0.299,,Not_Significant,#N/A,0.299,6,11,12,5,4,3,23.966,24.564,24.539,24.128,24.104,23.940,,18.6,1.0
1460,P55209,Nucleosome assembly protein 1-like 1,NAP1L1,0.489,0.222,,Not_Significant,#N/A,0.222,18,19,12,15,15,8,25.827,26.083,25.634,25.781,25.770,25.328,,18.6,1.0
1461,P55210,Caspase-7;Caspase-7 subunit p20;Caspase-7 subunit p11,CASP7,1.230,-0.518,,Not_Significant,#N/A,-0.518,3,2,5,2,2,2,22.062,22.132,22.340,22.958,22.353,22.778,,18.6,1.0
1462,P55263,Adenosine kinase,ADK,0.971,2.222,,Not_Significant,#N/A,2.222,2,4,3,1,1,1,23.032,23.616,22.152,22.578,19.242,20.314,,18.6,1.0
1463,P55265,Double-stranded RNA-specific adenosine deaminase,ADAR,0.471,-0.362,,Not_Significant,#N/A,-0.362,19,7,11,6,7,10,23.603,22.718,22.991,23.154,23.856,23.388,,18.6,1.0
1464,P55317,Hepatocyte nuclear factor 3-alpha,FOXA1,1.376,1.369,,Not_Significant,#N/A,1.369,10,4,8,0,3,2,23.809,22.870,23.643,21.348,22.483,22.384,,18.6,1.0
1465,P55735,Protein SEC13 homolog,SEC13,0.788,-0.283,,Not_Significant,#N/A,-0.283,8,4,8,7,7,4,24.935,24.663,25.012,25.090,24.971,25.399,,18.6,1.0
1466,P55769,"NHP2-like protein 1;NHP2-like protein 1, N-terminally processed",NHP2L1,0.952,-1.600,,Not_Significant,#N/A,-1.600,1,2,1,0,2,1,19.865,22.509,20.847,22.802,22.851,22.367,,18.5,1.0
1467,P55786;A6NEC2,Puromycin-sensitive aminopeptidase;Puromycin-sensitive aminopeptidase-like protein,NPEPPS;NPEPPSL1,3.103,0.750,,Not_Significant,#N/A,0.750,28,23,24,9,15,11,24.158,23.963,24.065,23.362,23.380,23.194,,18.5,1.0
1468,P55795,Heterogeneous nuclear ribonucleoprotein H2,HNRNPH2,1.556,-0.846,,Not_Significant,#N/A,-0.846,7,4,7,3,5,5,23.827,23.246,23.351,24.284,24.037,24.641,,18.5,1.0
1470,P55884,Eukaryotic translation initiation factor 3 subunit B,EIF3B,0.987,0.219,,Not_Significant,#N/A,0.219,29,20,24,17,11,15,25.171,24.850,25.055,24.769,24.896,24.754,,18.5,1.0
1472,P56134,"ATP synthase subunit f, mitochondrial",ATP5J2,0.690,0.492,,Not_Significant,#N/A,0.492,3,3,3,3,3,3,24.274,24.816,23.993,24.142,24.025,23.439,,18.5,1.0
1474,P56192,"Methionine--tRNA ligase, cytoplasmic",MARS,1.602,0.293,,Not_Significant,#N/A,0.293,16,12,20,13,10,8,24.953,24.804,25.081,24.701,24.629,24.629,,18.5,1.0
1478,P56385,"ATP synthase subunit e, mitochondrial",ATP5I,0.810,2.471,,Not_Significant,#N/A,2.471,2,3,5,1,2,0,23.367,24.231,23.765,19.737,24.085,20.127,,18.5,1.0
1480,P56537,Eukaryotic translation initiation factor 6,EIF6,0.420,1.407,,Not_Significant,#N/A,1.407,5,4,5,3,3,4,23.555,23.642,23.373,23.216,23.843,19.288,,18.5,1.0
1482,P57076,UPF0769 protein C21orf59,C21orf59,0.678,0.866,,Not_Significant,#N/A,0.866,2,2,5,1,2,2,22.855,22.502,22.248,20.574,22.080,22.352,,18.5,1.0
1484,P57105,Synaptojanin-2-binding protein,SYNJ2BP,1.181,-1.936,,Not_Significant,#N/A,-1.936,0,0,1,0,1,1,20.659,20.491,19.645,20.795,22.850,22.960,,18.5,1.0
1485,P57678,Gem-associated protein 4,GEMIN4,0.690,-1.018,,Not_Significant,#N/A,-1.018,3,1,1,1,1,0,21.584,19.616,20.059,21.398,21.992,20.923,,18.4,1.0
1486,P57735,Ras-related protein Rab-25,RAB25,0.435,-0.907,,Not_Significant,#N/A,-0.907,2,1,1,0,0,2,22.080,20.136,23.098,22.839,22.267,22.928,,18.4,1.0
1488,P57740,Nuclear pore complex protein Nup107,NUP107,0.508,0.160,,Not_Significant,#N/A,0.160,18,11,16,9,7,9,22.845,22.750,23.071,22.778,22.536,22.872,,18.4,1.0
1490,P57772,Selenocysteine-specific elongation factor,EEFSEC,0.470,0.732,,Not_Significant,#N/A,0.732,4,0,2,0,0,0,21.780,20.767,22.611,21.770,20.373,20.820,,18.4,1.0
1492,P58546,Myotrophin,MTPN,1.524,0.857,,Not_Significant,#N/A,0.857,5,4,4,3,3,1,25.105,24.801,25.052,24.505,24.207,23.677,,18.4,1.0
1494,P59998,Actin-related protein 2/3 complex subunit 4,ARPC4,0.439,-0.161,,Not_Significant,#N/A,-0.161,6,7,5,5,4,4,24.875,25.070,25.117,25.092,24.999,25.453,,18.4,1.0
1495,P60174,Triosephosphate isomerase,TPI1,1.300,1.762,,Not_Significant,#N/A,1.762,11,18,11,3,5,3,23.967,25.737,23.935,22.991,23.021,22.341,,18.4,1.0
1496,P60228,Eukaryotic translation initiation factor 3 subunit E,EIF3E,0.324,0.112,,Not_Significant,#N/A,0.112,20,14,13,10,7,9,24.098,24.394,24.340,24.158,24.358,23.979,,18.4,1.0
1497,P60468,Protein transport protein Sec61 subunit beta,SEC61B,0.583,0.284,,Not_Significant,#N/A,0.284,3,3,3,1,2,2,23.527,24.045,23.370,23.243,23.499,23.350,,18.4,1.0
1499,P60660,Myosin light polypeptide 6,MYL6,0.746,0.320,,Not_Significant,#N/A,0.320,8,8,10,8,7,5,26.522,27.138,26.823,26.613,26.569,26.342,,18.4,1.0
1501,P60842,Eukaryotic initiation factor 4A-I,EIF4A1,2.224,0.390,,Not_Significant,#N/A,0.390,43,44,47,43,36,36,27.959,28.131,27.909,27.655,27.558,27.617,,18.3,1.0
1502,P60866,40S ribosomal protein S20,RPS20,0.754,0.271,,Not_Significant,#N/A,0.271,9,16,10,6,8,8,26.426,26.430,26.245,25.821,26.113,26.353,,18.3,1.0
1503,P60891,Ribose-phosphate pyrophosphokinase 1,PRPS1,1.010,1.043,,Not_Significant,#N/A,1.043,1,0,1,0,0,0,22.060,22.022,22.234,21.590,21.494,20.103,,18.3,1.0
1504,P60900,Proteasome subunit alpha type-6,PSMA6,0.048,0.034,,Not_Significant,#N/A,0.034,12,7,8,4,2,7,25.160,24.600,24.519,24.799,24.919,24.458,,18.3,1.0
1505,P60903,Protein S100-A10,S100A10,1.914,0.446,,Not_Significant,#N/A,0.446,7,5,6,3,3,3,24.647,24.932,24.919,24.300,24.438,24.421,,18.3,1.0
1506,P60953,Cell division control protein 42 homolog,CDC42,0.133,-0.230,,Not_Significant,#N/A,-0.230,3,2,1,0,0,0,22.212,22.662,21.865,22.809,23.299,21.320,,18.3,1.0
1508,P60983,Glia maturation factor beta,GMFB,1.021,2.213,,Not_Significant,#N/A,2.213,1,0,0,0,0,0,23.273,20.501,23.355,20.344,19.409,20.737,,18.3,1.0
1509,P61006,Ras-related protein Rab-8A,RAB8A,0.325,0.654,,Not_Significant,#N/A,0.654,1,4,2,1,1,0,21.913,22.433,21.162,22.652,20.612,20.281,,18.3,1.0
1511,P61011,Signal recognition particle 54 kDa protein,SRP54,0.737,0.250,,Not_Significant,#N/A,0.250,11,3,8,4,6,3,23.881,23.389,23.465,23.372,23.340,23.271,,18.3,1.0
1512,P61019,Ras-related protein Rab-2A,RAB2A,1.165,0.530,,Not_Significant,#N/A,0.530,9,5,5,2,2,2,23.555,23.544,22.923,22.724,22.871,22.839,,18.3,1.0
1514,P61024,Cyclin-dependent kinases regulatory subunit 1,CKS1B,0.045,-0.159,,Not_Significant,#N/A,-0.159,3,2,3,2,1,2,22.958,19.898,22.615,22.805,22.627,20.516,,18.2,1.0
1515,P61026,Ras-related protein Rab-10,RAB10,0.947,-2.571,,Not_Significant,#N/A,-2.571,2,2,1,1,2,1,19.704,19.954,19.738,19.860,23.939,23.311,,18.2,1.0
1517,P61081,NEDD8-conjugating enzyme Ubc12,UBE2M,1.356,0.156,,Not_Significant,#N/A,0.156,6,5,7,4,6,4,24.727,24.610,24.710,24.564,24.448,24.567,,18.2,1.0
1519,P61088;Q5JXB2,Ubiquitin-conjugating enzyme E2 N;Putative ubiquitin-conjugating enzyme E2 N-like,UBE2N;UBE2NL,0.916,-1.656,,Not_Significant,#N/A,-1.656,2,2,2,1,0,1,21.023,20.227,19.728,22.768,22.706,20.472,,18.2,1.0
1520,P61106,Ras-related protein Rab-14,RAB14,0.811,0.365,,Not_Significant,#N/A,0.365,6,6,6,6,5,2,23.380,23.766,23.687,23.585,23.031,23.121,,18.2,1.0
1521,P61158,Actin-related protein 3,ACTR3,1.298,0.481,,Not_Significant,#N/A,0.481,13,16,10,10,8,8,24.551,24.723,24.735,24.486,24.157,23.923,,18.2,1.0
1522,P61160,Actin-related protein 2,ACTR2,1.864,0.596,,Not_Significant,#N/A,0.596,20,20,25,14,7,8,24.811,25.165,25.131,24.479,24.275,24.565,,18.2,1.0
1523,P61163,Alpha-centractin,ACTR1A,0.423,-0.080,,Not_Significant,#N/A,-0.080,12,12,11,14,6,5,25.388,25.566,25.530,25.490,25.687,25.546,,18.2,1.0
1524,P61201,COP9 signalosome complex subunit 2,COPS2,2.748,0.606,,Not_Significant,#N/A,0.606,9,9,12,6,4,4,23.403,23.480,23.390,22.972,22.751,22.731,,18.2,1.0
1525,P84077;P61204,ADP-ribosylation factor 1;ADP-ribosylation factor 3,ARF1;ARF3,2.006,0.463,,Not_Significant,#N/A,0.463,20,13,17,6,7,6,25.408,25.725,25.543,25.075,25.040,25.173,,18.2,1.0
1526,P61221,ATP-binding cassette sub-family E member 1,ABCE1,0.472,0.412,,Not_Significant,#N/A,0.412,14,13,11,7,6,2,23.702,24.090,23.464,23.727,23.612,22.679,,18.1,1.0
1527,P61224;P62834;A6NIZ1,Ras-related protein Rap-1b;Ras-related protein Rap-1A;Ras-related protein Rap-1b-like protein,RAP1B;RAP1A,0.094,0.323,,Not_Significant,#N/A,0.323,2,2,1,2,1,1,23.010,23.430,20.177,22.784,22.316,20.548,,18.1,1.0
1528,P61247,40S ribosomal protein S3a,RPS3A,1.239,-0.385,,Not_Significant,#N/A,-0.385,22,23,15,14,17,19,26.100,26.031,25.639,26.331,26.337,26.258,,18.1,1.0
1530,P61289,Proteasome activator complex subunit 3,PSME3,0.392,0.226,,Not_Significant,#N/A,0.226,10,6,6,6,4,8,24.095,23.612,23.262,23.448,23.467,23.376,,18.1,1.0
1531,P61313,60S ribosomal protein L15,RPL15,0.250,-0.180,,Not_Significant,#N/A,-0.180,14,6,11,10,8,9,27.042,26.314,26.439,26.924,26.984,26.426,,18.1,1.0
1533,P61353,60S ribosomal protein L27,RPL27,0.336,0.148,,Not_Significant,#N/A,0.148,11,7,5,8,5,4,25.763,25.550,25.163,25.391,25.393,25.246,,18.1,1.0
1534,P61421,V-type proton ATPase subunit d 1,ATP6V0D1,1.579,0.777,,Not_Significant,#N/A,0.777,3,1,2,1,0,0,22.604,23.380,22.924,22.230,22.163,22.184,,18.1,1.0
1535,P61457,Pterin-4-alpha-carbinolamine dehydratase,PCBD1,0.108,-0.092,,Not_Significant,#N/A,-0.092,1,0,2,1,0,0,20.550,20.181,20.893,20.177,20.873,20.850,,18.1,1.0
1536,P61513;A6NKH3,60S ribosomal protein L37a;Putative 60S ribosomal protein L37a-like protein,RPL37A;RPL37AP8,0.393,1.051,,Not_Significant,#N/A,1.051,3,4,4,2,1,2,24.402,24.489,24.049,21.023,24.501,24.263,,18.1,1.0
1538,P61604,"10 kDa heat shock protein, mitochondrial",HSPE1,0.207,0.799,,Not_Significant,#N/A,0.799,4,7,2,1,4,1,21.708,25.582,21.260,22.441,22.823,20.890,,18.1,1.0
1539,P61619;Q9H9S3,Protein transport protein Sec61 subunit alpha isoform 1;Protein transport protein Sec61 subunit alpha isoform 2,SEC61A1;SEC61A2,2.397,0.399,,Not_Significant,#N/A,0.399,5,4,4,0,1,0,23.307,23.327,23.274,22.834,23.034,22.841,,18.0,1.0
1542,P61803,Dolichyl-diphosphooligosaccharide--protein glycosyltransferase subunit DAD1,DAD1,0.014,0.057,,Not_Significant,#N/A,0.057,3,2,2,3,2,4,22.491,23.130,19.801,22.653,19.948,22.651,,18.0,1.0
1543,P61923,Coatomer subunit zeta-1,COPZ1,1.313,0.747,,Not_Significant,#N/A,0.747,8,9,7,2,3,3,26.650,25.944,26.299,25.893,25.352,25.408,,18.0,1.0
1544,P61956,Small ubiquitin-related modifier 2,SUMO2,0.999,2.205,,Not_Significant,#N/A,2.205,1,0,1,0,0,0,22.496,20.379,23.185,18.925,19.570,20.952,,18.0,1.0
1545,P61960,Ubiquitin-fold modifier 1,UFM1,1.000,1.725,,Not_Significant,#N/A,1.725,1,2,1,0,0,0,22.362,22.658,22.006,22.150,20.160,19.543,,18.0,1.0
1546,P61962,DDB1- and CUL4-associated factor 7,DCAF7,1.868,0.569,,Not_Significant,#N/A,0.569,11,6,9,3,6,4,23.444,23.096,23.345,22.582,22.882,22.714,,18.0,1.0
1548,P61966,AP-1 complex subunit sigma-1A,AP1S1,1.836,0.544,,Not_Significant,#N/A,0.544,4,5,3,2,3,3,23.921,23.996,24.161,23.700,23.413,23.333,,18.0,1.0
1549,P61970,Nuclear transport factor 2,NUTF2,0.123,0.513,,Not_Significant,#N/A,0.513,2,2,1,1,1,0,23.869,23.776,19.978,22.757,22.941,20.386,,18.0,1.0
1550,P61978,Heterogeneous nuclear ribonucleoprotein K,HNRNPK,1.822,-0.721,,Not_Significant,#N/A,-0.721,39,36,30,38,22,38,27.377,26.957,26.809,27.755,27.694,27.858,,18.0,1.0
1551,P61981,"14-3-3 protein gamma;14-3-3 protein gamma, N-terminally processed",YWHAG,1.374,0.424,,Not_Significant,#N/A,0.424,5,7,6,5,5,5,25.256,25.536,25.379,24.780,25.188,24.930,,18.0,1.0
1552,P62081,40S ribosomal protein S7,RPS7,0.357,-0.184,,Not_Significant,#N/A,-0.184,11,9,8,8,7,8,25.938,25.689,25.368,25.960,26.010,25.577,,17.9,1.0
1553,P62136,Serine/threonine-protein phosphatase PP1-alpha catalytic subunit,PPP1CA,1.489,0.368,,Not_Significant,#N/A,0.368,12,10,9,7,9,11,25.748,25.598,25.861,25.521,25.354,25.226,,17.9,1.0
1554,P62140,Serine/threonine-protein phosphatase PP1-beta catalytic subunit,PPP1CB,0.709,0.291,,Not_Significant,#N/A,0.291,3,1,2,2,2,5,23.679,23.616,23.881,23.773,23.255,23.274,,17.9,1.0
1555,P62191,26S protease regulatory subunit 4,PSMC1,0.076,0.045,,Not_Significant,#N/A,0.045,16,13,15,9,7,5,24.411,23.935,23.756,24.090,24.031,23.845,,17.9,1.0
1556,P62195,26S protease regulatory subunit 8,PSMC5,0.223,0.067,,Not_Significant,#N/A,0.067,23,19,19,13,12,12,25.272,25.418,25.443,25.165,25.257,25.512,,17.9,1.0
1557,P62241,40S ribosomal protein S8,RPS8,1.009,-0.445,,Not_Significant,#N/A,-0.445,17,12,13,11,9,10,26.523,25.934,26.039,26.808,26.537,26.486,,17.9,1.0
1558,P62244,40S ribosomal protein S15a,RPS15A,0.476,-0.069,,Not_Significant,#N/A,-0.069,13,14,9,13,14,6,26.069,26.227,26.235,26.274,26.181,26.283,,17.9,1.0
1559,P62249,40S ribosomal protein S16,RPS16,0.744,0.106,,Not_Significant,#N/A,0.106,11,15,11,15,14,15,26.812,26.935,26.912,26.737,26.886,26.719,,17.9,1.0
1560,P62258,14-3-3 protein epsilon,YWHAE,1.580,0.568,,Not_Significant,#N/A,0.568,46,47,42,16,20,20,28.002,28.314,27.811,27.509,27.585,27.330,,17.9,1.0
1561,P62263,40S ribosomal protein S14,RPS14,0.639,-0.206,,Not_Significant,#N/A,-0.206,18,8,8,12,14,10,25.845,25.492,25.362,25.803,25.758,25.756,,17.9,1.0
1562,P62266,40S ribosomal protein S23,RPS23,1.299,-0.781,,Not_Significant,#N/A,-0.781,3,5,6,3,4,2,26.493,26.059,25.531,26.723,26.829,26.874,,17.8,1.0
1563,P62269,40S ribosomal protein S18,RPS18,2.476,-0.436,,Not_Significant,#N/A,-0.436,12,8,11,9,9,12,26.541,26.612,26.518,26.917,27.120,26.943,,17.8,1.0
1564,P62273,40S ribosomal protein S29,RPS29,1.065,3.987,,Not_Significant,#N/A,3.987,2,2,2,1,1,1,26.352,26.031,25.918,20.541,25.617,20.182,,17.8,1.0
1565,P62277,40S ribosomal protein S13,RPS13,0.721,-0.196,,Not_Significant,#N/A,-0.196,12,12,13,10,8,7,26.455,26.210,26.043,26.369,26.484,26.443,,17.8,1.0
1566,P62280,40S ribosomal protein S11,RPS11,2.322,-0.452,,Not_Significant,#N/A,-0.452,9,13,11,9,10,10,25.688,25.529,25.422,26.029,26.004,25.963,,17.8,1.0
1567,P62304,Small nuclear ribonucleoprotein E,SNRPE,1.704,-0.553,,Not_Significant,#N/A,-0.553,3,3,2,3,2,2,24.744,24.711,24.642,25.266,24.996,25.494,,17.8,1.0
1568,P62306,Small nuclear ribonucleoprotein F,SNRPF,0.059,-0.034,,Not_Significant,#N/A,-0.034,5,4,3,2,1,2,24.734,24.986,25.106,25.189,24.653,25.085,,17.8,1.0
1570,P62314,Small nuclear ribonucleoprotein Sm D1,SNRPD1,0.080,0.069,,Not_Significant,#N/A,0.069,7,5,6,3,6,5,24.794,24.003,24.136,24.223,23.935,24.568,,17.8,1.0
1571,P62316,Small nuclear ribonucleoprotein Sm D2,SNRPD2,1.996,-0.783,,Not_Significant,#N/A,-0.783,3,3,6,1,5,4,23.981,23.466,23.738,24.475,24.389,24.671,,17.8,1.0
1572,P62318,Small nuclear ribonucleoprotein Sm D3,SNRPD3,0.500,-0.165,,Not_Significant,#N/A,-0.165,2,3,2,2,2,2,26.008,25.699,25.742,26.124,25.772,26.046,,17.8,1.0
1573,P62328,Thymosin beta-4;Hematopoietic system regulatory peptide,TMSB4X,0.794,2.389,,Not_Significant,#N/A,2.389,4,6,2,2,1,2,24.111,26.314,23.644,24.291,22.193,20.417,,17.7,1.0
1574,P62330,ADP-ribosylation factor 6,ARF6,0.065,-0.054,,Not_Significant,#N/A,-0.054,5,5,3,1,3,2,23.453,23.506,23.570,23.215,23.345,24.131,,17.7,1.0
1575,P62333,26S protease regulatory subunit 10B,PSMC6,1.936,0.310,,Not_Significant,#N/A,0.310,23,22,18,17,17,18,26.482,26.350,26.519,26.206,26.047,26.170,,17.7,1.0
1576,P62424,60S ribosomal protein L7a,RPL7A,0.699,-0.313,,Not_Significant,#N/A,-0.313,13,11,14,11,11,12,26.282,25.750,25.668,26.178,26.343,26.116,,17.7,1.0
1577,P62491;Q15907,Ras-related protein Rab-11A;Ras-related protein Rab-11B,RAB11A;RAB11B,0.715,0.247,,Not_Significant,#N/A,0.247,7,6,7,5,4,2,23.521,23.933,24.005,23.625,23.615,23.480,,17.7,1.0
1578,P62495,Eukaryotic peptide chain release factor subunit 1,ETF1,1.801,0.616,,Not_Significant,#N/A,0.616,13,8,9,4,4,3,24.370,24.378,24.673,24.084,23.789,23.700,,17.7,1.0
1579,P62699,Protein yippee-like 5,YPEL5,0.249,0.406,,Not_Significant,#N/A,0.406,3,3,3,1,1,1,21.899,22.074,20.093,20.854,20.784,21.209,,17.7,1.0
1580,P62701,"40S ribosomal protein S4, X isoform",RPS4X,1.213,-0.167,,Not_Significant,#N/A,-0.167,30,20,26,18,14,22,26.113,26.021,25.931,26.122,26.190,26.253,,17.7,1.0
1581,P67775;P62714,Serine/threonine-protein phosphatase 2A catalytic subunit alpha isoform;Serine/threonine-protein phosphatase 2A catalytic subunit beta isoform,PPP2CA;PPP2CB,0.637,0.257,,Not_Significant,#N/A,0.257,6,6,4,3,3,2,24.596,24.794,24.434,24.267,24.641,24.144,,17.7,1.0
1583,P62750,60S ribosomal protein L23a,RPL23A,0.008,-0.006,,Not_Significant,#N/A,-0.006,10,7,7,7,7,7,26.129,26.027,25.590,26.162,26.094,25.508,,17.7,1.0
1584,P62753,40S ribosomal protein S6,RPS6,1.206,-0.426,,Not_Significant,#N/A,-0.426,18,17,22,14,12,14,26.059,25.521,25.631,26.130,26.208,26.150,,17.6,1.0
1585,P62805,Histone H4,HIST1H4A,0.805,0.232,,Not_Significant,#N/A,0.232,29,36,36,25,20,28,29.133,29.166,29.116,29.144,28.686,28.890,,17.6,1.0
1586,P62807;Q99879;Q99877;Q93079;Q5QNW6;P58876;O60814;Q99880;P57053;Q96A08,Histone H2B type 1-C/E/F/G/I;Histone H2B type 1-M;Histone H2B type 1-N;Histone H2B type 1-H;Histone H2B type 2-F;Histone H2B type 1-D;Histone H2B type 1-K;Histone H2B type 1-L;Histone H2B type F-S;Histone H2B type 1-A,HIST1H2BC;HIST1H2BM;HIST1H2BN;HIST1H2BH;HIST2H2BF;HIST1H2BD;HIST1H2BK;HIST1H2BL;H2BFS;HIST1H2BA,0.023,-0.025,,Not_Significant,#N/A,-0.025,43,38,27,36,27,23,30.350,30.136,29.577,30.090,30.496,29.553,,17.6,1.0
1588,P62826,GTP-binding nuclear protein Ran,RAN,0.657,0.155,,Not_Significant,#N/A,0.155,13,20,14,15,12,16,26.811,26.793,26.541,26.640,26.439,26.602,,17.6,1.0
1589,P62829,60S ribosomal protein L23,RPL23,0.660,0.286,,Not_Significant,#N/A,0.286,13,9,9,9,10,8,26.461,25.975,26.441,25.969,25.828,26.222,,17.6,1.0
1590,P62841,40S ribosomal protein S15,RPS15,0.087,-0.068,,Not_Significant,#N/A,-0.068,4,1,2,1,3,1,24.682,23.843,24.235,24.064,24.521,24.380,,17.6,1.0
1591,P62847,40S ribosomal protein S24,RPS24,0.464,-0.232,,Not_Significant,#N/A,-0.232,9,5,10,9,6,5,25.668,25.577,25.023,25.698,25.760,25.505,,17.6,1.0
1592,P62851,40S ribosomal protein S25,RPS25,2.235,-0.307,,Not_Significant,#N/A,-0.307,12,7,9,5,6,5,25.797,25.628,25.661,25.983,25.974,26.051,,17.6,1.0
1593,P62854;Q5JNZ5,40S ribosomal protein S26;Putative 40S ribosomal protein S26-like 1,RPS26;RPS26P11,1.560,-0.874,,Not_Significant,#N/A,-0.874,4,4,4,2,3,3,26.320,26.332,25.855,27.378,27.078,26.673,,17.6,1.0
1594,P62857,40S ribosomal protein S28,RPS28,2.559,-0.465,,Not_Significant,#N/A,-0.465,3,3,5,3,3,6,27.183,27.376,27.268,27.756,27.660,27.808,,17.6,1.0
1595,P62861,40S ribosomal protein S30,FAU,0.988,-0.580,,Not_Significant,#N/A,-0.580,1,2,3,2,2,3,24.170,24.434,24.322,25.416,24.659,24.591,,17.5,1.0
1596,P62873,Guanine nucleotide-binding protein G(I)/G(S)/G(T) subunit beta-1,GNB1,1.289,0.489,,Not_Significant,#N/A,0.489,4,8,4,2,1,0,24.116,24.688,24.368,23.913,23.785,24.008,,17.5,1.0
1598,P62877,"E3 ubiquitin-protein ligase RBX1;E3 ubiquitin-protein ligase RBX1, N-terminally processed",RBX1,0.887,1.313,,Not_Significant,#N/A,1.313,9,5,6,5,2,2,23.106,23.168,23.490,22.816,20.603,22.405,,17.5,1.0
1600,P62888,60S ribosomal protein L30,RPL30,0.057,-0.054,,Not_Significant,#N/A,-0.054,5,9,4,5,6,5,24.187,24.227,23.465,24.181,24.260,23.599,,17.5,1.0
1602,P62899,60S ribosomal protein L31,RPL31,0.367,-0.334,,Not_Significant,#N/A,-0.334,3,2,2,2,2,3,25.450,24.153,24.908,25.291,25.141,25.083,,17.5,1.0
1603,P62906,60S ribosomal protein L10a,RPL10A,0.548,-0.091,,Not_Significant,#N/A,-0.091,20,15,20,11,12,11,25.961,25.908,26.021,26.186,26.002,25.976,,17.5,1.0
1604,P62910,60S ribosomal protein L32,RPL32,0.475,-0.289,,Not_Significant,#N/A,-0.289,12,8,4,4,6,3,24.299,23.797,23.556,24.281,24.359,23.880,,17.5,1.0
1605,P62913,60S ribosomal protein L11,RPL11,0.408,-0.138,,Not_Significant,#N/A,-0.138,9,10,7,8,8,5,26.607,27.047,26.979,27.076,27.036,26.934,,17.5,1.0
1606,P62917,60S ribosomal protein L8,RPL8,0.735,-0.318,,Not_Significant,#N/A,-0.318,7,6,5,5,6,9,26.273,25.695,25.737,26.336,26.219,26.102,,17.5,1.0
1607,P62937,"Peptidyl-prolyl cis-trans isomerase A;Peptidyl-prolyl cis-trans isomerase A, N-terminally processed",PPIA,0.641,0.166,,Not_Significant,#N/A,0.166,33,37,29,25,23,30,30.720,30.427,30.355,30.383,30.353,30.267,,17.5,1.0
1608,P62942,Peptidyl-prolyl cis-trans isomerase FKBP1A,FKBP1A,0.816,1.264,,Not_Significant,#N/A,1.264,3,2,3,1,2,2,22.816,23.321,22.644,20.296,22.481,22.211,,17.4,1.0
1609,P62993,Growth factor receptor-bound protein 2,GRB2,2.318,0.634,,Not_Significant,#N/A,0.634,5,5,3,2,3,2,23.209,23.212,23.091,22.636,22.646,22.327,,17.4,1.0
1611,P63000;P15153,Ras-related C3 botulinum toxin substrate 1;Ras-related C3 botulinum toxin substrate 2,RAC1;RAC2,0.425,0.133,,Not_Significant,#N/A,0.133,3,3,2,3,4,2,23.790,23.776,23.611,23.469,23.475,23.834,,17.4,1.0
1612,P63010,AP-2 complex subunit beta,AP2B1,2.471,0.724,,Not_Significant,#N/A,0.724,24,19,30,9,10,8,24.815,24.731,25.075,24.180,24.047,24.222,,17.4,1.0
1613,P63092;Q5JWF2,Guanine nucleotide-binding protein G(s) subunit alpha isoforms short;Guanine nucleotide-binding protein G(s) subunit alpha isoforms XLas,GNAS,0.163,0.073,,Not_Significant,#N/A,0.073,5,3,3,2,3,1,23.586,23.543,23.185,23.549,23.164,23.381,,17.4,1.0
1614,P63104,14-3-3 protein zeta/delta,YWHAZ,0.617,0.280,,Not_Significant,#N/A,0.280,20,23,21,15,15,12,26.842,27.225,26.539,26.664,26.601,26.500,,17.4,1.0
1615,P63151,Serine/threonine-protein phosphatase 2A 55 kDa regulatory subunit B alpha isoform,PPP2R2A,0.465,0.248,,Not_Significant,#N/A,0.248,2,4,1,2,1,4,22.584,22.891,23.197,22.399,22.617,22.912,,17.4,1.0
1616,P63165,Small ubiquitin-related modifier 1,SUMO1,0.052,0.062,,Not_Significant,#N/A,0.062,0,2,2,2,2,1,23.509,24.138,22.937,23.451,23.087,23.858,,17.4,1.0
1617,P63167,"Dynein light chain 1, cytoplasmic",DYNLL1,0.395,-1.593,,Not_Significant,#N/A,-1.593,1,2,1,2,2,2,19.788,24.490,25.179,24.410,24.842,24.982,,17.4,1.0
1619,P63173,60S ribosomal protein L38,RPL38,0.155,-0.167,,Not_Significant,#N/A,-0.167,9,9,11,4,4,5,27.116,26.428,27.170,26.606,26.918,27.689,,17.4,1.0
1620,P63208,S-phase kinase-associated protein 1,SKP1,1.367,0.726,,Not_Significant,#N/A,0.726,4,3,3,2,3,3,23.486,23.988,23.551,22.584,23.025,23.235,,17.3,1.0
1621,P63220,40S ribosomal protein S21,RPS21,0.400,0.172,,Not_Significant,#N/A,0.172,18,19,13,10,11,10,25.277,25.460,25.478,25.474,24.904,25.320,,17.3,1.0
1622,P63241;Q6IS14;Q9GZV4,Eukaryotic translation initiation factor 5A-1;Eukaryotic translation initiation factor 5A-1-like;Eukaryotic translation initiation factor 5A-2,EIF5A;EIF5AL1;EIF5A2,0.411,0.187,,Not_Significant,#N/A,0.187,12,14,12,10,7,10,26.425,26.372,26.505,26.270,25.907,26.563,,17.3,1.0
1623,P63244,"Guanine nucleotide-binding protein subunit beta-2-like 1;Guanine nucleotide-binding protein subunit beta-2-like 1, N-terminally processed",GNB2L1,0.771,0.221,,Not_Significant,#N/A,0.221,25,24,27,22,13,11,26.659,26.756,27.053,26.668,26.486,26.652,,17.3,1.0
1624,P63261,"Actin, cytoplasmic 2;Actin, cytoplasmic 2, N-terminally processed",ACTG1,1.022,0.154,,Not_Significant,#N/A,0.154,121,120,117,78,77,71,30.540,30.736,30.544,30.507,30.406,30.444,,17.3,1.0
1626,P63279,SUMO-conjugating enzyme UBC9,UBE2I,1.846,0.881,,Not_Significant,#N/A,0.881,5,3,3,2,1,5,24.430,23.856,24.453,23.410,23.203,23.482,,17.3,1.0
1628,P67809,Nuclease-sensitive element-binding protein 1,YBX1,0.616,-0.531,,Not_Significant,#N/A,-0.531,24,17,10,10,14,12,25.449,24.765,24.270,25.589,25.492,24.997,,17.3,1.0
1630,P67936,Tropomyosin alpha-4 chain,TPM4,0.074,-0.036,,Not_Significant,#N/A,-0.036,11,13,8,7,6,5,26.316,26.349,26.424,26.292,26.727,26.178,,17.3,1.0
1631,P68133;P68032,"Actin, alpha skeletal muscle;Actin, alpha cardiac muscle 1",ACTA1;ACTC1,1.300,0.552,,Not_Significant,#N/A,0.552,9,11,18,7,6,3,28.737,29.032,29.326,28.629,28.530,28.281,,17.3,1.0
1633,P68104;Q5VTE0,Elongation factor 1-alpha 1;Putative elongation factor 1-alpha-like 3,EEF1A1;EEF1A1P5,1.908,0.207,,Not_Significant,#N/A,0.207,54,66,55,40,42,36,29.104,29.183,29.032,28.861,28.930,28.906,,17.3,1.0
1634,P68363,Tubulin alpha-1B chain,TUBA1B,1.541,0.400,,Not_Significant,#N/A,0.400,76,93,81,50,48,39,29.828,30.042,29.878,29.652,29.577,29.319,,17.2,1.0
1635,P68366,Tubulin alpha-4A chain,TUBA4A,0.281,0.198,,Not_Significant,#N/A,0.198,3,3,2,2,2,2,24.097,23.973,23.424,23.734,23.908,23.259,,17.2,1.0
1636,P68371,Tubulin beta-4B chain,TUBB4B,1.974,0.488,,Not_Significant,#N/A,0.488,112,141,125,79,91,86,29.609,29.696,29.550,29.280,29.168,28.943,,17.2,1.0
1638,P68402,Platelet-activating factor acetylhydrolase IB subunit beta,PAFAH1B2,0.721,1.159,,Not_Significant,#N/A,1.159,3,2,2,2,2,3,24.234,23.615,22.363,23.075,21.385,22.275,,17.2,1.0
1639,Q71DI3;Q16695;P84243;P68431;Q6NXT2,Histone H3.2;Histone H3.1t;Histone H3.3;Histone H3.1;Histone H3.3C,HIST2H3A;HIST3H3;H3F3A;HIST1H3A;H3F3C,0.243,-0.152,,Not_Significant,#N/A,-0.152,6,4,5,3,1,1,28.351,29.108,28.759,29.057,28.671,28.947,,17.2,1.0
1640,P68871;P02042,Hemoglobin subunit beta;LVV-hemorphin-7;Spinorphin;Hemoglobin subunit delta,HBB;HBD,0.715,-1.586,,Not_Significant,#N/A,-1.586,0,0,0,0,0,0,20.316,20.048,20.623,23.012,22.816,19.919,,17.2,1.0
1644,P78330,Phosphoserine phosphatase,PSPH,1.069,2.033,,Not_Significant,#N/A,2.033,3,2,1,0,0,0,22.555,22.259,21.907,21.894,18.967,19.761,,17.2,1.0
1645,P78337,Pituitary homeobox 1,PITX1,0.712,1.155,,Not_Significant,#N/A,1.155,2,1,1,0,0,0,21.596,19.748,21.977,20.307,19.414,20.134,,17.2,1.0
1646,P78344,Eukaryotic translation initiation factor 4 gamma 2,EIF4G2,0.176,0.038,,Not_Significant,#N/A,0.038,11,13,14,5,7,4,23.749,23.661,23.673,23.730,23.501,23.737,,17.2,1.0
1648,P78347,General transcription factor II-I,GTF2I,1.114,0.495,,Not_Significant,#N/A,0.495,36,23,42,19,23,17,24.609,24.038,24.687,23.998,23.865,23.986,,17.2,1.0
1650,P78371,T-complex protein 1 subunit beta,CCT2,0.098,0.014,,Not_Significant,#N/A,0.014,40,47,47,32,40,41,26.533,26.646,26.617,26.653,26.588,26.513,,17.1,1.0
1651,P78406,mRNA export factor,RAE1,1.274,0.498,,Not_Significant,#N/A,0.498,7,8,11,4,2,9,23.819,24.124,24.297,23.379,23.579,23.790,,17.1,1.0
1654,P78527,DNA-dependent protein kinase catalytic subunit,PRKDC,1.553,0.387,,Not_Significant,#N/A,0.387,152,114,129,81,77,68,28.492,28.281,28.640,28.104,27.992,28.155,,17.1,1.0
1657,P81605,Dermcidin;Survival-promoting peptide;DCD-1,DCD,0.069,0.219,,Not_Significant,#N/A,0.219,2,1,2,2,2,3,23.183,21.089,23.674,20.893,23.466,22.930,,17.1,1.0
1658,P81877,Single-stranded DNA-binding protein 2,SSBP2,1.136,2.572,,Not_Significant,#N/A,2.572,1,1,2,0,0,0,23.389,20.595,23.946,20.449,19.624,20.142,,17.1,1.0
1659,P82650,"28S ribosomal protein S22, mitochondrial",MRPS22,2.254,-0.828,,Not_Significant,#N/A,-0.828,10,9,10,4,13,6,24.159,23.840,24.182,24.679,24.982,25.005,,17.1,1.0
1660,P82663,"28S ribosomal protein S25, mitochondrial",MRPS25,0.875,-1.862,,Not_Significant,#N/A,-1.862,4,3,1,2,3,2,22.356,19.249,20.229,22.890,22.807,21.725,,17.1,1.0
1662,P82673,"28S ribosomal protein S35, mitochondrial",MRPS35,1.399,-0.628,,Not_Significant,#N/A,-0.628,5,2,7,5,5,2,22.243,22.357,22.197,23.086,23.108,22.486,,17.1,1.0
1663,P82675,"28S ribosomal protein S5, mitochondrial",MRPS5,1.605,-1.190,,Not_Significant,#N/A,-1.190,1,0,0,0,3,2,21.681,21.205,21.124,22.100,23.084,22.394,,17.1,1.0
1664,P82909,"28S ribosomal protein S36, mitochondrial",MRPS36,1.075,-1.802,,Not_Significant,#N/A,-1.802,1,1,0,1,2,1,20.052,20.617,19.844,22.168,23.169,20.582,,17.1,1.0
1665,P82912,"28S ribosomal protein S11, mitochondrial",MRPS11,1.439,-0.284,,Not_Significant,#N/A,-0.284,2,1,1,1,1,2,21.593,21.698,21.905,22.024,22.020,22.004,,17.0,1.0
1668,P82930,"28S ribosomal protein S34, mitochondrial",MRPS34,1.377,-0.584,,Not_Significant,#N/A,-0.584,4,0,4,2,2,1,22.681,22.001,22.389,22.922,22.974,22.925,,17.0,1.0
1670,P82933,"28S ribosomal protein S9, mitochondrial",MRPS9,1.877,-0.856,,Not_Significant,#N/A,-0.856,4,1,4,5,6,8,22.427,22.686,22.471,23.273,23.746,23.133,,17.0,1.0
1671,P82979,SAP domain-containing ribonucleoprotein,SARNP,0.945,-0.480,,Not_Significant,#N/A,-0.480,6,3,7,2,4,4,23.827,23.143,23.183,24.017,23.856,23.720,,17.0,1.0
1672,P83436,Conserved oligomeric Golgi complex subunit 7,COG7,0.645,0.391,,Not_Significant,#N/A,0.391,3,4,5,1,1,0,21.446,21.735,22.001,20.915,21.424,21.670,,17.0,1.0
1673,P83731,60S ribosomal protein L24,RPL24,0.050,-0.064,,Not_Significant,#N/A,-0.064,5,5,5,2,2,2,25.716,24.496,25.190,25.708,24.942,24.943,,17.0,1.0
1675,P83916,Chromobox protein homolog 1,CBX1,1.180,2.245,,Not_Significant,#N/A,2.245,5,4,7,1,0,2,23.900,23.072,23.710,19.862,21.249,22.836,,17.0,1.0
1677,P84090,Enhancer of rudimentary homolog,ERH,1.655,-0.456,,Not_Significant,#N/A,-0.456,10,6,6,7,5,9,25.515,25.556,25.539,25.983,25.782,26.215,,17.0,1.0
1678,P84098,60S ribosomal protein L19,RPL19,0.466,-0.314,,Not_Significant,#N/A,-0.314,15,9,9,8,9,4,25.744,25.176,25.142,25.748,25.996,25.259,,17.0,1.0
1679,P84103,Serine/arginine-rich splicing factor 3,SRSF3,1.712,-1.147,,Not_Significant,#N/A,-1.147,6,5,7,10,5,7,25.755,25.463,24.801,26.638,26.269,26.554,,17.0,1.0
1684,P98175,RNA-binding protein 10,RBM10,0.684,-0.359,,Not_Significant,#N/A,-0.359,9,2,5,4,1,2,22.130,21.812,22.307,22.798,22.154,22.372,,16.9,1.0
1685,P98179,RNA-binding protein 3,RBM3,1.284,-1.006,,Not_Significant,#N/A,-1.006,2,7,2,0,5,3,22.426,22.918,21.738,23.503,23.497,23.100,,16.9,1.0
1687,P99999,Cytochrome c,CYCS,0.305,-0.177,,Not_Significant,#N/A,-0.177,1,2,3,2,1,1,21.980,22.439,21.966,22.567,22.385,21.964,,16.9,1.0
1689,Q00059,"Transcription factor A, mitochondrial",TFAM,1.818,-0.966,,Not_Significant,#N/A,-0.966,10,5,5,5,4,7,23.966,23.677,23.356,24.745,24.833,24.319,,16.9,1.0
1690,Q00325,"Phosphate carrier protein, mitochondrial",SLC25A3,0.672,1.651,,Not_Significant,#N/A,1.651,2,5,4,1,4,1,23.293,24.975,24.055,21.184,24.436,21.750,,16.9,1.0
1691,Q00341,Vigilin,HDLBP,1.399,-0.213,,Not_Significant,#N/A,-0.213,28,35,25,22,21,17,24.742,24.593,24.707,24.801,24.890,24.990,,16.9,1.0
1693,Q00535,Cyclin-dependent-like kinase 5,CDK5,0.795,0.757,,Not_Significant,#N/A,0.757,3,2,3,0,0,0,21.454,21.614,21.331,21.436,20.751,19.940,,16.9,1.0
1694,Q00610,Clathrin heavy chain 1,CLTC,1.363,0.374,,Not_Significant,#N/A,0.374,129,115,145,79,78,80,27.355,27.436,27.589,27.075,26.905,27.279,,16.9,1.0
1696,Q00653,Nuclear factor NF-kappa-B p100 subunit;Nuclear factor NF-kappa-B p52 subunit,NFKB2,0.057,-0.044,,Not_Significant,#N/A,-0.044,4,2,5,1,2,2,21.570,22.251,22.093,22.364,21.849,21.834,,16.9,1.0
1697,Q00688,Peptidyl-prolyl cis-trans isomerase FKBP3,FKBP3,0.102,-0.072,,Not_Significant,#N/A,-0.072,17,7,9,11,9,3,24.312,24.074,23.499,24.090,24.131,23.880,,16.9,1.0
1698,Q00796,Sorbitol dehydrogenase,SORD,0.581,0.266,,Not_Significant,#N/A,0.266,16,18,19,8,9,10,25.056,24.904,25.331,24.752,24.599,25.141,,16.8,1.0
1699,Q00839,Heterogeneous nuclear ribonucleoprotein U,HNRNPU,1.265,-0.543,,Not_Significant,#N/A,-0.543,45,37,36,43,37,37,27.249,26.672,26.668,27.507,27.401,27.308,,16.8,1.0
1701,Q01082,"Spectrin beta chain, non-erythrocytic 1",SPTBN1,1.741,0.401,,Not_Significant,#N/A,0.401,27,17,18,8,13,4,23.333,23.357,23.164,22.741,23.033,22.878,,16.8,1.0
1702,Q01085,Nucleolysin TIAR,TIAL1,3.495,-0.701,,Not_Significant,#N/A,-0.701,7,3,3,4,3,6,22.599,22.534,22.601,23.230,23.215,23.392,,16.8,1.0
1703,Q01105;P0DME0,Protein SET;Protein SETSIP,SET;SETSIP,0.646,0.558,,Not_Significant,#N/A,0.558,4,6,3,2,2,1,24.808,24.912,24.083,24.382,24.281,23.464,,16.8,1.0
1704,Q01130,Serine/arginine-rich splicing factor 2,SRSF2,1.637,-1.042,,Not_Significant,#N/A,-1.042,12,5,8,12,9,8,25.688,25.105,24.838,26.450,26.342,25.965,,16.8,1.0
1715,Q01780,Exosome component 10,EXOSC10,0.326,0.328,,Not_Significant,#N/A,0.328,6,2,7,1,4,0,23.680,22.686,23.028,22.357,23.354,22.700,,16.8,1.0
1716,Q01813,"ATP-dependent 6-phosphofructokinase, platelet type",PFKP,1.300,0.490,,Not_Significant,#N/A,0.490,34,30,30,21,27,21,25.015,25.265,25.183,24.804,24.844,24.343,,16.8,1.0
1717,Q01826,DNA-binding protein SATB1,SATB1,1.875,1.118,,Not_Significant,#N/A,1.118,9,6,16,3,4,6,24.111,23.685,24.539,23.134,22.812,23.034,,16.8,1.0
1719,Q01844,RNA-binding protein EWS,EWSR1,1.193,-0.962,,Not_Significant,#N/A,-0.962,9,7,4,9,8,6,25.271,24.187,24.176,25.536,25.306,25.678,,16.8,1.0
1721,Q01968,Inositol polyphosphate 5-phosphatase OCRL-1,OCRL,0.079,-0.114,,Not_Significant,#N/A,-0.114,2,0,1,0,0,0,20.868,20.134,21.282,20.262,20.781,21.582,,16.7,1.0
1724,Q02224,Centromere-associated protein E,CENPE,0.140,0.383,,Not_Significant,#N/A,0.383,3,1,0,1,0,1,36.132,33.394,35.013,35.073,33.205,35.112,,16.7,1.0
1725,Q02241,Kinesin-like protein KIF23,KIF23,0.035,-0.087,,Not_Significant,#N/A,-0.087,6,0,3,0,2,0,21.836,19.580,21.874,21.453,21.657,20.441,,16.7,1.0
1726,Q02252,"Methylmalonate-semialdehyde dehydrogenase [acylating], mitochondrial",ALDH6A1,1.942,-0.926,,Not_Significant,#N/A,-0.926,7,10,11,7,14,12,23.140,23.652,23.669,24.212,24.412,24.614,,16.7,1.0
1728,Q02413,Desmoglein-1,DSG1,0.878,-2.335,,Not_Significant,#N/A,-2.335,1,1,4,2,14,4,20.597,20.680,22.244,21.821,25.618,23.086,,16.7,1.0
1730,Q02487,Desmocollin-2,DSC2,0.560,1.437,,Not_Significant,#N/A,1.437,6,3,2,0,1,0,23.231,22.697,22.563,19.919,23.591,20.671,,16.7,1.0
1731,Q02543,60S ribosomal protein L18a,RPL18A,1.256,-0.326,,Not_Significant,#N/A,-0.326,6,9,6,4,3,7,23.985,23.670,23.877,24.327,24.114,24.069,,16.7,1.0
1732,Q02750,Dual specificity mitogen-activated protein kinase kinase 1,MAP2K1,1.896,0.815,,Not_Significant,#N/A,0.815,3,4,4,0,0,1,21.977,21.751,22.007,20.755,21.301,21.234,,16.7,1.0
1733,Q02790,"Peptidyl-prolyl cis-trans isomerase FKBP4;Peptidyl-prolyl cis-trans isomerase FKBP4, N-terminally processed",FKBP4,1.193,0.413,,Not_Significant,#N/A,0.413,77,61,61,49,29,27,27.195,26.787,26.775,26.675,26.454,26.390,,16.7,1.0
1734,Q02809,"Procollagen-lysine,2-oxoglutarate 5-dioxygenase 1",PLOD1,0.543,0.778,,Not_Significant,#N/A,0.778,0,2,1,0,0,0,21.354,21.559,19.822,20.427,20.475,19.499,,16.7,1.0
1735,Q02878,60S ribosomal protein L6,RPL6,0.556,-0.272,,Not_Significant,#N/A,-0.272,27,27,32,20,21,21,26.654,26.116,25.966,26.509,26.623,26.420,,16.6,1.0
1737,Q02978,Mitochondrial 2-oxoglutarate/malate carrier protein,SLC25A11,0.918,0.792,,Not_Significant,#N/A,0.792,5,10,6,4,2,2,23.493,24.760,24.543,23.417,23.340,23.662,,16.6,1.0
1741,Q03252,Lamin-B2,LMNB2,0.912,-0.238,,Not_Significant,#N/A,-0.238,22,14,14,17,10,14,23.935,23.533,23.637,23.902,23.945,23.972,,16.6,1.0
1742,Q03426,Mevalonate kinase,MVK,0.899,1.082,,Not_Significant,#N/A,1.082,7,7,6,4,5,1,23.359,22.991,23.079,22.710,22.506,20.967,,16.6,1.0
1745,Q04206,Transcription factor p65,RELA,4.995,0.579,,Not_Significant,#N/A,0.579,6,6,3,2,3,1,22.958,22.991,22.971,22.400,22.424,22.360,,16.6,1.0
1746,Q04323,UBX domain-containing protein 1,UBXN1,0.206,-0.125,,Not_Significant,#N/A,-0.125,6,4,5,5,3,2,24.432,24.554,23.852,24.478,24.508,24.227,,16.6,1.0
1747,Q04446,"1,4-alpha-glucan-branching enzyme",GBE1,1.134,0.815,,Not_Significant,#N/A,0.815,3,3,4,3,1,0,22.345,22.694,22.638,22.011,21.107,22.115,,16.6,1.0
1748,Q04637,Eukaryotic translation initiation factor 4 gamma 1,EIF4G1,0.174,0.037,,Not_Significant,#N/A,0.037,41,34,35,17,15,16,24.991,24.961,24.807,24.950,24.931,24.766,,16.6,1.0
1749,Q04724;Q04727,Transducin-like enhancer protein 1;Transducin-like enhancer protein 4,TLE1;TLE4,0.830,0.640,,Not_Significant,#N/A,0.640,0,1,1,0,0,0,21.383,20.983,22.015,20.811,20.490,21.162,,16.6,1.0
1750,Q04726,Transducin-like enhancer protein 3,TLE3,1.277,2.270,,Not_Significant,#N/A,2.270,5,2,6,0,0,0,23.255,21.727,23.582,19.710,21.750,20.293,,16.6,1.0
1751,Q04760,Lactoylglutathione lyase,GLO1,0.644,0.447,,Not_Significant,#N/A,0.447,4,6,4,1,2,1,24.280,24.678,24.370,24.365,24.197,23.426,,16.5,1.0
1753,Q04837,"Single-stranded DNA-binding protein, mitochondrial",SSBP1,1.035,-0.539,,Not_Significant,#N/A,-0.539,6,9,8,8,3,8,23.775,24.141,24.582,24.848,24.665,24.603,,16.5,1.0
1754,Q04917,14-3-3 protein eta,YWHAH,1.770,0.606,,Not_Significant,#N/A,0.606,8,7,8,2,3,6,23.918,24.127,23.605,23.324,23.267,23.243,,16.5,1.0
1755,Q05048,Cleavage stimulation factor subunit 1,CSTF1,0.129,-0.099,,Not_Significant,#N/A,-0.099,10,5,10,3,4,3,23.663,23.679,24.034,23.818,23.490,24.365,,16.5,1.0
1756,Q05086,Ubiquitin-protein ligase E3A,UBE3A,0.863,0.215,,Not_Significant,#N/A,0.215,6,0,7,1,2,2,22.096,22.153,22.448,22.052,21.941,22.062,,16.5,1.0
1759,Q05519,Serine/arginine-rich splicing factor 11,SRSF11,1.455,-0.475,,Not_Significant,#N/A,-0.475,6,7,5,4,7,2,22.707,22.789,22.593,23.347,23.273,22.893,,16.5,1.0
1760,Q05639,Elongation factor 1-alpha 2,EEF1A2,0.897,0.479,,Not_Significant,#N/A,0.479,5,5,7,3,3,2,26.541,26.262,25.883,26.062,25.657,25.532,,16.5,1.0
1761,Q05655,Protein kinase C delta type;Protein kinase C delta type regulatory subunit;Protein kinase C delta type catalytic subunit,PRKCD,0.245,-0.118,,Not_Significant,#N/A,-0.118,2,1,3,1,1,1,20.942,20.402,20.464,20.553,20.831,20.780,,16.5,1.0
1765,Q06124,Tyrosine-protein phosphatase non-receptor type 11,PTPN11,1.480,0.325,,Not_Significant,#N/A,0.325,10,5,8,6,6,3,24.227,24.570,24.389,24.116,24.036,24.059,,16.5,1.0
1767,Q06210,Glutamine--fructose-6-phosphate aminotransferase [isomerizing] 1,GFPT1,2.818,0.445,,Not_Significant,#N/A,0.445,31,26,31,14,18,10,25.252,25.325,25.336,24.961,24.799,24.817,,16.5,1.0
1768,Q06265,Exosome complex component RRP45,EXOSC9,0.357,0.611,,Not_Significant,#N/A,0.611,2,1,1,1,1,1,21.939,19.879,21.539,20.408,21.127,19.990,,16.4,1.0
1769,Q06323,Proteasome activator complex subunit 1,PSME1,0.971,0.732,,Not_Significant,#N/A,0.732,8,10,6,7,2,2,23.241,23.598,22.677,22.759,22.567,21.995,,16.4,1.0
1771,Q06587,E3 ubiquitin-protein ligase RING1,RING1,0.026,-0.026,,Not_Significant,#N/A,-0.026,5,1,5,2,1,3,22.904,22.506,23.306,22.506,22.915,23.374,,16.4,1.0
1772,Q06787,Fragile X mental retardation protein 1,FMR1,1.184,-0.979,,Not_Significant,#N/A,-0.979,2,0,0,2,1,1,21.396,20.069,20.659,21.576,21.701,21.785,,16.4,1.0
1773,Q06830,Peroxiredoxin-1,PRDX1,0.889,0.166,,Not_Significant,#N/A,0.166,30,26,27,21,25,20,27.546,27.629,27.597,27.550,27.266,27.458,,16.4,1.0
1774,Q07020,60S ribosomal protein L18,RPL18,0.444,-0.314,,Not_Significant,#N/A,-0.314,10,11,7,8,9,10,26.742,26.198,25.777,26.649,26.694,26.315,,16.4,1.0
1775,Q07021,"Complement component 1 Q subcomponent-binding protein, mitochondrial",C1QBP,0.562,-0.378,,Not_Significant,#N/A,-0.378,6,7,7,7,5,6,24.199,25.055,24.467,25.119,25.100,24.635,,16.4,1.0
1776,Q07065,Cytoskeleton-associated protein 4,CKAP4,0.401,-0.138,,Not_Significant,#N/A,-0.138,18,19,15,16,19,19,24.849,24.536,24.415,24.856,24.730,24.626,,16.4,1.0
1778,Q07666,"KH domain-containing, RNA-binding, signal transduction-associated protein 1",KHDRBS1,1.953,-0.972,,Not_Significant,#N/A,-0.972,9,5,7,5,5,7,24.471,23.791,24.078,24.930,25.250,25.075,,16.4,1.0
1781,Q07866,Kinesin light chain 1,KLC1,0.233,-0.192,,Not_Significant,#N/A,-0.192,6,3,5,2,2,3,22.303,22.509,22.987,22.409,23.269,22.698,,16.4,1.0
1783,Q07960,Rho GTPase-activating protein 1,ARHGAP1,0.780,0.338,,Not_Significant,#N/A,0.338,9,7,5,3,3,2,23.047,23.380,22.942,22.486,22.933,22.937,,16.3,1.0
1784,Q08117,Amino-terminal enhancer of split,AES,1.054,2.735,,Not_Significant,#N/A,2.735,1,1,1,0,0,0,23.486,20.433,24.432,19.733,20.350,20.064,,16.3,1.0
1786,Q08209;P16298,Serine/threonine-protein phosphatase 2B catalytic subunit alpha isoform;Serine/threonine-protein phosphatase 2B catalytic subunit beta isoform,PPP3CA;PPP3CB,0.196,0.233,,Not_Significant,#N/A,0.233,2,1,1,0,0,0,21.887,22.501,21.316,22.262,21.260,21.483,,16.3,1.0
1790,Q08379,Golgin subfamily A member 2,GOLGA2,0.934,-0.761,,Not_Significant,#N/A,-0.761,8,7,7,6,11,11,23.730,22.726,23.468,23.628,24.156,24.424,,16.3,1.0
1793,Q08554,Desmocollin-1,DSC1,0.785,-1.298,,Not_Significant,#N/A,-1.298,4,3,2,2,14,2,27.187,26.307,26.852,27.176,29.498,27.566,,16.3,1.0
1795,Q08752,Peptidyl-prolyl cis-trans isomerase D,PPID,0.033,0.022,,Not_Significant,#N/A,0.022,9,6,5,3,3,0,22.890,23.532,23.153,23.350,23.230,22.930,,16.3,1.0
1796,Q08945,FACT complex subunit SSRP1,SSRP1,2.482,0.539,,Not_Significant,#N/A,0.539,11,11,13,4,3,4,23.123,23.253,23.136,22.751,22.653,22.493,,16.3,1.0
1798,Q08AM6,Protein VAC14 homolog,VAC14,0.447,0.787,,Not_Significant,#N/A,0.787,1,3,7,1,0,1,22.133,22.024,21.786,22.354,21.438,19.792,,16.3,1.0
1799,Q08J23,tRNA (cytosine(34)-C(5))-methyltransferase,NSUN2,0.211,0.051,,Not_Significant,#N/A,0.051,7,6,5,8,6,4,22.848,22.836,22.850,22.851,22.920,22.609,,16.3,1.0
1800,Q09028,Histone-binding protein RBBP4,RBBP4,1.759,0.935,,Not_Significant,#N/A,0.935,8,5,4,4,1,3,24.781,24.836,25.517,24.094,24.059,24.176,,16.3,1.0
1801,Q09161,Nuclear cap-binding protein subunit 1,NCBP1,0.068,-0.130,,Not_Significant,#N/A,-0.130,3,1,3,0,3,1,22.397,20.465,21.960,21.411,22.389,21.410,,16.2,1.0
1803,Q09666,Neuroblast differentiation-associated protein AHNAK,AHNAK,0.707,0.278,,Not_Significant,#N/A,0.278,328,229,211,157,197,111,27.256,26.924,26.906,26.734,26.999,26.518,,16.2,1.0
1804,Q0VDF9,Heat shock 70 kDa protein 14,HSPA14,0.334,0.619,,Not_Significant,#N/A,0.619,1,4,3,2,2,2,22.466,22.808,21.957,22.739,22.263,20.371,,16.2,1.0
1808,Q10567,AP-1 complex subunit beta-1,AP1B1,0.845,0.552,,Not_Significant,#N/A,0.552,7,7,12,3,2,5,23.806,23.790,24.191,23.481,22.859,23.790,,16.2,1.0
1809,Q10570,Cleavage and polyadenylation specificity factor subunit 1,CPSF1,1.588,0.343,,Not_Significant,#N/A,0.343,4,2,3,1,0,2,22.233,22.158,22.198,22.027,21.840,21.692,,16.2,1.0
1811,Q10713,Mitochondrial-processing peptidase subunit alpha,PMPCA,0.329,-0.202,,Not_Significant,#N/A,-0.202,10,16,14,8,8,13,23.996,24.560,24.442,24.221,24.521,24.861,,16.2,1.0
1813,Q12765,Secernin-1,SCRN1,1.105,0.488,,Not_Significant,#N/A,0.488,5,4,4,1,2,1,22.835,22.607,22.519,22.465,22.205,21.827,,16.2,1.0
1814,Q12768,WASH complex subunit strumpellin,KIAA0196,0.158,-0.074,,Not_Significant,#N/A,-0.074,4,2,1,1,1,1,21.761,22.231,21.721,21.878,22.097,21.960,,16.2,1.0
1815,Q12769,Nuclear pore complex protein Nup160,NUP160,1.832,0.492,,Not_Significant,#N/A,0.492,5,3,9,3,2,0,22.564,22.331,22.671,21.966,22.160,21.961,,16.2,1.0
1817,Q12788,Transducin beta-like protein 3,TBL3,0.600,0.622,,Not_Significant,#N/A,0.622,7,1,3,0,0,0,22.145,21.074,21.619,20.593,21.680,20.699,,16.2,1.0
1818,Q12789,General transcription factor 3C polypeptide 1,GTF3C1,0.627,1.157,,Not_Significant,#N/A,1.157,2,2,5,1,0,0,20.927,20.413,21.116,19.026,18.703,21.258,,16.1,1.0
1819,Q12792,Twinfilin-1,TWF1,0.915,0.209,,Not_Significant,#N/A,0.209,5,9,9,6,5,5,22.935,23.155,22.916,22.909,22.653,22.815,,16.1,1.0
1825,Q12874,Splicing factor 3A subunit 3,SF3A3,0.609,0.165,,Not_Significant,#N/A,0.165,15,6,11,5,5,3,24.274,23.972,24.104,24.090,23.967,23.798,,16.1,1.0
1827,Q12888,Tumor suppressor p53-binding protein 1,TP53BP1,0.187,0.370,,Not_Significant,#N/A,0.370,4,0,1,1,0,0,21.819,21.332,21.493,21.750,22.077,19.708,,16.1,1.0
1829,Q12904,Aminoacyl tRNA synthase complex-interacting multifunctional protein 1;Endothelial monocyte-activating polypeptide 2,AIMP1,0.446,0.214,,Not_Significant,#N/A,0.214,24,16,21,13,16,13,25.008,24.973,25.546,25.117,24.802,24.966,,16.1,1.0
1830,Q12905,Interleukin enhancer-binding factor 2,ILF2,0.044,-0.021,,Not_Significant,#N/A,-0.021,24,17,19,13,10,11,25.157,24.625,24.852,24.864,24.819,25.015,,16.1,1.0
1831,Q12906,Interleukin enhancer-binding factor 3,ILF3,1.193,-0.615,,Not_Significant,#N/A,-0.615,28,14,12,15,11,10,25.252,24.594,24.479,25.344,25.426,25.399,,16.1,1.0
1832,Q12907,Vesicular integral-membrane protein VIP36,LMAN2,0.207,0.192,,Not_Significant,#N/A,0.192,1,1,1,1,0,0,21.247,21.607,21.400,21.590,21.549,20.540,,16.1,1.0
1836,Q12955,Ankyrin-3,ANK3,0.194,0.093,,Not_Significant,#N/A,0.093,5,1,4,2,1,2,21.983,21.611,21.552,21.784,21.376,21.708,,16.1,1.0
1837,Q12959,Disks large homolog 1,DLG1,0.980,1.099,,Not_Significant,#N/A,1.099,4,8,8,4,4,6,27.797,26.665,26.581,26.558,25.834,25.354,,16.1,1.0
1839,Q12972,Nuclear inhibitor of protein phosphatase 1;Activator of RNA decay,PPP1R8,1.081,1.739,,Not_Significant,#N/A,1.739,7,0,3,0,0,0,22.942,21.782,23.062,20.413,22.111,20.045,,16.0,1.0
1841,Q12996,Cleavage stimulation factor subunit 3,CSTF3,0.674,-0.176,,Not_Significant,#N/A,-0.176,6,4,7,2,3,3,22.761,22.426,22.664,22.825,22.670,22.883,,16.0,1.0
1842,Q13011,"Delta(3,5)-Delta(2,4)-dienoyl-CoA isomerase, mitochondrial",ECH1,1.410,-0.650,,Not_Significant,#N/A,-0.650,8,8,9,11,7,6,25.136,25.016,25.568,25.905,26.115,25.651,,16.0,1.0
1843,Q13033,Striatin-3,STRN3,1.265,0.729,,Not_Significant,#N/A,0.729,4,4,3,2,2,1,23.127,22.290,22.677,22.079,22.100,21.727,,16.0,1.0
1844,Q13042,Cell division cycle protein 16 homolog,CDC16,0.951,0.459,,Not_Significant,#N/A,0.459,0,0,1,0,0,0,20.908,20.983,20.896,20.061,20.834,20.514,,16.0,1.0
1845,Q13045,Protein flightless-1 homolog,FLII,1.117,0.395,,Not_Significant,#N/A,0.395,7,9,11,3,4,0,22.814,23.137,22.756,22.659,22.278,22.585,,16.0,1.0
1847,Q13057,Bifunctional coenzyme A synthase;Phosphopantetheine adenylyltransferase;Dephospho-CoA kinase,COASY,1.896,0.592,,Not_Significant,#N/A,0.592,7,9,13,6,8,7,23.422,23.759,23.779,23.210,22.998,22.974,,16.0,1.0
1848,Q13070;Q13069,G antigen 6;G antigen 5,GAGE6;GAGE5,1.172,2.365,,Not_Significant,#N/A,2.365,5,2,3,0,1,0,24.132,23.095,23.907,20.560,23.132,20.348,,16.0,1.0
1849,Q13084,"39S ribosomal protein L28, mitochondrial",MRPL28,0.551,-1.548,,Not_Significant,#N/A,-1.548,2,0,1,1,2,1,19.844,19.703,21.852,20.121,23.673,22.249,,16.0,1.0
1850,Q13085,Acetyl-CoA carboxylase 1;Biotin carboxylase,ACACA,0.009,-0.004,,Not_Significant,#N/A,-0.004,61,50,66,44,46,35,25.310,25.407,25.728,25.604,25.354,25.500,,16.0,1.0
1851,Q13098,COP9 signalosome complex subunit 1,GPS1,0.826,0.229,,Not_Significant,#N/A,0.229,5,4,5,2,1,0,22.867,22.745,22.438,22.435,22.477,22.452,,15.9,1.0
1853,Q13112,Chromatin assembly factor 1 subunit B,CHAF1B,1.380,1.441,,Not_Significant,#N/A,1.441,3,1,3,0,0,0,21.685,21.420,21.155,20.246,19.078,20.613,,15.9,1.0
1854,Q13123,Protein Red,IK,2.090,-0.593,,Not_Significant,#N/A,-0.593,6,3,5,5,5,7,22.333,22.099,22.516,22.904,22.890,22.932,,15.9,1.0
1855,Q13126,S-methyl-5-thioadenosine phosphorylase,MTAP,0.214,0.101,,Not_Significant,#N/A,0.101,3,2,5,1,1,0,22.340,22.643,22.635,22.627,22.133,22.555,,15.9,1.0
1856,Q13131,5-AMP-activated protein kinase catalytic subunit alpha-1,PRKAA1,0.581,-0.252,,Not_Significant,#N/A,-0.252,7,2,6,7,2,2,22.666,22.407,22.669,22.708,22.615,23.174,,15.9,1.0
1857,Q13136,Liprin-alpha-1,PPFIA1,1.147,-0.977,,Not_Significant,#N/A,-0.977,3,1,3,5,2,3,20.279,21.598,21.075,22.157,21.756,21.970,,15.9,1.0
1863,Q13155,Aminoacyl tRNA synthase complex-interacting multifunctional protein 2,AIMP2,1.006,-0.552,,Not_Significant,#N/A,-0.552,5,4,2,4,2,2,25.251,25.636,25.918,26.006,25.962,26.492,,15.9,1.0
1865,Q13162,Peroxiredoxin-4,PRDX4,0.592,-0.456,,Not_Significant,#N/A,-0.456,8,6,6,3,2,4,23.110,23.420,23.465,24.222,23.151,23.989,,15.9,1.0
1866,Q13177,Serine/threonine-protein kinase PAK 2;PAK-2p27;PAK-2p34,PAK2,1.322,0.448,,Not_Significant,#N/A,0.448,18,18,15,8,8,5,24.012,24.498,24.064,23.786,23.776,23.668,,15.9,1.0
1867,Q13185,Chromobox protein homolog 3,CBX3,1.396,0.245,,Not_Significant,#N/A,0.245,17,13,11,10,10,10,25.216,25.170,24.969,24.936,24.847,24.837,,15.9,1.0
1869,Q13190,Syntaxin-5,STX5,0.584,0.326,,Not_Significant,#N/A,0.326,4,1,3,2,2,2,22.302,22.820,22.822,22.404,22.584,21.978,,15.8,1.0
1870,Q13200,26S proteasome non-ATPase regulatory subunit 2,PSMD2,1.084,0.393,,Not_Significant,#N/A,0.393,32,26,32,10,10,11,24.936,25.405,25.110,24.554,24.858,24.860,,15.8,1.0
1873,Q13227,G protein pathway suppressor 2,GPS2,1.163,0.949,,Not_Significant,#N/A,0.949,2,0,3,0,0,0,21.893,21.111,21.176,20.569,20.874,19.891,,15.8,1.0
1874,Q13228,Selenium-binding protein 1,SELENBP1,1.125,1.602,,Not_Significant,#N/A,1.602,4,2,3,0,0,0,22.239,21.879,22.483,21.864,19.739,20.192,,15.8,1.0
1875,Q13232,Nucleoside diphosphate kinase 3,NME3,1.444,1.171,,Not_Significant,#N/A,1.171,4,1,4,0,1,2,21.975,22.063,23.110,21.224,21.041,21.372,,15.8,1.0
1877,Q13243,Serine/arginine-rich splicing factor 5,SRSF5,0.979,-1.637,,Not_Significant,#N/A,-1.637,2,0,0,1,2,1,22.363,19.846,21.849,22.741,22.946,23.281,,15.8,1.0
1879,Q13263,Transcription intermediary factor 1-beta,TRIM28,1.753,0.547,,Not_Significant,#N/A,0.547,57,45,58,44,27,27,26.484,26.132,26.503,25.929,25.687,25.861,,15.8,1.0
1880,Q13283,Ras GTPase-activating protein-binding protein 1,G3BP1,0.278,0.075,,Not_Significant,#N/A,0.075,20,19,21,8,10,10,25.291,25.242,25.299,25.399,25.178,25.030,,15.8,1.0
1883,Q13330,Metastasis-associated protein MTA1,MTA1,1.185,1.971,,Not_Significant,#N/A,1.971,9,1,8,0,1,0,23.009,22.268,23.708,19.704,21.775,21.593,,15.8,1.0
1884,Q13347,Eukaryotic translation initiation factor 3 subunit I,EIF3I,1.059,-0.148,,Not_Significant,#N/A,-0.148,11,13,12,13,11,9,25.305,25.397,25.264,25.571,25.448,25.392,,15.8,1.0
1887,Q13363,C-terminal-binding protein 1,CTBP1,1.778,0.681,,Not_Significant,#N/A,0.681,8,7,10,6,3,3,25.176,24.795,25.092,24.326,24.127,24.567,,15.7,1.0
1889,Q13404;Q15819,Ubiquitin-conjugating enzyme E2 variant 1;Ubiquitin-conjugating enzyme E2 variant 2,UBE2V1;UBE2V2,1.498,1.505,,Not_Significant,#N/A,1.505,2,2,2,1,0,1,22.136,22.583,21.066,20.483,20.199,20.589,,15.7,1.0
1890,Q13405,"39S ribosomal protein L49, mitochondrial",MRPL49,1.576,-1.277,,Not_Significant,#N/A,-1.277,2,3,3,1,1,3,22.375,22.424,21.499,23.602,23.589,22.936,,15.7,1.0
1891,Q13409,Cytoplasmic dynein 1 intermediate chain 2,DYNC1I2,2.655,0.536,,Not_Significant,#N/A,0.536,12,9,14,7,8,8,24.097,24.292,24.097,23.653,23.679,23.545,,15.7,1.0
1893,Q13418,Integrin-linked protein kinase,ILK,1.470,0.488,,Not_Significant,#N/A,0.488,0,2,0,0,0,0,22.145,22.525,22.078,21.629,21.821,21.833,,15.7,1.0
1894,Q13423,"NAD(P) transhydrogenase, mitochondrial",NNT,0.280,0.338,,Not_Significant,#N/A,0.338,17,29,14,17,9,12,23.552,24.807,23.270,23.735,23.363,23.518,,15.7,1.0
1895,Q13425,Beta-2-syntrophin,SNTB2,0.378,0.062,,Not_Significant,#N/A,0.062,4,2,3,1,0,2,22.250,22.107,22.098,22.177,22.081,22.010,,15.7,1.0
1896,Q13427,Peptidyl-prolyl cis-trans isomerase G,PPIG,1.410,-0.915,,Not_Significant,#N/A,-0.915,1,0,0,1,0,1,20.254,20.681,20.367,21.030,21.122,21.894,,15.7,1.0
1897,Q13428,Treacle protein,TCOF1,0.308,-1.699,,Not_Significant,#N/A,-1.699,7,3,0,2,2,1,26.431,25.104,19.427,25.009,26.651,24.400,,15.7,1.0
1898,Q13435,Splicing factor 3B subunit 2,SF3B2,0.027,0.017,,Not_Significant,#N/A,0.017,23,11,14,6,10,7,24.285,23.837,23.589,23.738,23.925,23.996,,15.7,1.0
1899,Q13439,Golgin subfamily A member 4,GOLGA4,0.595,-0.825,,Not_Significant,#N/A,-0.825,24,8,13,18,15,18,23.635,21.685,22.435,23.751,22.925,23.554,,15.6,1.0
1900,Q13442,28 kDa heat- and acid-stable phosphoprotein,PDAP1,0.065,0.039,,Not_Significant,#N/A,0.039,10,6,9,6,5,5,23.911,23.474,23.421,23.810,23.551,23.328,,15.6,1.0
1901,Q13451,"Peptidyl-prolyl cis-trans isomerase FKBP5;Peptidyl-prolyl cis-trans isomerase FKBP5, N-terminally processed",FKBP5,1.754,0.663,,Not_Significant,#N/A,0.663,16,8,19,4,5,1,24.562,24.098,24.502,23.812,23.812,23.548,,15.6,1.0
1902,Q13464,Rho-associated protein kinase 1,ROCK1,0.968,-1.139,,Not_Significant,#N/A,-1.139,1,0,1,0,0,2,21.333,20.222,20.346,21.380,21.318,22.620,,15.6,1.0
1903,Q13472,DNA topoisomerase 3-alpha,TOP3A,0.136,0.229,,Not_Significant,#N/A,0.229,0,0,1,0,0,0,20.103,21.277,20.670,19.487,20.608,21.267,,15.6,1.0
1905,Q13492,Phosphatidylinositol-binding clathrin assembly protein,PICALM,0.363,-0.168,,Not_Significant,#N/A,-0.168,4,7,8,2,2,2,23.809,24.185,23.891,24.441,23.947,24.002,,15.6,1.0
1908,Q13505,Metaxin-1,MTX1,0.826,1.209,,Not_Significant,#N/A,1.209,2,0,2,0,0,0,22.419,20.247,21.182,19.641,20.520,20.059,,15.6,1.0
1909,Q13509,Tubulin beta-3 chain,TUBB3,0.036,-0.131,,Not_Significant,#N/A,-0.131,0,2,2,1,2,0,20.884,23.410,20.565,20.099,22.315,22.839,,15.6,1.0
1910,Q13523,Serine/threonine-protein kinase PRP4 homolog,PRPF4B,0.930,-0.598,,Not_Significant,#N/A,-0.598,5,2,5,3,5,3,22.722,21.764,22.381,22.810,22.751,23.101,,15.6,1.0
1911,Q13526,Peptidyl-prolyl cis-trans isomerase NIMA-interacting 1,PIN1,1.166,0.524,,Not_Significant,#N/A,0.524,11,5,9,5,3,6,24.047,23.782,24.419,23.730,23.572,23.376,,15.6,1.0
1913,Q13546,Receptor-interacting serine/threonine-protein kinase 1,RIPK1,0.817,0.881,,Not_Significant,#N/A,0.881,2,3,4,0,0,0,22.027,21.966,21.818,22.024,20.756,20.388,,15.5,1.0
1914,Q13547,Histone deacetylase 1,HDAC1,2.213,0.893,,Not_Significant,#N/A,0.893,15,8,13,10,7,5,25.562,25.322,25.760,24.782,24.432,24.751,,15.5,1.0
1916,Q13557,Calcium/calmodulin-dependent protein kinase type II subunit delta,CAMK2D,0.594,0.811,,Not_Significant,#N/A,0.811,1,1,2,1,2,1,21.688,21.122,21.724,21.232,21.326,19.544,,15.5,1.0
1917,Q13561,Dynactin subunit 2,DCTN2,1.870,-0.351,,Not_Significant,#N/A,-0.351,16,10,13,17,14,16,25.999,25.824,25.792,26.179,26.161,26.328,,15.5,1.0
1919,Q13572,Inositol-tetrakisphosphate 1-kinase,ITPK1,0.980,4.060,,Not_Significant,#N/A,4.060,3,2,5,1,1,0,26.365,26.280,26.612,26.237,20.488,20.352,,15.5,1.0
1920,Q13573,SNW domain-containing protein 1,SNW1,1.542,-0.622,,Not_Significant,#N/A,-0.622,10,7,7,6,4,6,29.838,29.243,29.521,30.181,30.022,30.264,,15.5,1.0
1923,Q13596,Sorting nexin-1,SNX1,0.144,-0.091,,Not_Significant,#N/A,-0.091,5,3,4,3,4,2,21.914,21.961,21.642,21.692,21.742,22.357,,15.5,1.0
1925,Q13608,Peroxisome assembly factor 2,PEX6,0.023,0.059,,Not_Significant,#N/A,0.059,1,1,3,2,1,1,20.893,20.388,22.274,22.056,21.474,19.849,,15.5,1.0
1927,Q13616,Cullin-1,CUL1,1.913,1.055,,Not_Significant,#N/A,1.055,8,5,5,0,0,1,22.876,22.344,22.657,21.683,21.205,21.823,,15.5,1.0
1928,Q13617,Cullin-2,CUL2,2.428,0.609,,Not_Significant,#N/A,0.609,8,5,7,0,1,2,22.227,22.427,22.319,21.724,21.570,21.853,,15.5,1.0
1929,Q13618,Cullin-3,CUL3,1.178,0.540,,Not_Significant,#N/A,0.540,17,11,19,5,2,9,24.431,24.353,24.312,23.793,23.473,24.208,,15.4,1.0
1930,Q13619,Cullin-4A,CUL4A,2.076,0.693,,Not_Significant,#N/A,0.693,14,9,10,3,3,3,23.566,23.541,23.738,23.097,22.669,22.998,,15.4,1.0
1931,Q13620,Cullin-4B,CUL4B,2.837,0.597,,Not_Significant,#N/A,0.597,9,3,5,1,1,1,24.307,24.281,24.116,23.562,23.625,23.726,,15.4,1.0
1932,Q13630,GDP-L-fucose synthase,TSTA3,0.512,0.676,,Not_Significant,#N/A,0.676,3,2,1,1,0,1,21.874,22.177,21.590,21.770,21.745,20.098,,15.4,1.0
1934,Q13685,Angio-associated migratory cell protein,AAMP,0.206,0.482,,Not_Significant,#N/A,0.482,5,3,2,0,1,0,22.439,19.714,22.387,20.856,21.190,21.048,,15.4,1.0
1935,Q13724,Mannosyl-oligosaccharide glucosidase,MOGS,0.978,0.373,,Not_Significant,#N/A,0.373,5,7,7,4,4,2,23.251,22.681,22.798,22.575,22.583,22.451,,15.4,1.0
1937,Q13769,THO complex subunit 5 homolog,THOC5,0.518,0.540,,Not_Significant,#N/A,0.540,2,1,0,0,1,1,20.840,20.991,20.754,20.386,19.508,21.071,,15.4,1.0
1938,Q13813,"Spectrin alpha chain, non-erythrocytic 1",SPTAN1,0.360,0.087,,Not_Significant,#N/A,0.087,59,45,46,22,24,32,24.872,24.679,24.616,24.566,24.577,24.765,,15.4,1.0
1939,Q13823,Nucleolar GTP-binding protein 2,GNL2,0.957,3.227,,Not_Significant,#N/A,3.227,1,0,0,0,0,1,24.854,25.330,20.564,20.625,19.491,20.950,,15.4,1.0
1940,Q13835,Plakophilin-1,PKP1,0.953,3.507,,Not_Significant,#N/A,3.507,1,0,6,0,2,0,25.209,20.173,25.227,20.163,19.326,20.599,,15.4,1.0
1941,Q13838,Spliceosome RNA helicase DDX39B,DDX39B,1.546,-0.435,,Not_Significant,#N/A,-0.435,19,14,14,17,16,16,25.834,25.593,25.474,26.217,26.018,25.972,,15.3,1.0
1943,Q13868,Exosome complex component RRP4,EXOSC2,0.626,0.230,,Not_Significant,#N/A,0.230,6,4,3,4,3,1,22.321,22.507,22.150,22.285,22.155,21.848,,15.3,1.0
1944,Q13885;Q9BVA1,Tubulin beta-2A chain;Tubulin beta-2B chain,TUBB2A;TUBB2B,0.776,-2.951,,Not_Significant,#N/A,-2.951,2,2,0,2,0,0,19.533,20.631,20.044,25.840,23.329,19.891,,15.3,1.0
1948,Q13907,Isopentenyl-diphosphate Delta-isomerase 1,IDI1,1.020,0.707,,Not_Significant,#N/A,0.707,8,5,4,2,2,2,23.943,23.848,23.572,23.461,23.305,22.475,,15.3,1.0
1952,Q14008,Cytoskeleton-associated protein 5,CKAP5,1.406,0.330,,Not_Significant,#N/A,0.330,27,17,19,15,9,6,23.823,23.452,23.646,23.353,23.273,23.305,,15.3,1.0
1955,Q14103,Heterogeneous nuclear ribonucleoprotein D0,HNRNPD,2.619,-0.603,,Not_Significant,#N/A,-0.603,22,16,20,15,17,18,27.061,26.813,26.944,27.494,27.646,27.486,,15.3,1.0
1960,Q14139,Ubiquitin conjugation factor E4 A,UBE4A,1.263,0.797,,Not_Significant,#N/A,0.797,8,8,10,2,5,3,23.279,23.698,22.807,22.547,22.666,22.181,,15.3,1.0
1961,Q14141,Septin-6,44445,0.369,-0.332,,Not_Significant,#N/A,-0.332,4,3,5,3,3,2,24.536,23.752,24.578,24.219,25.119,24.525,,15.3,1.0
1964,Q14151,Scaffold attachment factor B2,SAFB2,1.509,-1.288,,Not_Significant,#N/A,-1.288,1,0,0,2,2,3,21.074,19.864,20.301,21.424,21.654,22.025,,15.3,1.0
1965,Q14152,Eukaryotic translation initiation factor 3 subunit A,EIF3A,0.402,-0.120,,Not_Significant,#N/A,-0.120,40,28,35,27,30,22,24.501,24.134,24.380,24.426,24.364,24.586,,15.3,1.0
1966,Q14155,Rho guanine nucleotide exchange factor 7,ARHGEF7,0.141,0.287,,Not_Significant,#N/A,0.287,1,2,2,2,1,1,20.049,21.699,21.612,21.885,20.329,20.286,,15.2,1.0
1967,Q14157,Ubiquitin-associated protein 2-like,UBAP2L,0.421,-0.282,,Not_Significant,#N/A,-0.282,16,10,10,12,6,6,24.147,23.898,23.281,24.231,24.126,23.815,,15.2,1.0
1968,Q14160,Protein scribble homolog,SCRIB,0.497,0.227,,Not_Significant,#N/A,0.227,15,12,13,6,6,5,24.328,23.757,23.723,23.750,23.739,23.639,,15.2,1.0
1969,Q14165,Malectin,MLEC,0.192,0.428,,Not_Significant,#N/A,0.428,4,1,2,1,0,0,21.687,20.114,22.301,22.044,20.334,20.440,,15.2,1.0
1970,Q14166,Tubulin--tyrosine ligase-like protein 12,TTLL12,0.944,0.601,,Not_Significant,#N/A,0.601,15,9,15,6,5,2,24.047,23.999,23.872,23.760,23.558,22.796,,15.2,1.0
1973,Q14192,Four and a half LIM domains protein 2,FHL2,0.181,0.067,,Not_Significant,#N/A,0.067,1,1,1,0,2,3,23.403,23.449,23.428,23.124,23.605,23.350,,15.2,1.0
1974,Q14197,"Peptidyl-tRNA hydrolase ICT1, mitochondrial",ICT1,0.559,-5.112,,Not_Significant,#N/A,-5.112,2,2,1,2,2,3,32.881,32.875,20.711,33.884,33.876,34.041,,15.2,1.0
1976,Q14203,Dynactin subunit 1,DCTN1,0.350,-0.086,,Not_Significant,#N/A,-0.086,20,22,21,16,16,14,23.509,23.657,23.821,23.798,23.654,23.792,,15.2,1.0
1977,Q14204,Cytoplasmic dynein 1 heavy chain 1,DYNC1H1,3.541,0.371,,Not_Significant,#N/A,0.371,191,168,181,103,90,90,25.886,25.951,25.899,25.588,25.512,25.521,,15.2,1.0
1978,Q14232,Translation initiation factor eIF-2B subunit alpha,EIF2B1,0.158,0.085,,Not_Significant,#N/A,0.085,12,11,5,7,7,4,23.558,23.522,22.958,23.151,23.299,23.332,,15.2,1.0
1979,Q14240,"Eukaryotic initiation factor 4A-II;Eukaryotic initiation factor 4A-II, N-terminally processed",EIF4A2,1.850,0.739,,Not_Significant,#N/A,0.739,12,10,15,10,7,9,24.949,24.810,25.262,24.385,24.035,24.385,,15.1,1.0
1981,Q14244,Ensconsin,MAP7,0.211,-0.312,,Not_Significant,#N/A,-0.312,3,0,3,0,0,0,20.878,19.927,21.334,21.481,21.360,20.235,,15.1,1.0
1982,Q14247,Src substrate cortactin,CTTN,0.178,-0.035,,Not_Significant,#N/A,-0.035,39,27,34,25,20,22,25.701,25.658,25.557,25.639,25.793,25.589,,15.1,1.0
1985,Q14258,E3 ubiquitin/ISG15 ligase TRIM25,TRIM25,0.374,0.081,,Not_Significant,#N/A,0.081,22,14,20,14,11,10,24.121,24.372,24.160,24.043,24.173,24.193,,15.1,1.0
1988,Q14320,Protein FAM50A,FAM50A,0.338,0.948,,Not_Significant,#N/A,0.948,2,2,2,0,0,0,22.526,20.301,21.792,18.702,21.798,21.275,,15.1,1.0
1992,Q14376,UDP-glucose 4-epimerase,GALE,1.041,0.775,,Not_Significant,#N/A,0.775,3,1,3,0,0,0,21.589,20.781,21.792,20.456,20.442,20.940,,15.1,1.0
1994,Q14444,Caprin-1,CAPRIN1,0.100,0.102,,Not_Significant,#N/A,0.102,11,6,6,6,3,3,24.351,23.423,23.901,23.833,24.201,23.334,,15.1,1.0
1996,Q14498,RNA-binding protein 39,RBM39,1.279,-0.597,,Not_Significant,#N/A,-0.597,7,3,9,6,4,6,24.109,23.596,23.413,24.265,24.211,24.433,,15.1,1.0
1998,Q14527,Helicase-like transcription factor,HLTF,0.967,1.001,,Not_Significant,#N/A,1.001,13,7,12,2,2,1,23.397,22.276,23.901,22.178,22.312,22.079,,15.1,1.0
2001,Q14562,ATP-dependent RNA helicase DHX8,DHX8,1.319,1.428,,Not_Significant,#N/A,1.428,1,0,0,0,0,0,21.843,21.163,22.616,20.908,19.927,20.502,,15.1,1.0
2002,Q14566,DNA replication licensing factor MCM6,MCM6,1.063,0.354,,Not_Significant,#N/A,0.354,31,22,27,19,14,21,25.194,24.683,25.065,24.688,24.589,24.604,,15.0,1.0
2004,Q14573,"Inositol 1,4,5-trisphosphate receptor type 3",ITPR3,1.239,0.506,,Not_Significant,#N/A,0.506,6,8,7,3,4,2,22.203,22.776,22.293,21.933,22.033,21.787,,15.0,1.0
2009,Q14671,Pumilio homolog 1,PUM1,1.323,-0.646,,Not_Significant,#N/A,-0.646,1,1,3,2,3,3,21.611,21.336,21.922,22.207,22.561,22.039,,15.0,1.0
2010,Q14676,Mediator of DNA damage checkpoint protein 1,MDC1,0.437,0.874,,Not_Significant,#N/A,0.874,4,0,1,0,0,0,21.547,20.305,21.762,21.509,20.479,19.002,,15.0,1.0
2011,Q14677,Clathrin interactor 1,CLINT1,0.607,0.246,,Not_Significant,#N/A,0.246,9,12,8,5,6,6,24.065,23.771,24.034,23.638,23.483,24.010,,15.0,1.0
2012,Q14683,Structural maintenance of chromosomes protein 1A,SMC1A,1.273,0.323,,Not_Significant,#N/A,0.323,23,13,20,10,9,15,23.699,23.394,23.653,23.247,23.142,23.389,,15.0,1.0
2014,Q14686,Nuclear receptor coactivator 6,NCOA6,1.167,1.256,,Not_Significant,#N/A,1.256,2,1,2,1,0,0,20.868,20.843,21.045,20.005,18.675,20.310,,15.0,1.0
2019,Q14694,Ubiquitin carboxyl-terminal hydrolase 10,USP10,0.457,0.260,,Not_Significant,#N/A,0.260,9,3,6,3,3,1,23.553,22.825,23.518,23.156,23.015,22.946,,15.0,1.0
2020,Q14697,Neutral alpha-glucosidase AB,GANAB,1.431,1.078,,Not_Significant,#N/A,1.078,12,17,14,6,5,6,24.174,25.031,23.960,23.465,23.063,23.404,,15.0,1.0
2021,Q14738,Serine/threonine-protein phosphatase 2A 56 kDa regulatory subunit delta isoform,PPP2R5D,1.874,0.484,,Not_Significant,#N/A,0.484,5,2,4,3,2,2,23.480,23.156,23.147,22.733,22.842,22.757,,15.0,1.0
2022,Q14739,Lamin-B receptor,LBR,0.019,0.058,,Not_Significant,#N/A,0.058,6,0,2,0,0,0,22.370,20.774,22.404,22.628,20.093,22.653,,14.9,1.0
2023,Q14746,Conserved oligomeric Golgi complex subunit 2,COG2,0.669,0.437,,Not_Significant,#N/A,0.437,2,1,1,0,0,0,20.761,20.539,20.149,20.004,20.474,19.660,,14.9,1.0
2025,Q14789,Golgin subfamily B member 1,GOLGB1,1.853,-0.890,,Not_Significant,#N/A,-0.890,8,7,9,10,7,6,23.792,23.736,23.545,24.361,24.402,24.981,,14.9,1.0
2027,Q14807,Kinesin-like protein KIF22,KIF22,0.324,0.815,,Not_Significant,#N/A,0.815,4,0,0,1,1,1,22.406,20.653,22.720,22.648,19.906,20.782,,14.9,1.0
2030,Q14847,LIM and SH3 domain protein 1,LASP1,0.385,0.169,,Not_Significant,#N/A,0.169,12,12,16,10,11,9,25.561,25.764,25.807,25.669,25.748,25.209,,14.9,1.0
2032,Q14914,Prostaglandin reductase 1,PTGR1,1.244,1.507,,Not_Significant,#N/A,1.507,6,4,7,3,1,0,23.628,23.004,22.780,22.243,22.029,20.621,,14.9,1.0
2033,Q14938,Nuclear factor 1 X-type,NFIX,0.946,1.710,,Not_Significant,#N/A,1.710,4,1,5,0,0,0,22.523,20.823,22.646,19.448,19.945,21.468,,14.9,1.0
2037,Q14974,Importin subunit beta-1,KPNB1,2.013,0.574,,Not_Significant,#N/A,0.574,25,17,25,10,9,8,25.001,25.349,24.968,24.569,24.529,24.498,,14.9,1.0
2038,Q14978,Nucleolar and coiled-body phosphoprotein 1,NOLC1,0.074,0.312,,Not_Significant,#N/A,0.312,3,3,1,1,3,0,23.099,22.246,20.361,20.162,24.035,20.574,,14.9,1.0
2039,Q14980,Nuclear mitotic apparatus protein 1,NUMA1,0.037,-0.016,,Not_Significant,#N/A,-0.016,82,48,75,38,53,44,25.030,24.545,24.802,24.735,24.802,24.888,,14.9,1.0
2040,Q14C86,GTPase-activating protein and VPS9 domain-containing protein 1,GAPVD1,0.383,-0.089,,Not_Significant,#N/A,-0.089,9,6,3,3,4,1,23.018,22.697,22.924,22.947,22.951,23.009,,14.8,1.0
2041,Q14CX7,"N-alpha-acetyltransferase 25, NatB auxiliary subunit",NAA25,0.601,1.465,,Not_Significant,#N/A,1.465,2,2,0,0,0,1,23.336,22.366,19.890,21.129,19.942,20.127,,14.8,1.0
2042,Q15003,Condensin complex subunit 2,NCAPH,0.070,0.068,,Not_Significant,#N/A,0.068,8,3,4,0,0,1,22.552,21.685,21.688,21.703,22.248,21.770,,14.8,1.0
2044,Q15005,Signal peptidase complex subunit 2,SPCS2,0.490,0.805,,Not_Significant,#N/A,0.805,2,3,2,2,1,0,21.797,22.776,21.724,21.822,22.022,20.037,,14.8,1.0
2045,Q15006,ER membrane protein complex subunit 2,EMC2,0.509,0.358,,Not_Significant,#N/A,0.358,3,4,3,2,1,2,21.714,21.523,21.853,21.742,21.504,20.771,,14.8,1.0
2050,Q15019,Septin-2,44441,1.973,0.550,,Not_Significant,#N/A,0.550,40,26,32,22,17,20,26.189,26.530,26.537,25.803,25.940,25.863,,14.8,1.0
2051,Q15020,Squamous cell carcinoma antigen recognized by T-cells 3,SART3,1.117,0.578,,Not_Significant,#N/A,0.578,28,11,15,9,6,11,23.609,23.234,23.991,23.195,22.829,23.076,,14.8,1.0
2052,Q15021,Condensin complex subunit 1,NCAPD2,1.098,0.682,,Not_Significant,#N/A,0.682,10,5,9,1,0,0,22.884,22.282,22.122,22.009,21.408,21.825,,14.8,1.0
2053,Q15024,Exosome complex component RRP42,EXOSC7,0.924,1.066,,Not_Significant,#N/A,1.066,2,1,3,1,1,1,22.718,22.686,22.869,22.377,22.062,20.636,,14.8,1.0
2054,Q15029,116 kDa U5 small nuclear ribonucleoprotein component,EFTUD2,0.095,0.031,,Not_Significant,#N/A,0.031,27,22,28,23,17,19,24.437,24.159,24.414,24.319,24.165,24.431,,14.8,1.0
2055,Q15031,"Probable leucine--tRNA ligase, mitochondrial",LARS2,1.536,-1.247,,Not_Significant,#N/A,-1.247,5,2,2,3,4,4,21.571,22.415,21.972,22.813,23.775,23.112,,14.7,1.0
2057,Q15042,Rab3 GTPase-activating protein catalytic subunit,RAB3GAP1,0.571,0.152,,Not_Significant,#N/A,0.152,4,1,0,1,2,2,22.826,22.543,22.784,22.458,22.522,22.719,,14.7,1.0
2058,Q15046,Lysine--tRNA ligase,KARS,0.923,0.190,,Not_Significant,#N/A,0.190,35,21,29,13,16,15,24.703,24.938,24.778,24.651,24.489,24.711,,14.7,1.0
2060,Q15054,DNA polymerase delta subunit 3,POLD3,0.828,2.088,,Not_Significant,#N/A,2.088,2,1,3,1,0,0,23.128,19.795,23.267,19.466,20.038,20.421,,14.7,1.0
2061,Q15056,Eukaryotic translation initiation factor 4H,EIF4H,0.333,-0.106,,Not_Significant,#N/A,-0.106,12,10,6,6,8,6,25.651,25.387,25.215,25.589,25.508,25.473,,14.7,1.0
2063,Q15058,Kinesin-like protein KIF14,KIF14,0.710,1.860,,Not_Significant,#N/A,1.860,1,1,0,0,0,1,23.684,23.626,20.757,20.841,19.604,22.043,,14.7,1.0
2068,Q15075,Early endosome antigen 1,EEA1,0.280,0.220,,Not_Significant,#N/A,0.220,12,8,5,10,10,6,25.813,25.495,24.899,25.440,25.236,24.871,,14.7,1.0
2069,Q15084,Protein disulfide-isomerase A6,PDIA6,0.939,1.118,,Not_Significant,#N/A,1.118,4,11,2,2,2,2,24.205,25.003,23.341,22.938,22.653,23.605,,14.7,1.0
2070,Q15102,Platelet-activating factor acetylhydrolase IB subunit gamma,PAFAH1B3,1.212,0.728,,Not_Significant,#N/A,0.728,3,6,9,1,2,4,23.490,23.912,23.217,23.203,22.582,22.650,,14.7,1.0
2072,Q15126,Phosphomevalonate kinase,PMVK,0.532,0.663,,Not_Significant,#N/A,0.663,7,6,4,4,5,3,23.793,22.893,22.581,22.822,22.853,21.602,,14.7,1.0
2074,Q15154,Pericentriolar material 1 protein,PCM1,0.783,-1.575,,Not_Significant,#N/A,-1.575,0,0,0,2,2,2,22.467,19.349,20.663,22.473,22.011,22.721,,14.6,1.0
2077,Q15181,Inorganic pyrophosphatase,PPA1,2.268,0.433,,Not_Significant,#N/A,0.433,9,9,5,4,4,2,23.670,23.481,23.642,23.061,23.199,23.233,,14.6,1.0
2078,Q15185,Prostaglandin E synthase 3,PTGES3,0.544,0.218,,Not_Significant,#N/A,0.218,4,7,4,2,1,1,23.827,24.124,23.625,23.791,23.684,23.447,,14.6,1.0
2081,Q15257,Serine/threonine-protein phosphatase 2A activator,PPP2R4,0.505,0.960,,Not_Significant,#N/A,0.960,6,5,6,2,3,1,22.840,22.683,22.456,20.059,22.658,22.383,,14.6,1.0
2082,Q15269,Periodic tryptophan protein 2 homolog,PWP2,0.653,0.690,,Not_Significant,#N/A,0.690,1,0,1,0,0,0,22.137,21.273,21.710,21.051,21.705,20.293,,14.6,1.0
2083,Q15276,Rab GTPase-binding effector protein 1,RABEP1,1.123,-0.566,,Not_Significant,#N/A,-0.566,6,3,7,3,8,2,21.425,21.453,21.525,22.234,22.303,21.565,,14.6,1.0
2084,Q15287,RNA-binding protein with serine-rich domain 1,RNPS1,0.220,0.443,,Not_Significant,#N/A,0.443,6,4,4,2,1,2,23.396,22.907,22.736,23.732,21.140,22.839,,14.6,1.0
2090,Q15365,Poly(rC)-binding protein 1,PCBP1,1.277,-0.315,,Not_Significant,#N/A,-0.315,22,17,21,14,12,15,25.893,26.159,26.253,26.486,26.425,26.340,,14.6,1.0
2091,Q15366,Poly(rC)-binding protein 2,PCBP2,1.349,-0.279,,Not_Significant,#N/A,-0.279,10,11,10,8,10,7,27.023,27.031,26.895,27.393,27.100,27.294,,14.6,1.0
2092,Q15369,Transcription elongation factor B polypeptide 1,TCEB1,1.504,0.508,,Not_Significant,#N/A,0.508,7,4,5,5,1,3,24.875,24.785,25.130,24.539,24.539,24.187,,14.6,1.0
2093,Q15370,Transcription elongation factor B polypeptide 2,TCEB2,0.929,0.303,,Not_Significant,#N/A,0.303,2,4,3,0,2,2,22.879,23.285,23.153,22.933,22.856,22.619,,14.5,1.0
2097,Q15392,Delta(24)-sterol reductase,DHCR24,0.133,0.116,,Not_Significant,#N/A,0.116,2,1,1,0,0,0,21.034,20.387,20.668,20.410,20.235,21.096,,14.5,1.0
2098,Q15393,Splicing factor 3B subunit 3,SF3B3,0.985,0.193,,Not_Significant,#N/A,0.193,36,23,31,17,15,17,24.892,24.737,24.988,24.709,24.572,24.758,,14.5,1.0
2100,Q15417,Calponin-3,CNN3,1.325,0.327,,Not_Significant,#N/A,0.327,10,12,11,10,9,6,25.096,25.356,25.079,24.955,24.886,24.711,,14.5,1.0
2101,Q15418,Ribosomal protein S6 kinase alpha-1,RPS6KA1,0.680,0.785,,Not_Significant,#N/A,0.785,8,4,5,2,1,1,22.916,22.750,22.532,22.405,20.923,22.514,,14.5,1.0
2102,Q15424,Scaffold attachment factor B1,SAFB,0.877,-0.624,,Not_Significant,#N/A,-0.624,9,4,3,5,4,3,23.278,22.968,22.297,23.226,23.413,23.777,,14.5,1.0
2103,Q15427,Splicing factor 3B subunit 4,SF3B4,0.204,0.862,,Not_Significant,#N/A,0.862,3,1,2,0,2,0,23.914,19.978,23.110,19.561,23.408,21.446,,14.5,1.0
2104,Q15428,Splicing factor 3A subunit 2,SF3A2,1.244,0.559,,Not_Significant,#N/A,0.559,7,2,4,1,0,1,23.715,23.211,23.371,22.639,23.153,22.828,,14.5,1.0
2105,Q15435,Protein phosphatase 1 regulatory subunit 7,PPP1R7,0.387,0.851,,Not_Significant,#N/A,0.851,3,6,5,1,0,1,22.390,23.044,23.062,23.182,22.538,20.222,,14.5,1.0
2106,Q15436,Protein transport protein Sec23A,SEC23A,2.126,-0.332,,Not_Significant,#N/A,-0.332,10,11,11,10,8,10,23.900,24.119,24.002,24.369,24.300,24.346,,14.5,1.0
2107,Q15437,Protein transport protein Sec23B,SEC23B,1.513,-0.207,,Not_Significant,#N/A,-0.207,20,19,25,16,10,17,24.800,24.939,24.960,25.161,25.126,25.033,,14.4,1.0
2108,Q15459,Splicing factor 3A subunit 1,SF3A1,0.092,0.053,,Not_Significant,#N/A,0.053,14,14,10,8,5,8,23.750,23.311,23.403,23.228,23.736,23.342,,14.4,1.0
2109,Q15477,Helicase SKI2W,SKIV2L,0.994,0.609,,Not_Significant,#N/A,0.609,6,7,10,1,3,3,22.430,22.839,23.190,21.900,22.194,22.540,,14.4,1.0
2116,Q15599,Na(+)/H(+) exchange regulatory cofactor NHE-RF2,SLC9A3R2,0.989,0.478,,Not_Significant,#N/A,0.478,6,5,5,6,7,5,23.265,23.099,23.732,23.072,22.651,22.940,,14.4,1.0
2117,Q15628,Tumor necrosis factor receptor type 1-associated DEATH domain protein,TRADD,0.967,1.331,,Not_Significant,#N/A,1.331,2,1,3,0,1,0,22.469,21.688,21.621,19.614,21.636,20.537,,14.4,1.0
2118,Q15631,Translin,TSN,0.906,0.544,,Not_Significant,#N/A,0.544,5,2,4,3,2,2,22.517,22.301,22.639,22.413,21.507,21.904,,14.4,1.0
2119,Q15637,Splicing factor 1,SF1,0.928,-0.428,,Not_Significant,#N/A,-0.428,9,4,4,5,5,2,24.067,23.526,23.386,24.066,23.999,24.199,,14.4,1.0
2121,Q15643,Thyroid receptor-interacting protein 11,TRIP11,1.032,-1.720,,Not_Significant,#N/A,-1.720,12,0,3,7,7,15,22.884,21.233,20.267,23.039,22.987,23.519,,14.4,1.0
2122,Q15645,Pachytene checkpoint protein 2 homolog,TRIP13,2.456,0.833,,Not_Significant,#N/A,0.833,13,14,16,6,12,8,25.537,25.785,25.798,24.887,25.049,24.686,,14.4,1.0
2125,Q15654,Thyroid receptor-interacting protein 6,TRIP6,0.815,1.207,,Not_Significant,#N/A,1.207,3,2,1,0,1,1,22.852,21.398,21.878,21.584,21.126,19.799,,14.4,1.0
2126,Q15691,Microtubule-associated protein RP/EB family member 1,MAPRE1,1.660,0.452,,Not_Significant,#N/A,0.452,16,15,14,9,11,9,24.811,24.786,24.608,24.416,24.360,24.073,,14.3,1.0
2127,Q15717,ELAV-like protein 1,ELAVL1,1.546,-0.733,,Not_Significant,#N/A,-0.733,18,9,9,13,12,8,25.428,24.782,24.783,25.764,25.656,25.771,,14.3,1.0
2130,Q15750,TGF-beta-activated kinase 1 and MAP3K7-binding protein 1,TAB1,0.548,0.419,,Not_Significant,#N/A,0.419,4,1,3,1,0,1,20.848,21.220,21.257,20.495,20.273,21.299,,14.3,1.0
2132,Q15773,Myeloid leukemia factor 2,MLF2,2.244,-0.769,,Not_Significant,#N/A,-0.769,3,1,3,4,2,3,21.868,21.679,22.069,22.490,22.640,22.792,,14.3,1.0
2133,Q15785,Mitochondrial import receptor subunit TOM34,TOMM34,0.868,0.248,,Not_Significant,#N/A,0.248,10,7,12,5,5,3,25.123,24.879,24.974,24.752,24.546,24.935,,14.3,1.0
2134,Q15788,Nuclear receptor coactivator 1,NCOA1,0.905,1.488,,Not_Significant,#N/A,1.488,1,0,6,0,0,0,22.056,20.159,22.682,19.931,20.171,20.331,,14.3,1.0
2137,Q15814,Tubulin-specific chaperone C,TBCC,0.707,-0.283,,Not_Significant,#N/A,-0.283,2,0,1,0,1,0,20.422,20.049,20.110,20.257,20.432,20.742,,14.3,1.0
2138,Q15833,Syntaxin-binding protein 2,STXBP2,1.249,0.512,,Not_Significant,#N/A,0.512,8,6,6,3,2,4,23.168,23.094,23.608,22.850,22.570,22.915,,14.3,1.0
2139,Q15843,NEDD8,NEDD8,2.045,0.860,,Not_Significant,#N/A,0.860,2,3,1,2,2,4,24.597,24.639,24.178,23.780,23.417,23.638,,14.3,1.0
2140,Q15847,Adipogenesis regulatory factor,ADIRF,0.415,0.430,,Not_Significant,#N/A,0.430,2,0,1,0,0,0,21.414,20.220,20.253,20.046,19.954,20.596,,14.3,1.0
2143,Q16181,Septin-7,44446,0.024,-0.008,,Not_Significant,#N/A,-0.008,26,21,33,15,13,11,25.506,25.299,25.679,25.463,25.542,25.503,,14.2,1.0
2144,Q16186,Proteasomal ubiquitin receptor ADRM1,ADRM1,0.953,2.237,,Not_Significant,#N/A,2.237,3,3,4,2,1,2,23.179,23.084,23.563,23.201,20.182,19.730,,14.2,1.0
2145,Q16204,Coiled-coil domain-containing protein 6,CCDC6,1.593,-0.954,,Not_Significant,#N/A,-0.954,12,13,11,10,10,15,24.044,24.310,24.376,24.900,24.987,25.705,,14.2,1.0
2149,Q16531,DNA damage-binding protein 1,DDB1,2.392,0.747,,Not_Significant,#N/A,0.747,31,22,32,9,13,11,24.574,24.772,24.910,24.140,23.862,24.011,,14.2,1.0
2150,Q16537,Serine/threonine-protein phosphatase 2A 56 kDa regulatory subunit epsilon isoform,PPP2R5E,0.436,0.424,,Not_Significant,#N/A,0.424,1,1,0,0,0,0,21.688,20.358,21.077,20.321,20.880,20.649,,14.2,1.0
2151,Q16539,Mitogen-activated protein kinase 14,MAPK14,0.129,0.099,,Not_Significant,#N/A,0.099,3,2,5,1,3,0,21.566,22.400,22.288,21.802,22.178,21.975,,14.2,1.0
2152,Q16540,"39S ribosomal protein L23, mitochondrial",MRPL23,0.990,-0.766,,Not_Significant,#N/A,-0.766,2,2,1,3,3,1,22.532,22.317,22.074,23.691,23.002,22.527,,14.2,1.0
2153,Q16543,"Hsp90 co-chaperone Cdc37;Hsp90 co-chaperone Cdc37, N-terminally processed",CDC37,2.000,0.475,,Not_Significant,#N/A,0.475,9,9,8,3,6,7,24.866,25.108,24.998,24.442,24.667,24.437,,14.2,1.0
2154,Q16555,Dihydropyrimidinase-related protein 2,DPYSL2,0.511,0.232,,Not_Significant,#N/A,0.232,18,14,12,6,4,5,25.102,25.328,24.709,24.923,24.650,24.870,,14.2,1.0
2155,Q16576,Histone-binding protein RBBP7,RBBP7,1.620,0.710,,Not_Significant,#N/A,0.710,12,17,20,10,5,10,26.043,25.429,26.010,25.106,25.153,25.094,,14.2,1.0
2160,Q16643,Drebrin,DBN1,1.587,0.319,,Not_Significant,#N/A,0.319,5,6,5,4,3,2,23.376,23.464,23.316,22.915,23.088,23.195,,14.1,1.0
2161,Q16658,Fascin,FSCN1,0.871,1.839,,Not_Significant,#N/A,1.839,1,5,0,0,0,0,22.054,23.433,20.171,19.776,19.784,20.580,,14.1,1.0
2162,Q16698,"2,4-dienoyl-CoA reductase, mitochondrial",DECR1,1.922,-0.631,,Not_Significant,#N/A,-0.631,8,6,8,8,9,7,23.620,23.731,23.865,24.363,24.591,24.155,,14.1,1.0
2164,Q16719,Kynureninase,KYNU,1.520,0.861,,Not_Significant,#N/A,0.861,7,5,8,2,1,1,23.988,24.001,23.286,23.104,22.871,22.717,,14.1,1.0
2167,Q16762,Thiosulfate sulfurtransferase,TST,0.877,-0.776,,Not_Significant,#N/A,-0.776,3,3,1,4,3,5,22.034,21.835,20.823,22.397,22.604,22.019,,14.1,1.0
2168,Q16775,"Hydroxyacylglutathione hydrolase, mitochondrial",HAGH,0.036,-0.059,,Not_Significant,#N/A,-0.059,4,2,2,1,1,0,22.144,21.922,22.062,22.615,21.015,22.674,,14.1,1.0
2170,Q16778;P33778;P23527;P06899;Q8N257,Histone H2B type 2-E;Histone H2B type 1-B;Histone H2B type 1-O;Histone H2B type 1-J;Histone H2B type 3-B,HIST2H2BE;HIST1H2BB;HIST1H2BO;HIST1H2BJ;HIST3H2BB,0.594,0.608,,Not_Significant,#N/A,0.608,2,2,3,2,3,1,27.541,26.214,26.211,26.063,26.239,25.840,,14.1,1.0
2171,Q16795,"NADH dehydrogenase [ubiquinone] 1 alpha subcomplex subunit 9, mitochondrial",NDUFA9,1.167,1.656,,Not_Significant,#N/A,1.656,0,2,2,0,0,0,21.615,21.976,21.342,18.711,20.727,20.529,,14.1,1.0
2173,Q16836,"Hydroxyacyl-coenzyme A dehydrogenase, mitochondrial",HADH,1.073,-0.339,,Not_Significant,#N/A,-0.339,8,8,9,7,6,6,24.444,24.256,24.106,24.825,24.454,24.544,,14.1,1.0
2174,Q16851,UTP--glucose-1-phosphate uridylyltransferase,UGP2,0.153,-0.334,,Not_Significant,#N/A,-0.334,1,1,1,1,0,1,22.195,21.749,19.592,21.353,21.762,21.424,,14.1,1.0
2177,Q16881,"Thioredoxin reductase 1, cytoplasmic",TXNRD1,0.531,0.958,,Not_Significant,#N/A,0.958,2,2,2,1,0,1,22.326,21.941,20.944,22.129,19.966,20.241,,14.0,1.0
2179,Q16891,MICOS complex subunit MIC60,IMMT,1.471,-0.373,,Not_Significant,#N/A,-0.373,26,26,27,22,19,29,25.079,25.102,25.314,25.596,25.360,25.658,,14.0,1.0
2182,Q1KMD3,Heterogeneous nuclear ribonucleoprotein U-like protein 2,HNRNPUL2,1.226,-0.512,,Not_Significant,#N/A,-0.512,13,7,10,8,5,8,24.709,24.088,24.177,24.883,24.784,24.842,,14.0,1.0
2183,Q27J81,Inverted formin-2,INF2,1.102,0.993,,Not_Significant,#N/A,0.993,4,1,1,0,0,0,21.143,20.798,20.455,20.505,19.224,19.689,,14.0,1.0
2184,Q29RF7,Sister chromatid cohesion protein PDS5 homolog A,PDS5A,0.397,0.315,,Not_Significant,#N/A,0.315,11,5,9,3,3,3,23.095,22.067,22.557,22.410,22.416,21.949,,14.0,1.0
2186,Q2M389,WASH complex subunit 7,KIAA1033,0.299,-0.791,,Not_Significant,#N/A,-0.791,3,0,2,0,0,0,22.397,19.301,20.856,20.450,22.170,22.306,,14.0,1.0
2190,Q2TAL8,Glutamine-rich protein 1,QRICH1,0.216,0.545,,Not_Significant,#N/A,0.545,3,0,0,0,0,0,22.775,19.674,22.338,21.186,20.762,21.203,,14.0,1.0
2191,Q2TAY7,"WD40 repeat-containing protein SMU1;WD40 repeat-containing protein SMU1, N-terminally processed",SMU1,0.099,0.090,,Not_Significant,#N/A,0.090,10,9,10,5,6,6,23.831,23.249,23.592,23.064,23.332,24.005,,14.0,1.0
2194,Q32MZ4,Leucine-rich repeat flightless-interacting protein 1,LRRFIP1,0.204,0.743,,Not_Significant,#N/A,0.743,4,4,1,1,1,1,23.977,23.940,23.362,24.468,24.353,20.228,,14.0,1.0
2196,Q32P44,Echinoderm microtubule-associated protein-like 3,EML3,1.267,-1.312,,Not_Significant,#N/A,-1.312,5,3,8,11,8,13,22.353,21.877,23.204,23.719,23.324,24.329,,14.0,1.0
2200,Q3MHD2,Protein LSM12 homolog,LSM12,0.716,1.779,,Not_Significant,#N/A,1.779,2,3,2,2,2,2,23.520,23.643,23.369,23.995,20.494,20.706,,13.9,1.0
2208,Q4G0F5,Vacuolar protein sorting-associated protein 26B,VPS26B,1.344,0.706,,Not_Significant,#N/A,0.706,6,5,7,4,4,5,24.131,24.226,24.095,22.989,23.816,23.531,,13.9,1.0
2209,Q4G0J3,La-related protein 7,LARP7,1.344,-1.534,,Not_Significant,#N/A,-1.534,8,1,1,7,7,4,21.686,19.892,21.036,22.604,22.289,22.324,,13.9,1.0
2211,Q4J6C6,Prolyl endopeptidase-like,PREPL,0.748,0.743,,Not_Significant,#N/A,0.743,2,1,0,0,0,0,21.421,21.597,20.290,20.437,19.981,20.663,,13.9,1.0
2214,Q4V328,GRIP1-associated protein 1,GRIPAP1,1.413,-0.978,,Not_Significant,#N/A,-0.978,1,1,1,1,0,2,21.514,21.052,20.504,21.835,22.273,21.895,,13.9,1.0
2216,Q4ZG55,Protein GREB1,GREB1,0.192,-0.279,,Not_Significant,#N/A,-0.279,0,1,3,0,0,0,20.716,19.477,19.285,19.549,20.687,20.078,,13.9,1.0
2218,Q52LJ0,Protein FAM98B,FAM98B,1.129,0.231,,Not_Significant,#N/A,0.231,5,5,5,3,4,5,23.227,22.982,23.187,22.921,22.792,22.992,,13.9,1.0
2219,Q53EL6,Programmed cell death protein 4,PDCD4,0.430,0.242,,Not_Significant,#N/A,0.242,12,9,13,6,8,7,25.435,24.948,25.735,24.987,25.232,25.172,,13.9,1.0
2222,Q53FA7,Quinone oxidoreductase PIG3,TP53I3,1.187,0.478,,Not_Significant,#N/A,0.478,6,9,8,7,4,4,23.099,23.202,23.580,22.950,22.575,22.920,,13.9,1.0
2223,Q53GS9,U4/U6.U5 tri-snRNP-associated protein 2,USP39,0.235,-0.127,,Not_Significant,#N/A,-0.127,3,3,5,3,3,1,22.733,22.087,22.554,22.763,22.495,22.496,,13.9,1.0
2224,Q53H82,Beta-lactamase-like protein 2,LACTB2,0.038,0.075,,Not_Significant,#N/A,0.075,3,2,3,3,3,1,22.019,21.511,22.151,22.358,22.564,20.535,,13.8,1.0
2225,Q53H96,Pyrroline-5-carboxylate reductase 3,PYCRL,0.494,0.142,,Not_Significant,#N/A,0.142,7,2,5,1,2,4,23.279,23.155,23.415,23.043,23.039,23.342,,13.8,1.0
2226,Q53HC9,Protein TSSC1,TSSC1,1.276,1.182,,Not_Significant,#N/A,1.182,5,6,3,0,1,1,22.092,22.539,22.369,20.960,20.547,21.945,,13.8,1.0
2231,Q58FF8,Putative heat shock protein HSP 90-beta 2,HSP90AB2P,1.843,0.473,,Not_Significant,#N/A,0.473,11,8,6,7,6,2,25.948,25.883,26.185,25.477,25.453,25.668,,13.8,1.0
2237,Q5H9R7,Serine/threonine-protein phosphatase 6 regulatory subunit 3,PPP6R3,0.722,0.505,,Not_Significant,#N/A,0.505,4,3,3,1,1,0,21.887,21.878,21.847,21.375,21.915,20.808,,13.8,1.0
2240,Q5HYK7,SH3 domain-containing protein 19,SH3D19,0.438,-2.111,,Not_Significant,#N/A,-2.111,0,1,0,1,1,0,20.349,25.017,21.278,25.929,25.714,21.335,,13.8,1.0
2243,Q5JRA6,Melanoma inhibitory activity protein 3,MIA3,0.007,0.008,,Not_Significant,#N/A,0.008,7,2,1,2,2,4,23.429,24.406,23.045,23.794,23.417,23.643,,13.8,1.0
2244,Q5JRX3,"Presequence protease, mitochondrial",PITRM1,1.084,-1.376,,Not_Significant,#N/A,-1.376,2,1,2,1,2,1,21.420,19.696,21.407,21.965,22.540,22.147,,13.8,1.0
2246,Q5JTH9,RRP12-like protein,RRP12,0.168,-0.264,,Not_Significant,#N/A,-0.264,8,2,2,0,2,1,22.222,21.725,20.568,21.252,22.398,21.657,,13.8,1.0
2247,Q5JTV8,Torsin-1A-interacting protein 1,TOR1AIP1,2.479,-0.861,,Not_Significant,#N/A,-0.861,6,6,4,4,1,1,22.401,22.272,22.409,22.963,23.376,23.325,,13.8,1.0
2250,Q5JVF3,PCI domain-containing protein 2,PCID2,0.713,1.754,,Not_Significant,#N/A,1.754,3,2,4,0,1,1,23.037,22.521,23.063,19.187,23.034,21.137,,13.7,1.0
2253,Q5M775,Cytospin-B,SPECC1,0.288,2.985,,Not_Significant,#N/A,2.985,3,3,2,2,4,1,32.315,31.723,32.452,33.290,20.826,33.420,,13.7,1.0
2259,Q5SSJ5,Heterochromatin protein 1-binding protein 3,HP1BP3,0.356,0.369,,Not_Significant,#N/A,0.369,11,5,5,3,5,2,23.110,22.647,22.392,22.368,22.990,21.682,,13.7,1.0
2260,Q5SWX8,Protein odr-4 homolog,ODR4,0.539,0.727,,Not_Significant,#N/A,0.727,3,1,4,1,0,0,22.298,22.249,22.955,22.227,22.415,20.678,,13.7,1.0
2264,Q5T0N5,Formin-binding protein 1-like,FNBP1L,0.524,-0.155,,Not_Significant,#N/A,-0.155,0,0,0,3,1,1,21.709,21.620,21.396,21.699,21.591,21.899,,13.7,1.0
2266,Q5T1M5,FK506-binding protein 15,FKBP15,0.542,-1.148,,Not_Significant,#N/A,-1.148,3,2,3,1,2,2,22.884,19.775,21.086,21.907,22.581,22.700,,13.7,1.0
2270,Q5T2T1,MAGUK p55 subfamily member 7,MPP7,0.130,0.152,,Not_Significant,#N/A,0.152,11,5,8,3,5,4,24.174,22.720,23.661,23.400,23.438,23.261,,13.7,1.0
2272,Q5T440,"Putative transferase CAF17, mitochondrial",IBA57,0.828,-1.247,,Not_Significant,#N/A,-1.247,2,0,1,2,3,0,19.662,20.103,21.400,21.812,22.336,20.758,,13.7,1.0
2274,Q5T4S7,E3 ubiquitin-protein ligase UBR4,UBR4,1.446,0.117,,Not_Significant,#N/A,0.117,14,10,13,7,4,2,22.521,22.588,22.478,22.394,22.451,22.390,,13.7,1.0
2281,Q5T8D3,Acyl-CoA-binding domain-containing protein 5,ACBD5,1.637,-1.089,,Not_Significant,#N/A,-1.089,0,1,1,4,5,2,20.562,21.284,21.164,22.255,22.339,21.683,,13.7,1.0
2282,Q5T8P6,RNA-binding protein 26,RBM26,0.673,-0.681,,Not_Significant,#N/A,-0.681,1,0,0,2,0,1,19.481,20.296,20.999,21.207,20.858,20.755,,13.6,1.0
2283,Q5T9A4,ATPase family AAA domain-containing protein 3B,ATAD3B,0.855,-1.409,,Not_Significant,#N/A,-1.409,1,1,0,1,1,5,21.930,22.692,20.466,22.378,23.180,23.758,,13.6,1.0
2285,Q5TA45,Integrator complex subunit 11,CPSF3L,0.389,0.554,,Not_Significant,#N/A,0.554,3,0,2,0,0,0,21.213,19.521,21.413,20.194,20.167,20.123,,13.6,1.0
2286,Q5TAQ9,DDB1- and CUL4-associated factor 8,DCAF8,0.037,-0.091,,Not_Significant,#N/A,-0.091,0,0,3,0,1,0,22.118,20.002,22.044,21.490,22.302,20.646,,13.6,1.0
2288,Q5TDH0,Protein DDI1 homolog 2,DDI2,0.863,1.319,,Not_Significant,#N/A,1.319,5,2,4,1,0,0,22.599,22.366,22.212,22.429,20.082,20.710,,13.6,1.0
2292,Q5THJ4,Vacuolar protein sorting-associated protein 13D,VPS13D,0.313,0.432,,Not_Significant,#N/A,0.432,2,1,4,0,0,0,20.279,20.813,19.048,19.231,19.664,19.950,,13.6,1.0
2297,Q5VIR6,Vacuolar protein sorting-associated protein 53 homolog,VPS53,1.129,1.317,,Not_Significant,#N/A,1.317,1,0,4,0,0,0,21.437,20.651,22.183,20.605,19.498,20.216,,13.6,1.0
2298,Q5VSL9,Striatin-interacting protein 1,STRIP1,0.410,-0.684,,Not_Significant,#N/A,-0.684,1,0,0,0,1,1,20.611,21.030,19.620,19.963,21.586,21.764,,13.6,1.0
2301,Q5VTL8,Pre-mRNA-splicing factor 38B,PRPF38B,0.022,0.030,,Not_Significant,#N/A,0.030,0,0,0,0,1,0,21.127,20.421,20.772,19.963,21.294,20.973,,13.6,1.0
2302,Q5VTR2,E3 ubiquitin-protein ligase BRE1A,RNF20,0.883,1.219,,Not_Significant,#N/A,1.219,12,4,5,1,1,3,23.316,22.365,22.671,22.043,20.412,22.239,,13.6,1.0
2306,Q5VV41,Rho guanine nucleotide exchange factor 16,ARHGEF16,0.891,0.890,,Not_Significant,#N/A,0.890,4,4,5,1,0,0,21.083,21.806,21.357,20.910,20.970,19.696,,13.5,1.0
2307,Q5VW32,BRO1 domain-containing protein BROX,BROX,0.777,0.318,,Not_Significant,#N/A,0.318,5,4,4,4,7,1,23.386,23.613,23.310,23.414,23.098,22.842,,13.5,1.0
2309,Q5VWZ2,Lysophospholipase-like protein 1,LYPLAL1,1.787,-0.367,,Not_Significant,#N/A,-0.367,4,3,4,3,4,5,22.465,22.519,22.220,22.759,22.776,22.771,,13.5,1.0
2310,Q5VYK3,Proteasome-associated protein ECM29 homolog,ECM29,1.638,1.286,,Not_Significant,#N/A,1.286,15,11,12,4,4,2,23.281,22.860,24.063,22.054,22.246,22.045,,13.5,1.0
2311,Q5VYY1,Ankyrin repeat domain-containing protein 22,ANKRD22,0.413,0.606,,Not_Significant,#N/A,0.606,2,2,3,1,0,0,21.450,21.510,20.259,21.174,20.657,19.570,,13.5,1.0
2314,Q5VZL5,Zinc finger MYM-type protein 4,ZMYM4,0.449,0.745,,Not_Significant,#N/A,0.745,0,0,0,0,0,0,20.810,19.297,20.995,18.838,19.562,20.465,,13.5,1.0
2321,Q658Y4,Protein FAM91A1,FAM91A1,1.198,2.438,,Not_Significant,#N/A,2.438,4,4,8,0,0,0,21.256,21.332,21.904,20.633,17.399,19.145,,13.5,1.0
2325,Q66PJ3,ADP-ribosylation factor-like protein 6-interacting protein 4,ARL6IP4,0.315,-0.521,,Not_Significant,#N/A,-0.521,2,0,3,4,3,0,22.027,20.232,22.408,22.099,21.926,22.205,,13.5,1.0
2326,Q68CP9,AT-rich interactive domain-containing protein 2,ARID2,1.234,0.913,,Not_Significant,#N/A,0.913,1,0,0,0,0,0,21.192,21.323,21.679,21.111,20.102,20.243,,13.5,1.0
2333,Q69YN2,CWF19-like protein 1,CWF19L1,0.685,0.435,,Not_Significant,#N/A,0.435,6,3,8,3,2,1,22.615,21.927,22.849,21.970,22.194,21.920,,13.5,1.0
2339,Q6DD88,Atlastin-3,ATL3,0.991,0.459,,Not_Significant,#N/A,0.459,7,9,6,2,2,1,22.960,23.312,23.363,23.010,22.833,22.416,,13.4,1.0
2343,Q6FI81,Anamorsin,CIAPIN1,0.776,1.440,,Not_Significant,#N/A,1.440,3,3,3,0,0,0,22.859,23.111,23.864,22.431,20.254,22.830,,13.4,1.0
2348,Q6IA86,Elongator complex protein 2,ELP2,1.095,0.525,,Not_Significant,#N/A,0.525,3,3,5,1,2,1,21.299,21.583,21.616,20.579,21.239,21.107,,13.4,1.0
2349,Q6IAA8,Ragulator complex protein LAMTOR1,LAMTOR1,1.125,1.561,,Not_Significant,#N/A,1.561,5,3,5,2,2,1,22.771,22.422,22.677,22.163,21.093,19.932,,13.4,1.0
2351,Q6IBS0,Twinfilin-2,TWF2,0.997,1.711,,Not_Significant,#N/A,1.711,3,3,2,0,0,0,22.470,20.409,23.049,20.128,20.269,20.398,,13.4,1.0
2354,Q6IN85,Serine/threonine-protein phosphatase 4 regulatory subunit 3A,SMEK1,0.608,1.059,,Not_Significant,#N/A,1.059,3,1,3,1,0,1,20.468,20.213,22.656,19.977,19.932,20.249,,13.4,1.0
2358,Q6JQN1,Acyl-CoA dehydrogenase family member 10,ACAD10,1.337,-1.869,,Not_Significant,#N/A,-1.869,2,1,7,3,4,6,21.299,20.331,22.548,23.018,23.447,23.319,,13.4,1.0
2359,Q6KC79,Nipped-B-like protein,NIPBL,0.074,0.296,,Not_Significant,#N/A,0.296,1,1,1,0,1,0,23.652,23.077,23.392,20.315,24.235,24.683,,13.4,1.0
2360,Q6L8Q7,"2,5-phosphodiesterase 12",PDE12,0.794,0.357,,Not_Significant,#N/A,0.357,6,7,8,6,3,3,22.157,22.657,22.845,22.141,22.241,22.208,,13.4,1.0
2374,Q6P1J9,Parafibromin,CDC73,1.291,0.822,,Not_Significant,#N/A,0.822,4,1,3,0,1,0,21.803,21.629,21.414,21.292,20.749,20.337,,13.4,1.0
2375,Q6P1L8,"39S ribosomal protein L14, mitochondrial",MRPL14,0.259,-0.249,,Not_Significant,#N/A,-0.249,4,2,3,2,3,2,23.211,22.051,22.561,22.697,23.225,22.649,,13.3,1.0
2376,Q6P1M3,Lethal(2) giant larvae protein homolog 2,LLGL2,0.325,0.154,,Not_Significant,#N/A,0.154,7,3,6,3,2,4,24.615,24.162,24.097,24.180,23.934,24.296,,13.3,1.0
2377,Q6P1N0,Coiled-coil and C2 domain-containing protein 1A,CC2D1A,0.162,0.117,,Not_Significant,#N/A,0.117,3,2,6,3,3,3,22.161,21.845,22.698,22.212,22.240,21.902,,13.3,1.0
2378,Q6P1N9,Putative deoxyribonuclease TATDN1,TATDN1,0.369,0.797,,Not_Significant,#N/A,0.797,1,1,0,0,0,0,19.586,21.876,22.047,19.730,20.200,21.189,,13.3,1.0
2381,Q6P2E9,Enhancer of mRNA-decapping protein 4,EDC4,0.536,-0.299,,Not_Significant,#N/A,-0.299,8,6,6,8,7,5,23.347,22.877,23.400,23.156,23.757,23.608,,13.3,1.0
2382,Q6P2Q9,Pre-mRNA-processing-splicing factor 8,PRPF8,0.739,-0.198,,Not_Significant,#N/A,-0.198,38,34,50,32,18,29,23.910,23.688,23.866,23.985,23.862,24.211,,13.3,1.0
2383,Q6P3W7,SCY1-like protein 2,SCYL2,0.607,2.854,,Not_Significant,#N/A,2.854,8,5,7,0,1,0,27.401,26.630,26.450,26.082,26.040,19.797,,13.3,1.0
2389,Q6P996,Pyridoxal-dependent decarboxylase domain-containing protein 1,PDXDC1,0.005,0.003,,Not_Significant,#N/A,0.003,14,9,9,6,7,6,23.366,22.970,22.858,23.199,22.977,23.009,,13.3,1.0
2393,Q6PD62,RNA polymerase-associated protein CTR9 homolog,CTR9,1.419,1.001,,Not_Significant,#N/A,1.001,4,1,4,1,2,0,22.540,22.154,22.045,20.677,21.413,21.646,,13.3,1.0
2395,Q6PGP7,Tetratricopeptide repeat protein 37,TTC37,0.923,0.505,,Not_Significant,#N/A,0.505,10,5,8,2,1,2,22.623,21.975,22.414,21.724,22.166,21.609,,13.3,1.0
2399,Q6PJT7,Zinc finger CCCH domain-containing protein 14,ZC3H14,0.608,-0.278,,Not_Significant,#N/A,-0.278,8,2,6,1,1,4,24.992,24.333,24.753,24.842,24.985,25.085,,13.2,1.0
2401,Q6PKG0,La-related protein 1,LARP1,1.267,-0.296,,Not_Significant,#N/A,-0.296,8,7,3,7,6,3,23.233,23.208,22.961,23.396,23.560,23.336,,13.2,1.0
2412,Q6UN15,Pre-mRNA 3-end-processing factor FIP1,FIP1L1,0.559,-0.734,,Not_Significant,#N/A,-0.734,3,1,2,3,2,3,23.015,21.564,22.707,23.063,22.559,23.864,,13.2,1.0
2414,Q6UWE0,E3 ubiquitin-protein ligase LRSAM1,LRSAM1,0.750,0.724,,Not_Significant,#N/A,0.724,10,10,7,5,4,2,22.668,22.865,23.041,22.444,22.673,21.283,,13.2,1.0
2415,Q6UWP2,Dehydrogenase/reductase SDR family member 11,DHRS11,0.051,-0.076,,Not_Significant,#N/A,-0.076,1,1,2,0,0,0,21.015,20.452,20.778,21.221,19.868,21.383,,13.2,1.0
2416,Q6UXG2,UPF0577 protein KIAA1324,KIAA1324,0.133,-0.191,,Not_Significant,#N/A,-0.191,2,0,2,0,0,0,20.393,19.663,19.784,19.811,21.077,19.525,,13.2,1.0
2417,Q6UXN9,WD repeat-containing protein 82,WDR82,1.609,0.970,,Not_Significant,#N/A,0.970,3,3,2,1,1,1,22.653,22.730,22.877,22.117,21.981,21.253,,13.2,1.0
2419,Q6VY07,Phosphofurin acidic cluster sorting protein 1,PACS1,0.744,-2.582,,Not_Significant,#N/A,-2.582,2,0,1,1,2,3,24.668,20.324,19.625,23.689,24.248,24.426,,13.2,1.0
2422,Q6WKZ4,Rab11 family-interacting protein 1,RAB11FIP1,0.066,-0.069,,Not_Significant,#N/A,-0.069,2,1,2,0,1,0,21.254,21.754,21.499,22.162,21.554,20.998,,13.2,1.0
2423,Q6WRI0,Immunoglobulin superfamily member 10,IGSF10,2.243,-0.821,,Not_Significant,#N/A,-0.821,3,1,2,0,0,0,33.096,33.219,32.716,33.800,33.835,33.860,,13.2,1.0
2430,Q6ZNJ1,Neurobeachin-like protein 2,NBEAL2,0.676,0.401,,Not_Significant,#N/A,0.401,2,1,1,0,0,0,20.580,21.208,21.474,20.779,20.611,20.668,,13.1,1.0
2437,Q709C8,Vacuolar protein sorting-associated protein 13C,VPS13C,0.441,0.778,,Not_Significant,#N/A,0.778,4,3,5,0,0,0,21.197,19.591,21.808,19.420,20.696,20.146,,13.1,1.0
2440,Q70J99,Protein unc-13 homolog D,UNC13D,0.556,1.281,,Not_Significant,#N/A,1.281,0,1,2,0,0,0,20.174,22.248,22.654,19.737,21.755,19.740,,13.1,1.0
2442,Q71F56,Mediator of RNA polymerase II transcription subunit 13-like,MED13L,1.672,1.270,,Not_Significant,#N/A,1.270,2,1,3,0,0,0,21.937,21.106,22.214,20.460,20.333,20.653,,13.1,1.0
2443,Q71RC2,La-related protein 4,LARP4,0.095,-0.063,,Not_Significant,#N/A,-0.063,2,1,0,1,0,0,21.214,21.464,21.220,21.543,21.622,20.921,,13.1,1.0
2446,Q71UM5,40S ribosomal protein S27-like,RPS27L,0.072,0.303,,Not_Significant,#N/A,0.303,4,2,5,0,2,1,23.642,20.241,25.278,22.899,22.635,22.717,,13.1,1.0
2448,Q7KZ85,Transcription elongation factor SPT6,SUPT6H,1.399,1.645,,Not_Significant,#N/A,1.645,11,2,10,0,0,0,22.734,20.931,22.248,20.521,20.190,20.268,,13.1,1.0
2449,Q7KZF4,Staphylococcal nuclease domain-containing protein 1,SND1,0.259,-0.071,,Not_Significant,#N/A,-0.071,48,37,36,33,27,32,27.000,26.862,26.927,27.199,26.932,26.870,,13.1,1.0
2450,Q7KZI7,Serine/threonine-protein kinase MARK2,MARK2,0.649,0.268,,Not_Significant,#N/A,0.268,2,3,5,1,1,1,21.780,22.044,21.695,21.750,21.264,21.701,,13.1,1.0
2452,Q7L014,Probable ATP-dependent RNA helicase DDX46,DDX46,0.476,-0.186,,Not_Significant,#N/A,-0.186,20,13,17,12,11,9,23.380,22.929,23.063,23.214,23.198,23.519,,13.1,1.0
2453,Q7L0Y3,Mitochondrial ribonuclease P protein 1,TRMT10C,1.446,-0.955,,Not_Significant,#N/A,-0.955,11,6,8,8,13,10,22.549,22.720,23.001,23.344,24.255,23.536,,13.0,1.0
2454,Q7L1Q6,Basic leucine zipper and W2 domain-containing protein 1,BZW1,0.684,0.180,,Not_Significant,#N/A,0.180,2,2,2,2,2,3,22.772,22.542,22.745,22.421,22.697,22.402,,13.0,1.0
2456,Q7L2H7,Eukaryotic translation initiation factor 3 subunit M,EIF3M,0.353,1.499,,Not_Significant,#N/A,1.499,6,4,8,4,1,0,24.916,24.338,24.922,24.447,19.763,25.469,,13.0,1.0
2457,Q7L2J0,7SK snRNA methylphosphate capping enzyme,MEPCE,0.921,-1.661,,Not_Significant,#N/A,-1.661,1,0,1,3,0,1,22.110,19.666,19.881,22.582,22.476,21.584,,13.0,1.0
2459,Q7L576,Cytoplasmic FMR1-interacting protein 1,CYFIP1,0.170,0.076,,Not_Significant,#N/A,0.076,16,11,21,9,2,3,23.628,23.563,23.706,23.409,23.379,23.882,,13.0,1.0
2461,Q7L5N1,COP9 signalosome complex subunit 6,COPS6,2.545,0.693,,Not_Significant,#N/A,0.693,7,8,6,4,3,1,23.684,23.765,23.542,23.005,22.812,23.096,,13.0,1.0
2464,Q7L775,EPM2A-interacting protein 1,EPM2AIP1,0.550,0.609,,Not_Significant,#N/A,0.609,4,4,9,2,2,2,23.018,23.100,24.523,22.886,22.900,23.027,,13.0,1.0
2466,Q9H8S9;Q7L9L4,MOB kinase activator 1A;MOB kinase activator 1B,MOB1A;MOB1B,1.433,0.498,,Not_Significant,#N/A,0.498,7,3,4,3,3,3,23.033,22.709,22.988,22.618,22.435,22.184,,13.0,1.0
2467,Q7LBC6,Lysine-specific demethylase 3B,KDM3B,1.285,1.385,,Not_Significant,#N/A,1.385,5,1,1,0,0,0,22.153,21.173,20.546,19.869,19.593,20.255,,13.0,1.0
2468,Q7RTP6,Protein-methionine sulfoxide oxidase MICAL3,MICAL3,0.054,-0.438,,Not_Significant,#N/A,-0.438,1,2,1,2,1,1,20.335,26.250,25.906,26.793,26.463,20.550,,13.0,1.0
2469,Q7RTV0,PHD finger-like domain-containing protein 5A,PHF5A,0.245,-0.645,,Not_Significant,#N/A,-0.645,2,1,2,0,1,2,20.540,22.577,22.100,23.150,20.706,23.295,,12.9,1.0
2473,Q7Z2W4,Zinc finger CCCH-type antiviral protein 1,ZC3HAV1,1.449,-0.272,,Not_Significant,#N/A,-0.272,7,4,6,3,4,3,22.715,22.831,22.606,23.017,22.878,23.073,,12.9,1.0
2478,Q7Z3B4,Nucleoporin p54,NUP54,1.815,0.450,,Not_Significant,#N/A,0.450,8,8,7,5,2,6,23.626,23.693,23.693,23.114,23.112,23.438,,12.9,1.0
2481,Q7Z3U7,Protein MON2 homolog,MON2,1.315,0.367,,Not_Significant,#N/A,0.367,6,8,9,1,0,1,22.498,22.649,22.926,22.248,22.359,22.365,,12.9,1.0
2483,Q7Z417,Nuclear fragile X mental retardation-interacting protein 2,NUFIP2,1.404,-0.270,,Not_Significant,#N/A,-0.270,6,0,5,2,4,2,21.823,21.952,21.664,22.053,22.148,22.047,,12.9,1.0
2485,Q7Z478,ATP-dependent RNA helicase DHX29,DHX29,1.106,1.521,,Not_Significant,#N/A,1.521,5,2,7,1,0,0,21.707,21.991,22.015,20.864,19.117,21.169,,12.9,1.0
2493,Q7Z5L9,Interferon regulatory factor 2-binding protein 2,IRF2BP2,2.087,0.943,,Not_Significant,#N/A,0.943,12,8,9,5,3,5,24.413,24.035,24.304,23.361,23.011,23.550,,12.9,1.0
2495,Q7Z6E9,E3 ubiquitin-protein ligase RBBP6,RBBP6,0.752,-0.533,,Not_Significant,#N/A,-0.533,1,1,1,0,0,1,21.871,20.789,21.198,21.773,21.709,21.977,,12.9,1.0
2498,Q7Z6Z7,E3 ubiquitin-protein ligase HUWE1,HUWE1,1.315,0.331,,Not_Significant,#N/A,0.331,22,17,17,3,5,3,23.182,23.229,23.303,22.918,23.096,22.706,,12.9,1.0
2499,Q7Z739,YTH domain-containing family protein 3,YTHDF3,1.257,-0.357,,Not_Significant,#N/A,-0.357,6,4,2,4,6,4,24.486,24.284,24.375,24.889,24.825,24.502,,12.9,1.0
2502,Q7Z7F7,"39S ribosomal protein L55, mitochondrial",MRPL55,1.502,-1.503,,Not_Significant,#N/A,-1.503,1,0,4,2,0,0,20.255,20.206,21.560,22.399,21.937,22.194,,12.8,1.0
2505,Q86TB9,Protein PAT1 homolog 1,PATL1,0.106,-0.272,,Not_Significant,#N/A,-0.272,0,2,2,1,1,1,19.770,21.927,21.011,21.730,21.986,19.808,,12.8,1.0
2507,Q86TG7,Retrotransposon-derived protein PEG10,PEG10,0.140,0.396,,Not_Significant,#N/A,0.396,3,1,1,1,1,0,22.010,22.142,19.584,21.946,20.857,19.747,,12.8,1.0
2508,Q86TI2,Dipeptidyl peptidase 9,DPP9,0.353,0.536,,Not_Significant,#N/A,0.536,1,1,0,0,0,0,20.182,21.480,21.224,21.153,19.492,20.633,,12.8,1.0
2510,Q86TP1,Protein prune homolog,PRUNE,0.715,1.146,,Not_Significant,#N/A,1.146,2,3,2,0,0,0,22.588,22.097,20.315,20.832,20.036,20.693,,12.8,1.0
2511,Q86TU7,Histone-lysine N-methyltransferase setd3,SETD3,0.035,0.123,,Not_Significant,#N/A,0.123,3,0,2,0,0,0,22.286,20.330,22.495,23.384,19.988,21.369,,12.8,1.0
2512,Q86TX2;P49753,"Acyl-coenzyme A thioesterase 1;Acyl-coenzyme A thioesterase 2, mitochondrial",ACOT1;ACOT2,1.176,-0.380,,Not_Significant,#N/A,-0.380,4,8,4,7,4,5,22.908,23.194,23.371,23.664,23.531,23.420,,12.8,1.0
2515,Q86U42,Polyadenylate-binding protein 2,PABPN1,0.817,2.135,,Not_Significant,#N/A,2.135,4,4,1,1,0,0,24.129,23.253,20.299,20.045,20.109,21.123,,12.8,1.0
2516,Q86U44,N6-adenosine-methyltransferase 70 kDa subunit,METTL3,0.653,0.592,,Not_Significant,#N/A,0.592,4,0,7,1,0,0,22.215,21.116,22.146,21.059,21.003,21.640,,12.8,1.0
2518,Q86U86,Protein polybromo-1,PBRM1,0.943,1.301,,Not_Significant,#N/A,1.301,9,1,7,1,1,1,22.886,20.981,22.324,20.602,21.363,20.323,,12.8,1.0
2520,Q86UE4,Protein LYRIC,MTDH,0.460,-0.263,,Not_Significant,#N/A,-0.263,9,4,6,4,6,1,23.282,22.766,22.471,23.074,23.234,23.002,,12.7,1.0
2522,Q86UK7,Zinc finger protein 598,ZNF598,0.093,0.133,,Not_Significant,#N/A,0.133,0,0,1,0,0,0,20.371,20.709,20.779,19.579,20.599,21.281,,12.7,1.0
2523,Q86UP2,Kinectin,KTN1,1.096,-0.208,,Not_Significant,#N/A,-0.208,58,30,42,31,34,39,25.086,24.793,25.001,25.169,25.133,25.204,,12.7,1.0
2524,Q86UU0,B-cell CLL/lymphoma 9-like protein,BCL9L,1.584,-0.791,,Not_Significant,#N/A,-0.791,1,0,1,0,0,0,19.770,19.045,19.434,20.222,20.039,20.362,,12.7,1.0
2526,Q86UV5,Ubiquitin carboxyl-terminal hydrolase 48,USP48,1.662,0.875,,Not_Significant,#N/A,0.875,2,0,3,0,0,2,20.508,20.407,21.002,20.050,19.718,19.523,,12.7,1.0
2528,Q86V15,Zinc finger protein castor homolog 1,CASZ1,0.778,0.628,,Not_Significant,#N/A,0.628,2,0,5,0,0,0,21.487,20.529,21.644,20.618,20.353,20.804,,12.7,1.0
2529,Q86V21,Acetoacetyl-CoA synthetase,AACS,0.615,0.821,,Not_Significant,#N/A,0.821,0,5,4,1,1,0,22.346,22.648,22.516,22.321,22.229,20.499,,12.7,1.0
2531,Q86V81,THO complex subunit 4,ALYREF,1.210,-0.782,,Not_Significant,#N/A,-0.782,11,6,10,11,7,9,25.596,24.726,25.058,26.242,25.715,25.770,,12.7,1.0
2532,Q86VI3,Ras GTPase-activating-like protein IQGAP3,IQGAP3,0.383,-0.456,,Not_Significant,#N/A,-0.456,1,1,0,0,0,0,23.742,22.936,22.971,22.825,24.162,24.028,,12.7,1.0
2533,Q86VM9,Zinc finger CCCH domain-containing protein 18,ZC3H18,0.074,0.140,,Not_Significant,#N/A,0.140,2,1,2,1,0,0,22.566,23.026,21.225,21.658,21.833,22.907,,12.7,1.0
2535,Q86VP6,Cullin-associated NEDD8-dissociated protein 1,CAND1,1.795,0.499,,Not_Significant,#N/A,0.499,41,42,44,21,21,21,26.176,26.240,26.424,25.741,25.631,25.971,,12.6,1.0
2536,Q86VS8,Protein Hook homolog 3,HOOK3,1.069,-0.621,,Not_Significant,#N/A,-0.621,6,3,2,2,2,4,21.485,21.430,22.244,22.192,22.429,22.400,,12.6,1.0
2538,Q86W42,THO complex subunit 6 homolog,THOC6,0.003,0.010,,Not_Significant,#N/A,0.010,4,0,2,1,0,0,21.305,20.060,22.404,21.619,19.782,22.338,,12.6,1.0
2543,Q86WU2,"Probable D-lactate dehydrogenase, mitochondrial",LDHD,1.349,-1.756,,Not_Significant,#N/A,-1.756,0,0,0,0,1,1,21.329,19.501,19.878,21.535,22.371,22.072,,12.6,1.0
2547,Q86X55,Histone-arginine methyltransferase CARM1,CARM1,0.860,0.312,,Not_Significant,#N/A,0.312,6,5,6,4,1,4,23.728,23.486,23.804,23.279,23.172,23.631,,12.6,1.0
2548,Q86X76,Nitrilase homolog 1,NIT1,1.853,0.595,,Not_Significant,#N/A,0.595,3,5,1,4,4,0,23.534,23.315,23.043,22.693,22.681,22.732,,12.6,1.0
2552,Q86XP3,ATP-dependent RNA helicase DDX42,DDX42,0.236,0.211,,Not_Significant,#N/A,0.211,14,5,12,4,4,3,23.719,23.334,23.552,23.543,23.760,22.670,,12.6,1.0
2556,Q86Y56,"Dynein assembly factor 5, axonemal",DNAAF5,0.795,0.622,,Not_Significant,#N/A,0.622,7,6,4,6,1,3,22.618,22.189,23.114,22.365,22.142,21.548,,12.6,1.0
2562,Q8IU81,Interferon regulatory factor 2-binding protein 1,IRF2BP1,1.094,1.552,,Not_Significant,#N/A,1.552,5,3,8,0,0,0,22.604,22.331,22.871,20.686,22.310,20.153,,12.6,1.0
2567,Q8IUR7,Armadillo repeat-containing protein 8,ARMC8,0.053,-0.066,,Not_Significant,#N/A,-0.066,2,1,1,0,1,1,20.388,20.153,21.442,21.019,20.471,20.689,,12.6,1.0
2568,Q8IV36,Protein HID1,HID1,0.725,0.380,,Not_Significant,#N/A,0.380,5,0,3,0,0,0,21.871,21.639,21.835,21.731,21.512,20.963,,12.5,1.0
2570,Q8IVD9,NudC domain-containing protein 3,NUDCD3,0.841,1.220,,Not_Significant,#N/A,1.220,5,2,3,2,2,0,22.414,22.234,22.578,19.914,22.162,21.491,,12.5,1.0
2571,Q8IVF2,Protein AHNAK2,AHNAK2,0.578,1.184,,Not_Significant,#N/A,1.184,5,3,0,0,1,2,22.732,23.131,22.917,19.942,22.787,22.501,,12.5,1.0
2573,Q8IVS2,"Malonyl-CoA-acyl carrier protein transacylase, mitochondrial",MCAT,0.184,-0.220,,Not_Significant,#N/A,-0.220,1,0,1,3,2,0,21.196,19.885,21.273,20.947,20.918,21.150,,12.5,1.0
2579,Q8IWS0,PHD finger protein 6,PHF6,0.630,0.764,,Not_Significant,#N/A,0.764,3,1,1,0,0,0,21.607,20.249,21.600,20.014,20.997,20.152,,12.5,1.0
2580,Q8IWV7,E3 ubiquitin-protein ligase UBR1,UBR1,0.344,0.374,,Not_Significant,#N/A,0.374,1,1,2,0,0,0,21.446,20.119,21.325,20.838,20.617,20.312,,12.5,1.0
2582,Q8IWX8,Calcium homeostasis endoplasmic reticulum protein,CHERP,0.334,0.133,,Not_Significant,#N/A,0.133,5,1,6,6,2,5,22.949,22.478,22.598,22.543,22.396,22.687,,12.5,1.0
2583,Q8IWZ3,Ankyrin repeat and KH domain-containing protein 1,ANKHD1,0.945,0.454,,Not_Significant,#N/A,0.454,4,2,4,2,1,1,24.102,23.412,23.630,23.353,23.359,23.071,,12.5,1.0
2585,Q8IX01,SURP and G-patch domain-containing protein 2,SUGP2,1.056,-2.509,,Not_Significant,#N/A,-2.509,1,0,0,0,0,1,21.026,19.718,19.383,23.697,23.393,20.564,,12.5,1.0
2587,Q8IX12,Cell division cycle and apoptosis regulator protein 1,CCAR1,1.118,0.662,,Not_Significant,#N/A,0.662,11,3,10,3,1,1,23.589,23.363,23.472,23.148,22.277,23.013,,12.5,1.0
2591,Q8IXI1,Mitochondrial Rho GTPase 2,RHOT2,0.241,0.488,,Not_Significant,#N/A,0.488,4,5,3,1,3,1,22.303,22.655,22.981,23.113,22.738,20.624,,12.4,1.0
2603,Q8IYB3,Serine/arginine repetitive matrix protein 1,SRRM1,0.727,-0.415,,Not_Significant,#N/A,-0.415,4,2,1,3,2,2,23.370,22.769,23.211,23.294,23.394,23.906,,12.4,1.0
2604,Q8IYB5,Stromal membrane-associated protein 1,SMAP1,0.027,-0.063,,Not_Significant,#N/A,-0.063,1,0,2,1,0,1,22.560,21.006,20.676,21.894,20.438,22.100,,12.4,1.0
2608,Q8IYI6,Exocyst complex component 8,EXOC8,0.682,1.608,,Not_Significant,#N/A,1.608,3,1,2,1,0,1,22.727,23.543,24.127,19.874,22.932,22.766,,12.4,1.0
2613,Q8IZH2,5-3 exoribonuclease 1,XRN1,0.050,-0.038,,Not_Significant,#N/A,-0.038,3,1,5,2,1,0,21.725,21.507,21.875,21.281,21.858,22.083,,12.4,1.0
2614,Q8IZL8,"Proline-, glutamic acid- and leucine-rich protein 1",PELP1,1.299,1.353,,Not_Significant,#N/A,1.353,2,0,2,0,0,0,21.567,20.445,22.084,20.112,19.890,20.034,,12.4,1.0
2615,Q8IZP0,Abl interactor 1,ABI1,1.104,0.382,,Not_Significant,#N/A,0.382,2,3,2,3,2,2,22.929,22.957,23.333,22.848,22.711,22.512,,12.4,1.0
2619,Q8N0W3,L-fucose kinase,FUK,0.410,0.823,,Not_Significant,#N/A,0.823,1,2,2,0,0,1,22.752,22.087,22.991,20.200,22.314,22.846,,12.4,1.0
2622,Q8N163,Cell cycle and apoptosis regulator protein 2,CCAR2,0.838,-0.345,,Not_Significant,#N/A,-0.345,27,16,21,15,14,16,25.116,24.597,24.881,25.204,25.008,25.417,,12.4,1.0
2624,Q8N1F7,Nuclear pore complex protein Nup93,NUP93,2.209,0.451,,Not_Significant,#N/A,0.451,22,29,25,11,13,8,24.410,24.538,24.693,24.125,24.046,24.118,,12.4,1.0
2628,Q8N1G4,Leucine-rich repeat-containing protein 47,LRRC47,0.684,-0.125,,Not_Significant,#N/A,-0.125,5,6,4,2,5,5,23.331,23.067,23.294,23.350,23.369,23.347,,12.3,1.0
2631,Q8N201,Integrator complex subunit 1,INTS1,0.680,1.234,,Not_Significant,#N/A,1.234,2,2,2,0,0,0,22.836,22.729,22.537,22.914,20.076,21.409,,12.3,1.0
2634,Q8N335,Glycerol-3-phosphate dehydrogenase 1-like protein,GPD1L,0.467,-0.776,,Not_Significant,#N/A,-0.776,1,1,1,0,1,0,21.202,20.377,22.683,21.762,22.619,22.209,,12.3,1.0
2635,Q8N3C0,Activating signal cointegrator 1 complex subunit 3,ASCC3,0.034,0.013,,Not_Significant,#N/A,0.013,6,3,2,1,0,2,22.417,22.263,22.415,22.197,22.273,22.587,,12.3,1.0
2636,Q8N3K9,Cardiomyopathy-associated protein 5,CMYA5,1.039,0.636,,Not_Significant,#N/A,0.636,1,3,1,1,0,0,25.652,26.517,25.733,25.207,25.304,25.484,,12.3,1.0
2637,Q8N3P4,Vacuolar protein sorting-associated protein 8 homolog,VPS8,0.120,0.185,,Not_Significant,#N/A,0.185,1,0,3,0,0,0,19.802,21.213,21.423,21.097,20.485,20.300,,12.3,1.0
2638,Q8N3U4,Cohesin subunit SA-2,STAG2,0.041,-0.092,,Not_Significant,#N/A,-0.092,3,0,0,0,0,0,22.313,20.269,19.859,20.720,20.908,21.088,,12.3,1.0
2639,Q8N4Q0,Zinc-binding alcohol dehydrogenase domain-containing protein 2,ZADH2,1.153,-1.666,,Not_Significant,#N/A,-1.666,2,0,1,4,4,4,19.936,21.404,21.181,23.503,22.123,21.893,,12.3,1.0
2652,Q8N6H7,ADP-ribosylation factor GTPase-activating protein 2,ARFGAP2,1.132,0.306,,Not_Significant,#N/A,0.306,7,10,14,3,1,7,24.110,24.002,23.990,23.945,23.713,23.526,,12.3,1.0
2653,Q8N6M0,OTU domain-containing protein 6B,OTUD6B,0.268,-1.242,,Not_Significant,#N/A,-1.242,0,1,0,1,0,2,20.339,23.654,19.563,19.707,23.897,23.677,,12.3,1.0
2656,Q8N6T3,ADP-ribosylation factor GTPase-activating protein 1,ARFGAP1,0.397,-0.575,,Not_Significant,#N/A,-0.575,2,0,1,2,1,1,22.032,20.691,22.774,22.389,22.529,22.305,,12.2,1.0
2657,Q8N766,ER membrane protein complex subunit 1,EMC1,0.323,0.622,,Not_Significant,#N/A,0.622,3,3,3,1,0,0,22.446,20.888,22.891,22.436,20.747,21.178,,12.2,1.0
2658,Q8N7H5,RNA polymerase II-associated factor 1 homolog,PAF1,0.001,0.001,,Not_Significant,#N/A,0.001,3,0,1,1,1,0,20.979,19.971,20.033,20.328,20.591,20.061,,12.2,1.0
2662,Q8N8S7,Protein enabled homolog,ENAH,0.270,0.248,,Not_Significant,#N/A,0.248,9,4,3,1,1,2,23.794,22.929,22.759,23.139,22.560,23.040,,12.2,1.0
2665,Q8N983,"39S ribosomal protein L43, mitochondrial",MRPL43,1.846,-0.551,,Not_Significant,#N/A,-0.551,3,5,5,5,3,4,22.441,22.668,22.870,23.166,23.306,23.160,,12.2,1.0
2666,Q8N9L9,Acyl-coenzyme A thioesterase 4,ACOT4,0.902,-2.081,,Not_Significant,#N/A,-2.081,0,0,0,4,5,0,20.309,20.722,19.170,23.009,23.225,20.209,,12.2,1.0
2671,Q8NAV1,Pre-mRNA-splicing factor 38A,PRPF38A,1.158,-1.098,,Not_Significant,#N/A,-1.098,4,0,1,2,1,2,21.770,20.279,20.698,22.080,21.942,22.018,,12.2,1.0
2673,Q8NB90,Spermatogenesis-associated protein 5,SPATA5,0.635,-0.928,,Not_Significant,#N/A,-0.928,2,0,2,2,2,2,22.681,20.926,20.727,22.029,22.304,22.784,,12.2,1.0
2674,Q8NBF2,NHL repeat-containing protein 2,NHLRC2,0.433,0.298,,Not_Significant,#N/A,0.298,4,1,5,2,0,0,22.155,21.271,21.739,21.523,21.614,21.134,,12.2,1.0
2679,Q8NBU5,ATPase family AAA domain-containing protein 1,ATAD1,0.862,-0.448,,Not_Significant,#N/A,-0.448,5,4,3,3,2,3,22.460,22.811,22.382,22.845,23.400,22.751,,12.2,1.0
2680,Q8NC51,Plasminogen activator inhibitor 1 RNA-binding protein,SERBP1,0.650,-0.512,,Not_Significant,#N/A,-0.512,21,9,6,12,8,5,25.389,24.835,24.306,25.506,25.546,25.016,,12.1,1.0
2681,Q8NC56,LEM domain-containing protein 2,LEMD2,0.028,-0.114,,Not_Significant,#N/A,-0.114,7,1,4,4,3,4,23.469,19.988,22.849,23.212,22.941,20.494,,12.1,1.0
2683,Q8NCA5,Protein FAM98A,FAM98A,0.199,-0.087,,Not_Significant,#N/A,-0.087,11,3,8,6,4,11,23.905,23.566,23.601,24.030,23.691,23.611,,12.1,1.0
2687,Q8ND04,Protein SMG8,SMG8,0.069,-0.054,,Not_Significant,#N/A,-0.054,0,0,0,0,0,0,20.212,20.965,20.109,20.385,20.555,20.509,,12.1,1.0
2688,Q8ND24,RING finger protein 214,RNF214,0.010,0.041,,Not_Significant,#N/A,0.041,4,0,2,1,4,2,22.486,19.956,22.146,19.384,22.479,22.603,,12.1,1.0
2698,Q8NE71,ATP-binding cassette sub-family F member 1,ABCF1,0.571,0.135,,Not_Significant,#N/A,0.135,23,16,19,13,13,10,23.627,23.361,23.442,23.327,23.469,23.229,,12.1,1.0
2712,Q8NFF5,FAD synthase;Molybdenum cofactor biosynthesis protein-like region;FAD synthase region,FLAD1,0.519,0.911,,Not_Significant,#N/A,0.911,4,2,2,3,2,1,22.313,22.479,22.757,22.377,22.354,20.086,,12.1,1.0
2713,Q8NFH3,Nucleoporin Nup43,NUP43,0.979,1.802,,Not_Significant,#N/A,1.802,2,2,3,2,1,2,22.304,22.567,23.470,19.446,21.433,22.056,,12.1,1.0
2714,Q8NFH4,Nucleoporin Nup37,NUP37,0.662,-0.384,,Not_Significant,#N/A,-0.384,2,1,2,0,2,1,21.895,21.243,22.014,21.976,22.315,22.014,,12.1,1.0
2715,Q8NFH5,Nucleoporin NUP53,NUP35,2.767,0.731,,Not_Significant,#N/A,0.731,10,7,8,5,5,2,23.283,23.270,23.435,22.761,22.536,22.498,,12.1,1.0
2718,Q8NFU3,Thiosulfate sulfurtransferase/rhodanese-like domain-containing protein 1,TSTD1,0.404,1.586,,Not_Significant,#N/A,1.586,5,3,4,4,3,1,24.938,24.695,24.895,24.889,24.947,19.932,,12.0,1.0
2720,Q8NFW8,N-acylneuraminate cytidylyltransferase,CMAS,0.301,0.283,,Not_Significant,#N/A,0.283,12,3,9,3,3,3,23.474,22.569,23.796,23.204,22.853,22.933,,12.0,1.0
2727,Q8NI27,THO complex subunit 2,THOC2,0.797,0.858,,Not_Significant,#N/A,0.858,1,2,4,0,0,0,21.511,20.080,21.615,20.308,20.179,20.145,,12.0,1.0
2731,Q8TAG9,Exocyst complex component 6,EXOC6,0.525,0.646,,Not_Significant,#N/A,0.646,3,3,2,1,1,2,20.484,21.463,21.707,20.633,19.867,21.218,,12.0,1.0
2735,Q8TAT6,Nuclear protein localization protein 4 homolog,NPLOC4,0.283,0.272,,Not_Significant,#N/A,0.272,10,3,5,2,1,2,23.818,22.818,23.814,23.465,22.818,23.351,,12.0,1.0
2739,Q8TBA6,Golgin subfamily A member 5,GOLGA5,1.624,-1.213,,Not_Significant,#N/A,-1.213,2,1,3,0,1,4,19.845,20.601,20.878,21.592,21.437,21.933,,12.0,1.0
2741,Q8TBX8,Phosphatidylinositol 5-phosphate 4-kinase type-2 gamma,PIP4K2C,0.591,1.309,,Not_Significant,#N/A,1.309,4,3,8,2,2,2,23.372,23.524,23.479,20.174,23.203,23.072,,12.0,1.0
2742,Q8TBZ2,MYCBP-associated protein,MYCBPAP,1.436,-0.590,,Not_Significant,#N/A,-0.590,0,0,0,0,0,0,26.099,26.332,26.615,26.740,26.922,27.153,,12.0,1.0
2743,Q8TC07,TBC1 domain family member 15,TBC1D15,0.297,0.298,,Not_Significant,#N/A,0.298,9,6,10,2,5,5,23.307,23.548,24.477,23.279,23.285,23.873,,12.0,1.0
2744,Q8TC12,Retinol dehydrogenase 11,RDH11,0.267,0.103,,Not_Significant,#N/A,0.103,7,4,8,6,4,4,23.959,23.502,23.519,23.560,23.494,23.618,,12.0,1.0
2746,Q8TCJ2,Dolichyl-diphosphooligosaccharide--protein glycosyltransferase subunit STT3B,STT3B,0.052,0.272,,Not_Significant,#N/A,0.272,4,1,5,1,0,0,23.442,19.690,23.924,23.280,19.681,23.278,,11.9,1.0
2751,Q8TD19,Serine/threonine-protein kinase Nek9,NEK9,1.728,-0.242,,Not_Significant,#N/A,-0.242,8,6,13,3,3,12,22.849,22.851,22.786,23.117,22.952,23.142,,11.9,1.0
2755,Q8TDN6,Ribosome biogenesis protein BRX1 homolog,BRIX1,0.705,1.564,,Not_Significant,#N/A,1.564,2,1,0,0,0,0,23.139,22.841,20.549,20.180,21.791,19.866,,11.9,1.0
2758,Q8TE68,Epidermal growth factor receptor kinase substrate 8-like protein 1,EPS8L1,0.914,0.225,,Not_Significant,#N/A,0.225,10,6,6,4,1,3,23.104,23.200,23.244,22.912,22.799,23.162,,11.9,1.0
2759,Q8TE77,Protein phosphatase Slingshot homolog 3,SSH3,1.621,0.595,,Not_Significant,#N/A,0.595,11,9,12,4,3,2,24.174,23.720,24.162,23.554,23.427,23.291,,11.9,1.0
2761,Q8TEA8,D-tyrosyl-tRNA(Tyr) deacylase 1,DTD1,0.063,-0.024,,Not_Significant,#N/A,-0.024,2,3,1,1,2,1,21.649,21.886,21.963,21.927,21.970,21.673,,11.9,1.0
2764,Q8TEM1,Nuclear pore membrane glycoprotein 210,NUP210,0.123,0.043,,Not_Significant,#N/A,0.043,33,28,33,22,17,17,24.452,24.505,24.728,24.575,24.334,24.649,,11.9,1.0
2765,Q8TEQ6,Gem-associated protein 5,GEMIN5,2.231,-0.324,,Not_Significant,#N/A,-0.324,10,7,14,7,8,8,22.873,22.741,22.918,23.190,23.204,23.110,,11.9,1.0
2766,Q8TEX9,Importin-4,IPO4,1.049,0.882,,Not_Significant,#N/A,0.882,6,8,6,1,2,0,22.141,22.429,22.520,21.487,22.134,20.824,,11.9,1.0
2771,Q8WTW3,Conserved oligomeric Golgi complex subunit 1,COG1,0.603,0.357,,Not_Significant,#N/A,0.357,1,1,0,0,0,0,21.869,22.111,21.876,21.232,21.469,22.083,,11.9,1.0
2777,Q8WUD4,Coiled-coil domain-containing protein 12,CCDC12,1.177,2.689,,Not_Significant,#N/A,2.689,3,0,1,0,0,0,22.866,22.895,23.244,22.442,19.123,19.375,,11.8,1.0
2778,Q8WUF5,RelA-associated inhibitor,PPP1R13L,1.642,0.553,,Not_Significant,#N/A,0.553,10,7,11,4,1,3,23.833,23.878,24.293,23.495,23.495,23.353,,11.8,1.0
2781,Q8WUM0,Nuclear pore complex protein Nup133,NUP133,0.682,0.922,,Not_Significant,#N/A,0.922,17,20,18,4,3,1,24.248,24.061,24.362,24.129,23.659,22.116,,11.8,1.0
2782,Q8WUM4,Programmed cell death 6-interacting protein,PDCD6IP,1.666,0.303,,Not_Significant,#N/A,0.303,47,44,40,29,32,27,25.598,25.849,25.693,25.478,25.345,25.411,,11.8,1.0
2783,Q8WUW1,Protein BRICK1,BRK1,0.807,0.687,,Not_Significant,#N/A,0.687,1,2,3,0,0,0,21.754,21.193,21.536,21.521,20.394,20.507,,11.8,1.0
2784,Q8WUY1,Protein THEM6,THEM6,0.823,1.014,,Not_Significant,#N/A,1.014,4,2,4,0,1,0,22.841,22.586,22.774,20.651,21.935,22.574,,11.8,1.0
2785,Q8WUZ0,B-cell CLL/lymphoma 7 protein family member C,BCL7C,0.685,1.357,,Not_Significant,#N/A,1.357,0,0,0,0,0,0,22.557,22.702,20.195,19.853,20.347,21.183,,11.8,1.0
2787,Q8WVC0,RNA polymerase-associated protein LEO1,LEO1,0.010,0.032,,Not_Significant,#N/A,0.032,2,0,0,0,0,0,21.825,19.568,21.829,22.527,20.206,20.392,,11.8,1.0
2788,Q8WVJ2,NudC domain-containing protein 2,NUDCD2,1.964,0.497,,Not_Significant,#N/A,0.497,4,5,6,2,0,1,24.188,23.892,23.890,23.432,23.458,23.590,,11.8,1.0
2790,Q8WVM0,"Dimethyladenosine transferase 1, mitochondrial",TFB1M,1.130,-1.134,,Not_Significant,#N/A,-1.134,0,0,0,2,2,0,20.608,20.973,19.598,21.363,21.984,21.234,,11.8,1.0
2792,Q8WVM8,Sec1 family domain-containing protein 1,SCFD1,0.908,0.368,,Not_Significant,#N/A,0.368,11,7,13,3,3,3,23.793,23.636,23.237,23.015,23.329,23.216,,11.7,1.0
2794,Q8WVV4,Protein POF1B,POF1B,0.018,0.036,,Not_Significant,#N/A,0.036,3,0,1,0,3,0,21.142,21.396,20.946,20.203,22.358,20.813,,11.7,1.0
2796,Q8WVX9,Fatty acyl-CoA reductase 1,FAR1,1.449,-1.532,,Not_Significant,#N/A,-1.532,2,2,2,1,3,2,21.437,20.260,19.922,22.013,22.399,21.804,,11.7,1.0
2797,Q8WW12,PEST proteolytic signal-containing nuclear protein,PCNP,0.737,0.350,,Not_Significant,#N/A,0.350,4,2,1,0,0,0,22.612,22.106,22.455,21.854,22.356,21.912,,11.7,1.0
2803,Q8WWM7,Ataxin-2-like protein,ATXN2L,0.015,-0.009,,Not_Significant,#N/A,-0.009,14,6,13,5,3,6,22.975,22.437,23.010,22.711,22.850,22.886,,11.7,1.0
2805,Q8WWY3,U4/U6 small nuclear ribonucleoprotein Prp31,PRPF31,0.331,-0.412,,Not_Significant,#N/A,-0.412,6,5,3,1,1,1,23.293,22.814,22.865,23.012,22.822,24.375,,11.7,1.0
2807,Q8WX93,Palladin,PALLD,0.028,-0.020,,Not_Significant,#N/A,-0.020,3,0,1,2,1,0,20.396,20.578,21.049,20.875,20.455,20.751,,11.7,1.0
2810,Q8WXD5,Gem-associated protein 6,GEMIN6,0.995,-1.189,,Not_Significant,#N/A,-1.189,2,1,0,3,1,2,21.877,20.018,20.530,22.003,21.849,22.141,,11.7,1.0
2814,Q8WXH0,Nesprin-2,SYNE2,0.569,-0.186,,Not_Significant,#N/A,-0.186,5,1,4,3,7,3,22.281,22.346,22.112,22.565,22.178,22.554,,11.7,1.0
2816,Q8WXX5,DnaJ homolog subfamily C member 9,DNAJC9,0.542,0.306,,Not_Significant,#N/A,0.306,9,6,8,3,5,4,23.627,22.988,23.203,23.149,23.112,22.639,,11.7,1.0
2819,Q8WYA6,Beta-catenin-like protein 1,CTNNBL1,1.487,0.688,,Not_Significant,#N/A,0.688,9,2,4,2,0,0,23.859,23.347,23.660,22.644,23.170,22.986,,11.6,1.0
2821,Q8WZ42,Titin,TTN,0.178,-0.661,,Not_Significant,#N/A,-0.661,0,1,0,0,0,2,20.902,23.115,20.814,19.915,23.176,23.722,,11.6,1.0
2824,Q92499,ATP-dependent RNA helicase DDX1,DDX1,0.081,-0.044,,Not_Significant,#N/A,-0.044,20,13,17,8,11,12,25.039,24.430,24.812,24.783,24.689,24.942,,11.6,1.0
2825,Q92504,Zinc transporter SLC39A7,SLC39A7,0.539,1.658,,Not_Significant,#N/A,1.658,3,1,1,0,2,0,23.158,22.980,23.099,19.884,24.124,20.255,,11.6,1.0
2826,Q92506,Estradiol 17-beta-dehydrogenase 8,HSD17B8,0.487,0.677,,Not_Significant,#N/A,0.677,4,3,6,4,3,3,22.571,22.327,22.438,22.132,20.594,22.579,,11.6,1.0
2827,Q92522,Histone H1x,H1FX,0.185,-0.328,,Not_Significant,#N/A,-0.328,7,4,3,2,1,1,24.265,23.340,22.543,24.277,24.052,22.804,,11.6,1.0
2830,Q92538,Golgi-specific brefeldin A-resistance guanine nucleotide exchange factor 1,GBF1,1.878,0.440,,Not_Significant,#N/A,0.440,9,4,8,2,3,2,21.811,21.963,21.751,21.491,21.237,21.478,,11.6,1.0
2832,Q92541,RNA polymerase-associated protein RTF1 homolog,RTF1,1.011,1.203,,Not_Significant,#N/A,1.203,4,1,1,1,0,0,21.317,21.321,20.603,18.975,19.934,20.721,,11.6,1.0
2833,Q92552,"28S ribosomal protein S27, mitochondrial",MRPS27,0.772,-1.090,,Not_Significant,#N/A,-1.090,2,4,9,3,5,3,20.877,22.476,22.849,23.045,23.614,22.812,,11.6,1.0
2839,Q92598,Heat shock protein 105 kDa,HSPH1,0.703,1.217,,Not_Significant,#N/A,1.217,4,10,2,4,1,2,22.539,22.971,21.972,22.572,20.028,21.231,,11.6,1.0
2840,Q92599,Septin-8,44447,0.537,0.221,,Not_Significant,#N/A,0.221,10,9,17,7,4,6,24.342,24.293,24.786,24.136,24.191,24.432,,11.5,1.0
2841,Q92600,Cell differentiation protein RCD1 homolog,RQCD1,0.490,0.402,,Not_Significant,#N/A,0.402,3,1,3,0,0,0,21.466,21.771,21.090,21.612,20.605,20.903,,11.5,1.0
2842,Q92609,TBC1 domain family member 5,TBC1D5,0.534,0.418,,Not_Significant,#N/A,0.418,4,1,4,0,0,0,21.405,21.842,22.000,21.599,21.654,20.740,,11.5,1.0
2845,Q92615,La-related protein 4B,LARP4B,0.049,0.008,,Not_Significant,#N/A,0.008,2,2,1,4,1,2,21.983,21.938,21.814,21.918,21.939,21.855,,11.5,1.0
2846,Q92616,Translational activator GCN1,GCN1L1,3.518,0.219,,Not_Significant,#N/A,0.219,64,67,61,36,33,35,24.787,24.783,24.736,24.556,24.562,24.532,,11.5,1.0
2848,Q92621,Nuclear pore complex protein Nup205,NUP205,1.586,0.539,,Not_Significant,#N/A,0.539,19,15,22,9,4,9,23.762,23.835,24.145,23.261,23.283,23.580,,11.5,1.0
2850,Q92643,GPI-anchor transamidase,PIGK,0.614,0.434,,Not_Significant,#N/A,0.434,3,2,3,2,0,0,21.556,21.519,21.295,20.410,21.365,21.292,,11.5,1.0
2851,Q92665,"28S ribosomal protein S31, mitochondrial",MRPS31,0.158,-0.666,,Not_Significant,#N/A,-0.666,2,0,2,3,4,3,22.033,20.674,22.627,19.514,24.022,23.796,,11.5,1.0
2852,Q92688,Acidic leucine-rich nuclear phosphoprotein 32 family member B,ANP32B,1.174,1.200,,Not_Significant,#N/A,1.200,0,2,0,0,0,0,20.792,22.138,22.080,20.088,20.600,20.723,,11.5,1.0
2853,Q92696,Geranylgeranyl transferase type-2 subunit alpha,RABGGTA,0.663,0.868,,Not_Significant,#N/A,0.868,1,1,2,0,1,0,21.160,19.875,21.690,20.385,20.179,19.556,,11.5,1.0
2854,Q92733,Proline-rich protein PRCC,PRCC,0.926,0.767,,Not_Significant,#N/A,0.767,0,0,0,0,0,0,21.389,20.145,21.160,20.245,20.113,20.033,,11.4,1.0
2856,Q92747,Actin-related protein 2/3 complex subunit 1A,ARPC1A,0.149,0.076,,Not_Significant,#N/A,0.076,5,4,4,4,3,4,23.393,23.571,23.726,23.447,23.225,23.789,,11.4,1.0
2859,Q92766,Ras-responsive element-binding protein 1,RREB1,0.763,2.752,,Not_Significant,#N/A,2.752,2,0,2,0,0,0,23.664,19.569,25.042,20.207,19.542,20.270,,11.4,1.0
2860,Q92769,Histone deacetylase 2,HDAC2,1.093,1.795,,Not_Significant,#N/A,1.795,2,4,4,2,0,1,23.352,23.203,23.599,20.067,22.266,22.438,,11.4,1.0
2861,Q92783,Signal transducing adapter molecule 1,STAM,1.722,-0.780,,Not_Significant,#N/A,-0.780,8,1,3,1,1,1,22.517,21.821,22.088,22.980,22.894,22.893,,11.4,1.0
2863,Q92793,CREB-binding protein,CREBBP,0.103,-0.273,,Not_Significant,#N/A,-0.273,5,0,9,0,0,0,20.665,18.625,21.466,20.534,19.764,21.277,,11.4,1.0
2865,Q92797,Symplekin,SYMPK,1.059,1.203,,Not_Significant,#N/A,1.203,5,1,2,0,0,0,21.675,20.421,21.879,20.549,19.601,20.217,,11.4,1.0
2866,Q92804,TATA-binding protein-associated factor 2N,TAF15,1.354,-1.343,,Not_Significant,#N/A,-1.343,6,2,3,6,5,4,24.740,23.672,24.302,25.522,25.015,26.206,,11.4,1.0
2868,Q92817,Envoplakin,EVPL,0.608,0.291,,Not_Significant,#N/A,0.291,28,28,37,9,17,13,24.705,24.571,25.218,24.527,24.401,24.694,,11.4,1.0
2870,Q92841,Probable ATP-dependent RNA helicase DDX17,DDX17,2.230,-0.713,,Not_Significant,#N/A,-0.713,23,18,19,21,20,26,24.995,24.728,24.830,25.477,25.437,25.780,,11.4,1.0
2871,Q92878,DNA repair protein RAD50,RAD50,0.356,0.211,,Not_Significant,#N/A,0.211,14,4,15,7,11,11,23.428,22.760,23.389,22.936,22.802,23.206,,11.3,1.0
2872,Q92879,CUGBP Elav-like family member 1,CELF1,2.308,-0.914,,Not_Significant,#N/A,-0.914,5,3,2,5,4,4,22.797,23.168,22.942,23.788,23.737,24.125,,11.3,1.0
2873,Q92882,Osteoclast-stimulating factor 1,OSTF1,0.711,-0.324,,Not_Significant,#N/A,-0.324,7,5,5,3,2,2,24.161,23.555,23.734,24.199,23.937,24.285,,11.3,1.0
2874,Q92888,Rho guanine nucleotide exchange factor 1,ARHGEF1,0.553,0.849,,Not_Significant,#N/A,0.849,4,1,2,0,0,0,21.043,21.000,21.139,21.312,18.974,20.350,,11.3,1.0
2875,Q92890,Ubiquitin fusion degradation protein 1 homolog,UFD1L,1.769,0.474,,Not_Significant,#N/A,0.474,5,2,3,1,1,0,23.193,23.002,23.000,22.480,22.499,22.795,,11.3,1.0
2876,Q92896,Golgi apparatus protein 1,GLG1,0.308,0.361,,Not_Significant,#N/A,0.361,1,1,2,0,1,0,20.764,21.292,21.387,19.917,21.143,21.299,,11.3,1.0
2877,Q92900,Regulator of nonsense transcripts 1,UPF1,2.118,-0.628,,Not_Significant,#N/A,-0.628,18,13,21,22,18,24,23.448,23.244,23.169,24.021,23.725,23.997,,11.3,1.0
2878,Q92905,COP9 signalosome complex subunit 5,COPS5,0.882,0.686,,Not_Significant,#N/A,0.686,5,4,8,0,2,3,23.408,22.513,22.346,21.837,22.024,22.349,,11.3,1.0
2880,Q92917,G patch domain and KOW motifs-containing protein,GPKOW,0.232,0.182,,Not_Significant,#N/A,0.182,2,1,2,1,0,0,22.331,21.451,22.189,21.701,22.094,21.629,,11.3,1.0
2884,Q92945,Far upstream element-binding protein 2,KHSRP,1.984,-0.867,,Not_Significant,#N/A,-0.867,35,18,28,33,28,34,25.492,24.969,24.946,26.040,25.872,26.094,,11.3,1.0
2886,Q92973,Transportin-1,TNPO1,0.065,-0.027,,Not_Significant,#N/A,-0.027,10,5,3,5,2,3,23.888,23.985,23.801,23.897,24.166,23.693,,11.2,1.0
2890,Q92995,Ubiquitin carboxyl-terminal hydrolase 13,USP13,0.504,0.180,,Not_Significant,#N/A,0.180,3,3,3,1,1,1,22.153,22.678,22.350,22.199,22.274,22.167,,11.2,1.0
2891,Q93008,Probable ubiquitin carboxyl-terminal hydrolase FAF-X,USP9X,0.048,0.016,,Not_Significant,#N/A,0.016,14,9,17,7,6,7,22.987,23.172,23.347,23.110,23.105,23.244,,11.2,1.0
2892,Q93009,Ubiquitin carboxyl-terminal hydrolase 7,USP7,1.052,0.490,,Not_Significant,#N/A,0.490,17,9,13,3,2,3,24.157,23.566,24.063,23.540,23.200,23.575,,11.2,1.0
2895,Q93050,V-type proton ATPase 116 kDa subunit a isoform 1,ATP6V0A1,0.863,1.727,,Not_Significant,#N/A,1.727,4,2,4,0,1,1,22.065,19.603,22.424,19.893,19.074,19.944,,11.2,1.0
2896,Q93052,Lipoma-preferred partner,LPP,0.118,-0.179,,Not_Significant,#N/A,-0.179,3,2,1,1,0,1,22.318,22.745,20.917,22.227,22.148,22.143,,11.2,1.0
2900,Q93100,Phosphorylase b kinase regulatory subunit beta,PHKB,0.930,1.158,,Not_Significant,#N/A,1.158,2,1,4,2,1,0,22.066,21.839,21.848,20.729,21.774,19.775,,11.2,1.0
2902,Q969U7,Proteasome assembly chaperone 2,PSMG2,0.125,-0.154,,Not_Significant,#N/A,-0.154,0,0,1,0,0,1,20.886,19.978,21.341,21.255,20.540,20.870,,11.2,1.0
2903,Q969V3,Nicalin,NCLN,0.333,0.140,,Not_Significant,#N/A,0.140,9,5,9,2,0,1,22.703,22.972,22.442,22.592,22.693,22.412,,11.2,1.0
2907,Q96A33,Coiled-coil domain-containing protein 47,CCDC47,0.314,0.758,,Not_Significant,#N/A,0.758,4,4,4,3,2,2,22.947,22.685,23.363,23.024,23.381,20.316,,11.2,1.0
2909,Q96A49,Synapse-associated protein 1,SYAP1,0.637,0.567,,Not_Significant,#N/A,0.567,2,0,0,0,0,0,20.724,20.758,20.636,19.673,19.811,20.934,,11.1,1.0
2910,Q96A65,Exocyst complex component 4,EXOC4,1.974,0.612,,Not_Significant,#N/A,0.612,11,9,10,4,3,4,24.442,24.775,24.728,24.199,23.905,24.006,,11.1,1.0
2911,Q96A72,Protein mago nashi homolog 2,MAGOHB,0.223,-0.184,,Not_Significant,#N/A,-0.184,5,2,4,2,5,4,23.738,22.685,23.088,23.344,23.190,23.527,,11.1,1.0
2912,Q96AC1,Fermitin family homolog 2,FERMT2,0.614,1.511,,Not_Significant,#N/A,1.511,5,3,3,0,0,1,22.452,22.825,22.780,18.997,22.517,22.008,,11.1,1.0
2914,Q96AG4,Leucine-rich repeat-containing protein 59,LRRC59,0.070,0.052,,Not_Significant,#N/A,0.052,8,6,7,6,6,7,24.705,24.152,23.997,24.439,24.307,23.952,,11.1,1.0
2915,Q96AX1,Vacuolar protein sorting-associated protein 33A,VPS33A,0.057,-0.125,,Not_Significant,#N/A,-0.125,1,3,4,0,1,2,20.303,22.108,22.867,21.801,21.960,21.894,,11.1,1.0
2916,Q96B26,Exosome complex component RRP43,EXOSC8,0.223,-0.541,,Not_Significant,#N/A,-0.541,1,0,2,1,2,1,22.577,19.550,20.466,21.832,21.552,20.830,,11.1,1.0
2920,Q96BP3,Peptidylprolyl isomerase domain and WD repeat-containing protein 1,PPWD1,0.091,0.281,,Not_Significant,#N/A,0.281,0,1,2,0,0,0,19.725,21.938,21.991,20.328,19.955,22.529,,11.1,1.0
2924,Q96C19,EF-hand domain-containing protein D2,EFHD2,0.294,1.392,,Not_Significant,#N/A,1.392,1,1,2,2,1,0,25.169,20.967,24.768,20.831,20.912,24.986,,11.1,1.0
2928,Q96CN7,Isochorismatase domain-containing protein 1,ISOC1,0.048,0.122,,Not_Significant,#N/A,0.122,3,2,2,2,1,2,22.014,22.148,21.754,22.703,20.112,22.734,,11.1,1.0
2930,Q96CP2,FLYWCH family member 2,FLYWCH2,0.425,0.978,,Not_Significant,#N/A,0.978,4,2,3,0,1,1,23.064,20.839,22.377,21.262,22.300,19.783,,11.0,1.0
2931,Q96CS3,FAS-associated factor 2,FAF2,0.461,0.262,,Not_Significant,#N/A,0.262,1,1,1,2,2,2,21.579,22.287,21.582,21.631,21.613,21.418,,11.0,1.0
2932,Q96CT7,Coiled-coil domain-containing protein 124,CCDC124,1.537,-1.094,,Not_Significant,#N/A,-1.094,1,1,0,1,0,1,21.870,22.463,21.329,23.021,22.969,22.954,,11.0,1.0
2933,Q96CV9,Optineurin,OPTN,0.334,-0.958,,Not_Significant,#N/A,-0.958,1,1,3,1,1,0,19.852,20.077,23.003,22.492,22.589,20.726,,11.0,1.0
2934,Q96CW1,AP-2 complex subunit mu,AP2M1,2.859,0.563,,Not_Significant,#N/A,0.563,5,7,11,2,4,4,23.794,23.957,23.976,23.288,23.426,23.323,,11.0,1.0
2935,Q96CW5,Gamma-tubulin complex component 3,TUBGCP3,0.602,-0.275,,Not_Significant,#N/A,-0.275,8,6,11,7,6,8,22.857,23.400,23.242,23.692,23.316,23.316,,11.0,1.0
2937,Q96D46,60S ribosomal export protein NMD3,NMD3,0.281,0.518,,Not_Significant,#N/A,0.518,4,3,4,1,2,2,21.978,21.011,20.973,19.500,21.688,21.219,,11.0,1.0
2941,Q96DG6,Carboxymethylenebutenolidase homolog,CMBL,0.476,-0.165,,Not_Significant,#N/A,-0.165,4,4,5,3,2,3,23.229,23.362,23.628,23.384,23.656,23.674,,11.0,1.0
2942,Q96DH6,RNA-binding protein Musashi homolog 2,MSI2,0.193,-0.556,,Not_Significant,#N/A,-0.556,1,1,0,4,1,1,20.885,21.439,20.435,22.735,22.337,19.355,,11.0,1.0
2943,Q96DI7,U5 small nuclear ribonucleoprotein 40 kDa protein,SNRNP40,0.348,0.191,,Not_Significant,#N/A,0.191,8,5,5,4,4,7,24.087,23.454,24.097,23.626,23.853,23.585,,11.0,1.0
2946,Q96DV4,"39S ribosomal protein L38, mitochondrial",MRPL38,1.312,-0.900,,Not_Significant,#N/A,-0.900,2,1,3,4,5,3,22.289,21.425,22.029,22.968,23.045,22.428,,10.9,1.0
2952,Q96EE3,Nucleoporin SEH1,SEH1L,0.111,0.089,,Not_Significant,#N/A,0.089,7,8,7,4,6,4,23.209,23.236,22.962,22.679,22.874,23.587,,10.9,1.0
2954,Q96EK5,KIF1-binding protein,KIAA1279,0.973,0.613,,Not_Significant,#N/A,0.613,14,5,8,5,4,2,23.640,23.487,23.855,23.055,23.521,22.567,,10.9,1.0
2955,Q96EK6,Glucosamine 6-phosphate N-acetyltransferase,GNPNAT1,0.374,1.162,,Not_Significant,#N/A,1.162,4,1,2,0,0,0,23.105,20.506,22.381,22.739,20.639,19.126,,10.9,1.0
2965,Q96EY7,"Pentatricopeptide repeat domain-containing protein 3, mitochondrial",PTCD3,1.429,-1.035,,Not_Significant,#N/A,-1.035,6,3,6,5,3,3,22.414,21.870,22.072,22.637,23.158,23.667,,10.9,1.0
2969,Q96F86,Enhancer of mRNA-decapping protein 3,EDC3,1.665,-0.809,,Not_Significant,#N/A,-0.809,0,0,0,1,2,0,20.285,20.664,20.255,21.425,21.349,20.857,,10.9,1.0
2970,Q96FJ2,"Dynein light chain 2, cytoplasmic",DYNLL2,1.132,0.751,,Not_Significant,#N/A,0.751,3,4,3,2,2,3,23.907,24.489,24.844,23.393,23.913,23.682,,10.9,1.0
2971,Q96FQ6,Protein S100-A16,S100A16,0.295,0.294,,Not_Significant,#N/A,0.294,4,3,4,3,3,1,22.688,22.301,22.261,22.363,22.629,21.376,,10.9,1.0
2972,Q96FV2,Secernin-2,SCRN2,0.980,2.091,,Not_Significant,#N/A,2.091,2,3,2,2,0,0,22.798,23.416,20.235,20.512,19.828,19.836,,10.9,1.0
2974,Q96FW1,Ubiquitin thioesterase OTUB1,OTUB1,2.562,0.782,,Not_Significant,#N/A,0.782,10,14,13,9,9,7,25.492,25.403,25.770,24.851,24.766,24.702,,10.9,1.0
2975,Q96FX7,tRNA (adenine(58)-N(1))-methyltransferase catalytic subunit TRMT61A,TRMT61A,1.086,0.805,,Not_Significant,#N/A,0.805,1,0,1,0,0,0,20.844,21.402,21.556,20.057,20.347,20.983,,10.8,1.0
2976,Q96FZ2,Embryonic stem cell-specific 5-hydroxymethylcytosine-binding protein,HMCES,1.861,0.924,,Not_Significant,#N/A,0.924,2,3,5,1,2,0,22.016,21.912,22.455,21.155,21.475,20.983,,10.8,1.0
2977,Q96G03,Phosphoglucomutase-2,PGM2,0.830,0.636,,Not_Significant,#N/A,0.636,2,0,0,0,0,0,20.836,20.466,20.871,20.180,20.610,19.475,,10.8,1.0
2983,Q96GC5,"39S ribosomal protein L48, mitochondrial",MRPL48,1.612,-0.730,,Not_Significant,#N/A,-0.730,3,3,6,8,6,2,22.408,22.583,23.035,23.265,23.571,23.380,,10.8,1.0
2985,Q96GG9,DCN1-like protein 1,DCUN1D1,0.598,0.994,,Not_Significant,#N/A,0.994,4,2,0,0,0,0,22.034,21.582,20.039,19.611,21.063,20.001,,10.8,1.0
2986,Q96GK7;Q6P2I3,Fumarylacetoacetate hydrolase domain-containing protein 2A;Fumarylacetoacetate hydrolase domain-containing protein 2B,FAHD2A;FAHD2B,0.106,0.187,,Not_Significant,#N/A,0.187,2,2,1,1,2,0,20.258,21.824,20.588,21.211,21.030,19.869,,10.8,1.0
2989,Q96GQ7,Probable ATP-dependent RNA helicase DDX27,DDX27,0.097,-0.276,,Not_Significant,#N/A,-0.276,0,2,0,0,4,0,19.106,21.050,20.208,18.944,21.899,20.347,,10.8,1.0
2990,Q96GX9,Methylthioribulose-1-phosphate dehydratase,APIP,0.064,0.113,,Not_Significant,#N/A,0.113,2,2,2,1,1,1,19.801,21.522,21.617,20.777,21.179,20.645,,10.8,1.0
2994,Q96HA7,Tonsoku-like protein,TONSL,0.213,0.272,,Not_Significant,#N/A,0.272,0,0,0,0,0,0,21.508,20.163,20.990,20.048,20.704,21.093,,10.8,1.0
3000,Q96HS1,"Serine/threonine-protein phosphatase PGAM5, mitochondrial",PGAM5,2.216,-0.318,,Not_Significant,#N/A,-0.318,12,13,10,13,11,8,25.187,25.168,25.347,25.552,25.518,25.584,,10.8,1.0
3001,Q96HU1,Small G protein signaling modulator 3,SGSM3,1.135,0.907,,Not_Significant,#N/A,0.907,1,1,2,0,0,1,20.720,21.436,21.836,20.052,20.625,20.593,,10.7,1.0
3002,Q96HW7,Integrator complex subunit 4,INTS4,0.533,0.438,,Not_Significant,#N/A,0.438,2,1,0,0,0,0,21.182,20.904,21.038,21.301,20.153,20.355,,10.7,1.0
3003,Q96HY6,DDRGK domain-containing protein 1,DDRGK1,0.590,0.254,,Not_Significant,#N/A,0.254,1,0,1,1,1,1,23.083,22.672,22.759,22.520,22.862,22.371,,10.7,1.0
3006,Q96I25,Splicing factor 45,RBM17,0.064,-0.052,,Not_Significant,#N/A,-0.052,5,3,5,2,3,4,22.771,22.001,22.839,22.740,22.551,22.476,,10.7,1.0
3007,Q96I51,Williams-Beuren syndrome chromosomal region 16 protein,WBSCR16,0.462,-1.025,,Not_Significant,#N/A,-1.025,1,2,1,2,3,2,21.723,20.287,20.099,22.187,22.846,20.152,,10.7,1.0
3008,Q96I59,"Probable asparagine--tRNA ligase, mitochondrial",NARS2,1.047,-2.100,,Not_Significant,#N/A,-2.100,1,2,1,2,3,0,20.147,20.840,20.000,20.616,23.323,23.347,,10.7,1.0
3009,Q96I99,"Succinyl-CoA ligase [GDP-forming] subunit beta, mitochondrial",SUCLG2,1.478,-0.672,,Not_Significant,#N/A,-0.672,9,8,6,6,7,1,22.896,22.519,22.284,23.399,23.020,23.297,,10.7,1.0
3012,Q96IU4,Alpha/beta hydrolase domain-containing protein 14B,ABHD14B,0.645,0.352,,Not_Significant,#N/A,0.352,13,9,15,9,11,11,26.168,25.822,26.259,25.678,25.400,26.114,,10.7,1.0
3013,Q96IX5,Up-regulated during skeletal muscle growth protein 5,USMG5,0.837,2.595,,Not_Significant,#N/A,2.595,4,2,3,4,0,1,23.696,24.095,23.734,23.943,19.057,20.741,,10.7,1.0
3014,Q96IZ0,PRKC apoptosis WT1 regulator protein,PAWR,0.320,-0.552,,Not_Significant,#N/A,-0.552,1,0,1,0,0,1,20.550,19.953,21.190,19.898,21.763,21.689,,10.7,1.0
3016,Q96J01,THO complex subunit 3,THOC3,0.079,-0.094,,Not_Significant,#N/A,-0.094,1,1,2,0,0,0,20.400,21.405,21.235,20.953,21.653,20.717,,10.6,1.0
3019,Q96JB2,Conserved oligomeric Golgi complex subunit 3,COG3,0.440,0.551,,Not_Significant,#N/A,0.551,2,1,1,0,0,0,20.844,20.373,21.883,20.910,19.905,20.631,,10.6,1.0
3020,Q96JB5,CDK5 regulatory subunit-associated protein 3,CDK5RAP3,1.909,0.927,,Not_Significant,#N/A,0.927,3,3,2,1,1,0,23.172,22.625,23.268,21.997,22.244,22.042,,10.6,1.0
3023,Q96JH7,Deubiquitinating protein VCIP135,VCPIP1,0.625,0.174,,Not_Significant,#N/A,0.174,5,4,4,2,1,1,21.625,21.768,21.618,21.724,21.350,21.414,,10.6,1.0
3028,Q96JP5,E3 ubiquitin-protein ligase ZFP91,ZFP91,0.164,0.400,,Not_Significant,#N/A,0.400,3,0,2,0,0,0,21.958,19.057,21.346,20.011,20.861,20.289,,10.6,1.0
3030,Q96K17,Transcription factor BTF3 homolog 4,BTF3L4,0.691,-1.260,,Not_Significant,#N/A,-1.260,1,0,0,0,0,0,20.383,20.487,19.562,22.185,22.176,19.849,,10.6,1.0
3034,Q96KB5,Lymphokine-activated killer T-cell-originated protein kinase,PBK,0.914,0.655,,Not_Significant,#N/A,0.655,3,3,3,0,1,1,22.202,22.356,21.949,21.006,22.084,21.450,,10.6,1.0
3037,Q96KG9,N-terminal kinase-like protein,SCYL1,0.026,-0.014,,Not_Significant,#N/A,-0.014,8,11,7,4,6,8,23.191,23.023,22.644,22.897,23.139,22.864,,10.6,1.0
3040,Q96KP1,Exocyst complex component 2,EXOC2,1.192,0.385,,Not_Significant,#N/A,0.385,5,5,7,3,1,2,22.123,22.507,22.549,22.067,21.872,22.086,,10.6,1.0
3041,Q96KP4,Cytosolic non-specific dipeptidase,CNDP2,0.889,0.897,,Not_Significant,#N/A,0.897,18,10,7,7,9,6,24.253,24.305,23.656,23.726,23.451,22.346,,10.6,1.0
3043,Q96KR1,Zinc finger RNA-binding protein,ZFR,0.713,-0.501,,Not_Significant,#N/A,-0.501,5,1,0,3,1,2,21.449,20.917,20.375,21.565,21.401,21.279,,10.5,1.0
3045,Q96L92,Sorting nexin-27,SNX27,0.319,0.146,,Not_Significant,#N/A,0.146,7,5,2,2,2,1,21.974,22.463,22.553,22.081,22.223,22.248,,10.5,1.0
3050,Q96ME1,F-box/LRR-repeat protein 18,FBXL18,0.519,1.367,,Not_Significant,#N/A,1.367,2,2,4,0,0,0,22.314,22.006,22.865,20.409,19.455,23.219,,10.5,1.0
3055,Q96MW5,Conserved oligomeric Golgi complex subunit 8,COG8,0.329,-0.332,,Not_Significant,#N/A,-0.332,1,0,2,0,0,0,20.602,20.779,21.259,21.779,20.529,21.328,,10.5,1.0
3059,Q96N67,Dedicator of cytokinesis protein 7,DOCK7,0.413,-0.858,,Not_Significant,#N/A,-0.858,2,3,1,1,1,1,20.008,23.009,21.239,22.512,22.005,22.311,,10.5,1.0
3061,Q96P16,Regulation of nuclear pre-mRNA domain-containing protein 1A,RPRD1A,0.174,0.271,,Not_Significant,#N/A,0.271,2,1,1,1,1,2,21.921,20.482,20.639,21.095,21.140,19.994,,10.5,1.0
3065,Q96P70,Importin-9,IPO9,0.559,0.373,,Not_Significant,#N/A,0.373,2,7,6,5,1,1,22.181,22.934,22.714,22.559,21.888,22.261,,10.5,1.0
3066,Q96PC5,Melanoma inhibitory activity protein 2,MIA2,1.774,-0.749,,Not_Significant,#N/A,-0.749,4,2,3,2,1,3,22.376,21.766,21.989,22.852,22.662,22.865,,10.5,1.0
3072,Q96PZ0,Pseudouridylate synthase 7 homolog,PUS7,0.290,0.285,,Not_Significant,#N/A,0.285,0,0,0,0,0,0,20.934,19.756,20.442,20.430,19.724,20.121,,10.5,1.0
3073,Q96Q11,"CCA tRNA nucleotidyltransferase 1, mitochondrial",TRNT1,0.629,-0.646,,Not_Significant,#N/A,-0.646,3,0,0,1,0,0,21.482,21.992,20.428,21.857,21.991,21.992,,10.5,1.0
3077,Q96QC0,Serine/threonine-protein phosphatase 1 regulatory subunit 10,PPP1R10,0.452,0.385,,Not_Significant,#N/A,0.385,2,1,2,0,1,1,22.064,20.927,21.956,21.337,21.308,21.147,,10.4,1.0
3079,Q96QK1,Vacuolar protein sorting-associated protein 35,VPS35,2.189,0.555,,Not_Significant,#N/A,0.555,25,17,20,9,7,6,24.451,24.663,24.585,24.183,23.903,23.948,,10.4,1.0
3080,Q96QR8,Transcriptional activator protein Pur-beta,PURB,0.829,-1.039,,Not_Significant,#N/A,-1.039,3,2,1,5,3,1,23.500,21.947,22.521,24.073,24.044,22.969,,10.4,1.0
3083,Q96RE7,Nucleus accumbens-associated protein 1,NACC1,0.471,0.537,,Not_Significant,#N/A,0.537,4,0,2,0,0,0,20.300,21.045,21.814,20.467,20.145,20.937,,10.4,1.0
3087,Q96RP9,"Elongation factor G, mitochondrial",GFM1,1.247,-1.254,,Not_Significant,#N/A,-1.254,9,9,15,12,13,9,23.459,23.963,24.643,25.311,25.820,24.697,,10.4,1.0
3088,Q96RQ1,Endoplasmic reticulum-Golgi intermediate compartment protein 2,ERGIC2,0.287,0.509,,Not_Significant,#N/A,0.509,0,4,1,1,1,0,20.467,22.817,21.693,21.405,21.351,20.695,,10.4,1.0
3094,Q96S55,ATPase WRNIP1,WRNIP1,0.526,0.694,,Not_Significant,#N/A,0.694,3,0,4,1,1,1,22.484,20.526,21.800,20.867,20.782,21.078,,10.4,1.0
3100,Q96SB4,SRSF protein kinase 1,SRPK1,0.044,-0.130,,Not_Significant,#N/A,-0.130,4,4,1,1,2,1,20.511,22.687,22.629,22.774,22.775,20.668,,10.4,1.0
3103,Q96SK2,Transmembrane protein 209,TMEM209,0.519,0.827,,Not_Significant,#N/A,0.827,2,1,2,0,0,0,22.323,22.300,20.463,21.472,20.330,20.802,,10.4,1.0
3104,Q96SN8,CDK5 regulatory subunit-associated protein 2,CDK5RAP2,1.038,-1.503,,Not_Significant,#N/A,-1.503,0,0,0,3,1,1,19.704,21.645,19.543,21.680,21.766,21.955,,10.4,1.0
3105,Q96ST3,Paired amphipathic helix protein Sin3a,SIN3A,0.911,0.749,,Not_Significant,#N/A,0.749,5,1,2,0,0,0,21.324,20.395,20.874,19.655,20.605,20.086,,10.3,1.0
3108,Q96T37,Putative RNA-binding protein 15,RBM15,1.815,-0.452,,Not_Significant,#N/A,-0.452,1,0,3,3,3,5,23.024,22.822,22.823,23.413,23.166,23.448,,10.3,1.0
3109,Q96T51,RUN and FYVE domain-containing protein 1,RUFY1,1.742,-0.632,,Not_Significant,#N/A,-0.632,3,2,0,2,1,2,20.870,21.228,21.070,21.669,21.478,21.915,,10.3,1.0
3110,Q96T60,Bifunctional polynucleotide phosphatase/kinase;Polynucleotide 3-phosphatase;Polynucleotide 5-hydroxyl-kinase,PNKP,0.577,0.785,,Not_Significant,#N/A,0.785,1,2,1,0,0,0,21.434,19.942,20.941,19.529,20.820,19.613,,10.3,1.0
3111,Q96T76,MMS19 nucleotide excision repair protein homolog,MMS19,2.053,0.917,,Not_Significant,#N/A,0.917,12,5,10,3,2,2,23.884,23.325,23.438,22.455,22.726,22.716,,10.3,1.0
3112,Q96T88,E3 ubiquitin-protein ligase UHRF1,UHRF1,1.191,1.437,,Not_Significant,#N/A,1.437,3,3,2,0,0,0,22.512,21.863,22.368,21.847,20.086,20.500,,10.3,1.0
3113,Q96TA1,Niban-like protein 1,FAM129B,0.460,0.115,,Not_Significant,#N/A,0.115,7,7,10,4,5,3,22.470,22.556,22.526,22.611,22.321,22.276,,10.3,1.0
3114,Q96TA2,ATP-dependent zinc metalloprotease YME1L1,YME1L1,1.395,-1.319,,Not_Significant,#N/A,-1.319,4,5,2,6,9,4,21.700,22.771,22.089,23.685,23.931,22.900,,10.3,1.0
3119,Q99426,Tubulin-folding cofactor B,TBCB,0.661,0.127,,Not_Significant,#N/A,0.127,3,1,2,3,2,1,23.547,23.694,23.401,23.443,23.439,23.380,,10.3,1.0
3121,Q99439,Calponin-2,CNN2,0.966,0.534,,Not_Significant,#N/A,0.534,8,7,11,6,4,3,24.576,25.190,25.211,24.680,24.532,24.164,,10.3,1.0
3123,Q99459,Cell division cycle 5-like protein,CDC5L,0.257,-0.121,,Not_Significant,#N/A,-0.121,21,13,15,7,7,7,23.735,23.380,23.723,23.446,23.822,23.934,,10.2,1.0
3124,Q99460,26S proteasome non-ATPase regulatory subunit 1,PSMD1,0.729,0.270,,Not_Significant,#N/A,0.270,14,16,11,8,6,4,23.518,23.845,23.811,23.214,23.474,23.677,,10.2,1.0
3125,Q99471,Prefoldin subunit 5,PFDN5,1.071,0.482,,Not_Significant,#N/A,0.482,5,2,1,1,0,0,22.739,22.936,23.022,22.528,22.040,22.684,,10.2,1.0
3128,Q99497,Protein deglycase DJ-1,PARK7,1.522,1.446,,Not_Significant,#N/A,1.446,3,3,2,0,0,0,22.197,21.454,22.901,20.533,20.689,20.992,,10.2,1.0
3130,Q99543,"DnaJ homolog subfamily C member 2;DnaJ homolog subfamily C member 2, N-terminally processed",DNAJC2,0.554,0.768,,Not_Significant,#N/A,0.768,0,0,1,0,1,0,21.214,20.711,20.888,19.005,20.976,20.526,,10.2,1.0
3133,Q99567,Nuclear pore complex protein Nup88,NUP88,0.723,0.184,,Not_Significant,#N/A,0.184,13,7,10,3,3,4,23.343,23.102,23.425,23.202,22.983,23.133,,10.2,1.0
3135,Q99570,Phosphoinositide 3-kinase regulatory subunit 4,PIK3R4,0.418,0.775,,Not_Significant,#N/A,0.775,2,2,4,0,1,0,21.909,19.595,21.472,19.981,20.900,19.769,,10.2,1.0
3136,Q99575,Ribonucleases P/MRP protein subunit POP1,POP1,0.296,0.740,,Not_Significant,#N/A,0.740,5,0,3,0,0,0,22.254,20.362,23.009,22.312,20.976,20.116,,10.2,1.0
3141,Q99613;B5ME19,Eukaryotic translation initiation factor 3 subunit C;Eukaryotic translation initiation factor 3 subunit C-like protein,EIF3C;EIF3CL,0.070,0.030,,Not_Significant,#N/A,0.030,22,14,17,10,14,15,24.612,24.319,24.494,24.533,24.201,24.600,,10.2,1.0
3142,Q99615,DnaJ homolog subfamily C member 7,DNAJC7,2.361,0.314,,Not_Significant,#N/A,0.314,9,6,9,2,5,1,23.522,23.480,23.491,23.124,23.288,23.139,,10.2,1.0
3144,Q99623,Prohibitin-2,PHB2,0.827,0.232,,Not_Significant,#N/A,0.232,13,13,13,12,10,10,26.138,26.281,26.133,26.099,25.713,26.044,,10.1,1.0
3146,Q99661,Kinesin-like protein KIF2C,KIF2C,0.549,0.855,,Not_Significant,#N/A,0.855,4,0,1,3,0,0,22.511,21.121,22.019,22.090,20.210,20.786,,10.1,1.0
3148,Q99700,Ataxin-2,ATXN2,0.460,-0.305,,Not_Significant,#N/A,-0.305,6,1,4,4,3,3,22.483,22.190,21.633,22.552,22.546,22.124,,10.1,1.0
3149,Q99714,3-hydroxyacyl-CoA dehydrogenase type-2,HSD17B10,3.010,-0.668,,Not_Significant,#N/A,-0.668,18,15,20,17,17,17,24.894,25.092,25.090,25.655,25.652,25.775,,10.1,1.0
3152,Q99729,Heterogeneous nuclear ribonucleoprotein A/B,HNRNPAB,1.057,-0.514,,Not_Significant,#N/A,-0.514,10,7,7,7,7,7,25.171,24.406,24.646,25.323,25.200,25.242,,10.1,1.0
3153,Q99733,Nucleosome assembly protein 1-like 4,NAP1L4,0.676,0.561,,Not_Significant,#N/A,0.561,7,5,2,5,3,3,23.096,23.064,22.932,22.842,22.845,21.723,,10.1,1.0
3154,Q99747,Gamma-soluble NSF attachment protein,NAPG,0.193,-0.324,,Not_Significant,#N/A,-0.324,1,0,0,0,0,0,21.612,19.766,21.686,21.208,21.638,21.191,,10.1,1.0
3155,Q99797,Mitochondrial intermediate peptidase,MIPEP,1.085,-0.803,,Not_Significant,#N/A,-0.803,0,1,1,0,1,1,19.954,20.614,20.671,20.708,21.575,21.365,,10.1,1.0
3156,Q99798,"Aconitate hydratase, mitochondrial",ACO2,2.171,-0.823,,Not_Significant,#N/A,-0.823,12,9,15,14,13,11,24.058,23.875,23.737,24.939,24.713,24.488,,10.1,1.0
3158,Q99816,Tumor susceptibility gene 101 protein,TSG101,0.699,-0.330,,Not_Significant,#N/A,-0.330,6,4,7,4,2,3,24.321,24.003,24.566,24.561,24.423,24.895,,10.1,1.0
3159,Q99829,Copine-1,CPNE1,2.765,0.384,,Not_Significant,#N/A,0.384,8,7,10,6,7,4,23.983,24.114,24.037,23.621,23.730,23.632,,10.0,1.0
3160,Q99832,T-complex protein 1 subunit eta,CCT7,0.580,0.144,,Not_Significant,#N/A,0.144,26,31,30,19,18,16,25.029,25.344,25.206,25.171,25.011,24.965,,10.0,1.0
3162,Q99848,Probable rRNA-processing protein EBP2,EBNA1BP2,0.012,-0.035,,Not_Significant,#N/A,-0.035,1,1,0,0,2,0,21.762,21.548,20.695,21.020,23.047,20.044,,10.0,1.0
3164,Q99873,Protein arginine N-methyltransferase 1,PRMT1,2.062,0.500,,Not_Significant,#N/A,0.500,17,11,19,11,6,9,25.083,24.960,25.276,24.692,24.522,24.606,,10.0,1.0
3166,Q99961,Endophilin-A2,SH3GL1,1.014,-0.237,,Not_Significant,#N/A,-0.237,7,6,5,2,4,3,22.658,22.519,22.424,22.599,22.869,22.844,,10.0,1.0
3169,Q99986,Serine/threonine-protein kinase VRK1,VRK1,0.861,0.708,,Not_Significant,#N/A,0.708,4,2,3,1,2,0,22.388,21.771,21.783,21.771,21.382,20.666,,10.0,1.0
3171,Q99996,A-kinase anchor protein 9,AKAP9,0.641,-3.212,,Not_Significant,#N/A,-3.212,0,0,0,3,1,1,20.459,27.739,26.541,27.891,28.015,28.469,,10.0,1.0
3172,Q9BPW8,Protein NipSnap homolog 1,NIPSNAP1,0.052,-0.028,,Not_Significant,#N/A,-0.028,3,3,7,4,6,3,23.415,23.673,23.837,23.502,23.941,23.566,,10.0,1.0
3173,Q9BPX3,Condensin complex subunit 3,NCAPG,0.487,-0.164,,Not_Significant,#N/A,-0.164,5,3,5,3,5,0,22.092,21.851,22.325,22.358,22.225,22.178,,10.0,1.0
3174,Q9BPX5,Actin-related protein 2/3 complex subunit 5-like protein,ARPC5L,0.843,0.507,,Not_Significant,#N/A,0.507,5,5,4,2,3,2,23.794,23.092,22.927,22.832,22.865,22.596,,10.0,1.0
3177,Q9BQ39,ATP-dependent RNA helicase DDX50,DDX50,0.292,-1.050,,Not_Significant,#N/A,-1.050,2,2,1,1,3,0,23.175,22.501,19.672,20.905,24.151,23.440,,9.9,1.0
3181,Q9BQ69,O-acetyl-ADP-ribose deacetylase MACROD1,MACROD1,0.035,-0.164,,Not_Significant,#N/A,-0.164,1,2,1,2,2,1,20.265,23.354,23.495,23.517,23.960,20.128,,9.9,1.0
3182,Q9BQ70,Transcription factor 25,TCF25,0.238,-0.333,,Not_Significant,#N/A,-0.333,2,2,1,0,0,0,21.417,19.966,21.243,21.192,21.750,20.686,,9.9,1.0
3184,Q9BQA1,Methylosome protein 50,WDR77,0.574,0.324,,Not_Significant,#N/A,0.324,2,3,2,1,1,0,22.894,23.547,23.064,23.160,22.679,22.694,,9.9,1.0
3191,Q9BR76,Coronin-1B,CORO1B,1.036,0.361,,Not_Significant,#N/A,0.361,18,16,21,8,12,10,26.367,26.225,26.665,25.906,26.021,26.245,,9.9,1.0
3192,Q9BRA2,Thioredoxin domain-containing protein 17,TXNDC17,0.592,0.307,,Not_Significant,#N/A,0.307,7,4,6,4,3,4,25.764,25.636,25.887,25.229,25.240,25.896,,9.9,1.0
3196,Q9BRJ2,"39S ribosomal protein L45, mitochondrial",MRPL45,0.093,-0.132,,Not_Significant,#N/A,-0.132,0,2,0,2,0,0,21.407,21.016,20.393,20.740,21.891,20.580,,9.9,1.0
3200,Q9BRP4,Proteasomal ATPase-associated factor 1,PAAF1,0.457,1.110,,Not_Significant,#N/A,1.110,2,2,2,2,1,1,22.399,22.082,22.459,19.122,22.202,22.285,,9.9,1.0
3201,Q9BRP8,Partner of Y14 and mago,WIBG,0.559,-0.321,,Not_Significant,#N/A,-0.321,11,3,3,4,4,4,23.365,22.695,22.542,23.212,23.224,23.127,,9.9,1.0
3209,Q9BRX5,DNA replication complex GINS protein PSF3,GINS3,0.416,0.378,,Not_Significant,#N/A,0.378,3,0,3,0,0,0,21.506,20.881,20.978,20.577,20.264,21.389,,9.9,1.0
3214,Q9BSD7,Cancer-related nucleoside-triphosphatase,NTPCR,0.341,0.605,,Not_Significant,#N/A,0.605,1,2,2,1,0,0,20.998,22.356,22.343,21.271,22.307,20.306,,9.8,1.0
3215,Q9BSH4,Translational activator of cytochrome c oxidase 1,TACO1,0.066,0.191,,Not_Significant,#N/A,0.191,1,1,1,4,3,1,22.600,22.801,22.481,23.479,23.405,20.425,,9.8,1.0
3216,Q9BSJ2,Gamma-tubulin complex component 2,TUBGCP2,0.210,-0.119,,Not_Significant,#N/A,-0.119,2,4,7,1,2,1,21.744,22.168,22.234,21.907,22.447,22.149,,9.8,1.0
3217,Q9BSJ8,Extended synaptotagmin-1,ESYT1,0.564,0.064,,Not_Significant,#N/A,0.064,27,30,35,31,27,23,26.067,26.046,25.928,25.922,26.002,25.925,,9.8,1.0
3221,Q9BT78,COP9 signalosome complex subunit 4,COPS4,2.149,0.939,,Not_Significant,#N/A,0.939,8,8,11,6,7,1,23.264,23.184,23.310,22.283,22.641,22.016,,9.8,1.0
3223,Q9BTC0,Death-inducer obliterator 1,DIDO1,0.075,-0.036,,Not_Significant,#N/A,-0.036,3,0,2,0,0,0,21.559,21.866,21.388,21.456,21.726,21.739,,9.8,1.0
3227,Q9BTE3,Mini-chromosome maintenance complex-binding protein,MCMBP,1.022,0.814,,Not_Significant,#N/A,0.814,2,0,2,0,0,0,21.709,20.886,21.992,21.055,20.601,20.489,,9.8,1.0
3228,Q9BTE6,Alanyl-tRNA editing protein Aarsd1,AARSD1,0.016,-0.012,,Not_Significant,#N/A,-0.012,4,3,4,4,3,2,22.148,21.813,22.580,22.382,22.237,21.959,,9.8,1.0
3231,Q9BTT0,Acidic leucine-rich nuclear phosphoprotein 32 family member E,ANP32E,1.136,0.988,,Not_Significant,#N/A,0.988,6,5,4,2,3,2,25.307,24.159,25.451,23.961,23.973,24.017,,9.8,1.0
3233,Q9BTW9,Tubulin-specific chaperone D,TBCD,0.878,0.520,,Not_Significant,#N/A,0.520,11,7,11,4,4,4,24.120,23.498,23.563,23.505,22.846,23.269,,9.8,1.0
3234,Q9BTX1,Nucleoporin NDC1,NDC1,0.140,0.075,,Not_Significant,#N/A,0.075,4,4,6,1,1,2,22.675,22.638,22.879,22.803,22.290,22.874,,9.7,1.0
3236,Q9BU76,Multiple myeloma tumor-associated protein 2,MMTAG2,0.279,0.704,,Not_Significant,#N/A,0.704,1,0,1,0,0,2,22.470,20.557,22.695,20.079,20.890,22.642,,9.7,1.0
3239,Q9BUF5,Tubulin beta-6 chain,TUBB6,0.793,1.710,,Not_Significant,#N/A,1.710,7,7,3,2,1,0,23.323,23.842,23.790,23.170,22.655,19.999,,9.7,1.0
3242,Q9BUJ2,Heterogeneous nuclear ribonucleoprotein U-like protein 1,HNRNPUL1,1.435,-0.666,,Not_Significant,#N/A,-0.666,10,4,7,11,8,14,23.882,23.225,23.710,24.168,24.197,24.450,,9.7,1.0
3244,Q9BUL8,Programmed cell death protein 10,PDCD10,1.523,0.557,,Not_Significant,#N/A,0.557,4,3,3,4,1,1,22.575,22.856,23.042,22.118,22.459,22.226,,9.7,1.0
3246,Q9BUP0,EF-hand domain-containing protein D1,EFHD1,1.245,0.746,,Not_Significant,#N/A,0.746,14,16,16,15,11,11,24.820,24.838,25.612,24.164,24.527,24.342,,9.7,1.0
3247,Q9BUQ8,Probable ATP-dependent RNA helicase DDX23,DDX23,0.855,-0.222,,Not_Significant,#N/A,-0.222,20,9,7,10,9,12,23.320,23.018,23.214,23.308,23.340,23.568,,9.7,1.0
3249,Q9BV20,Methylthioribose-1-phosphate isomerase,MRI1,0.429,-0.429,,Not_Significant,#N/A,-0.429,2,2,0,1,0,0,21.915,22.555,21.153,22.258,22.557,22.094,,9.7,1.0
3251,Q9BV38,WD repeat-containing protein 18,WDR18,0.226,-0.508,,Not_Significant,#N/A,-0.508,3,1,4,0,0,2,22.826,20.300,22.949,22.209,22.676,22.713,,9.7,1.0
3253,Q9BV44,THUMP domain-containing protein 3,THUMPD3,1.777,0.317,,Not_Significant,#N/A,0.317,7,7,6,4,4,4,22.498,22.512,22.439,22.216,22.015,22.268,,9.7,1.0
3257,Q9BVC4,Target of rapamycin complex subunit LST8,MLST8,0.643,0.862,,Not_Significant,#N/A,0.862,2,3,3,2,2,3,21.175,21.805,21.913,21.567,19.690,21.051,,9.6,1.0
3261,Q9BVJ7,Dual specificity protein phosphatase 23,DUSP23,0.960,-0.976,,Not_Significant,#N/A,-0.976,2,3,1,0,0,0,20.923,20.660,19.429,21.344,21.091,21.505,,9.6,1.0
3263,Q9BVL2,Nucleoporin p58/p45,NUPL1,1.106,0.750,,Not_Significant,#N/A,0.750,4,4,3,0,1,0,21.757,22.469,22.312,21.013,21.448,21.825,,9.6,1.0
3268,Q9BW19,Kinesin-like protein KIFC1,KIFC1,0.408,0.444,,Not_Significant,#N/A,0.444,9,1,4,1,0,2,22.341,21.079,22.215,21.522,21.000,21.780,,9.6,1.0
3269,Q9BW27,Nuclear pore complex protein Nup85,NUP85,0.787,1.335,,Not_Significant,#N/A,1.335,4,5,6,1,3,0,22.713,21.918,23.129,21.876,22.020,19.860,,9.6,1.0
3275,Q9BWD1,"Acetyl-CoA acetyltransferase, cytosolic",ACAT2,0.244,0.125,,Not_Significant,#N/A,0.125,8,8,8,8,8,5,24.194,24.139,23.803,23.833,23.695,24.233,,9.6,1.0
3277,Q9BWF3,RNA-binding protein 4,RBM4,1.279,-0.195,,Not_Significant,#N/A,-0.195,8,10,10,7,8,6,23.698,23.737,23.667,23.802,23.856,24.030,,9.6,1.0
3279,Q9BWJ5,Splicing factor 3B subunit 5,SF3B5,1.052,0.524,,Not_Significant,#N/A,0.524,2,3,5,2,3,5,23.210,22.816,23.226,22.410,22.328,22.941,,9.6,1.0
3283,Q9BX68,"Histidine triad nucleotide-binding protein 2, mitochondrial",HINT2,0.984,-1.450,,Not_Significant,#N/A,-1.450,2,3,2,3,4,2,20.379,22.515,22.212,22.982,23.505,22.968,,9.6,1.0
3285,Q9BXJ9,"N-alpha-acetyltransferase 15, NatA auxiliary subunit",NAA15,3.133,0.506,,Not_Significant,#N/A,0.506,13,8,9,5,4,3,23.188,23.259,23.147,22.619,22.687,22.769,,9.6,1.0
3286,Q9BXP5,Serrate RNA effector molecule homolog,SRRT,0.172,0.076,,Not_Significant,#N/A,0.076,6,7,3,3,3,5,23.440,23.385,22.923,23.122,23.226,23.173,,9.5,1.0
3287,Q9BXS5,AP-1 complex subunit mu-1,AP1M1,1.776,0.744,,Not_Significant,#N/A,0.744,5,6,9,1,3,4,23.096,23.346,23.469,22.604,22.276,22.800,,9.5,1.0
3293,Q9BY11,Protein kinase C and casein kinase substrate in neurons protein 1,PACSIN1,0.314,0.550,,Not_Significant,#N/A,0.550,1,6,2,1,2,3,22.107,22.585,22.436,22.225,22.790,20.462,,9.5,1.0
3295,Q9BY42,Protein RTF2 homolog,RTFDC1,1.161,1.152,,Not_Significant,#N/A,1.152,3,1,3,0,0,1,22.080,21.569,21.923,21.061,21.228,19.828,,9.5,1.0
3297,Q9BY44,"Eukaryotic translation initiation factor 2A;Eukaryotic translation initiation factor 2A, N-terminally processed",EIF2A,1.720,0.278,,Not_Significant,#N/A,0.278,24,11,16,7,7,6,24.114,23.998,24.064,23.867,23.822,23.653,,9.5,1.0
3299,Q9BY77,Polymerase delta-interacting protein 3,POLDIP3,0.942,-0.783,,Not_Significant,#N/A,-0.783,4,1,1,4,5,5,22.527,21.261,21.497,22.574,22.527,22.535,,9.5,1.0
3300,Q9BYD1,"39S ribosomal protein L13, mitochondrial",MRPL13,1.861,-1.042,,Not_Significant,#N/A,-1.042,2,4,4,6,4,4,23.014,23.431,23.607,24.570,24.566,24.042,,9.5,1.0
3303,Q9BYD6,"39S ribosomal protein L1, mitochondrial",MRPL1,0.532,-1.158,,Not_Significant,#N/A,-1.158,2,2,2,3,4,2,22.561,22.851,19.990,22.825,23.545,22.506,,9.5,1.0
3305,Q9BYG5,Partitioning defective 6 homolog beta,PARD6B,1.193,1.317,,Not_Significant,#N/A,1.317,3,1,6,0,0,0,22.879,22.399,22.174,20.313,21.957,21.231,,9.5,1.0
3314,Q9BZE4,Nucleolar GTP-binding protein 1,GTPBP4,0.387,0.661,,Not_Significant,#N/A,0.661,4,3,4,1,2,0,22.451,22.381,21.566,21.132,22.748,20.534,,9.5,1.0
3318,Q9BZH6,WD repeat-containing protein 11,WDR11,0.296,0.237,,Not_Significant,#N/A,0.237,1,2,5,1,1,1,20.827,21.589,21.546,20.682,21.398,21.169,,9.4,1.0
3325,Q9BZZ5,Apoptosis inhibitor 5,API5,0.218,-0.143,,Not_Significant,#N/A,-0.143,8,4,6,7,2,3,23.309,23.002,22.703,23.394,22.786,23.262,,9.4,1.0
3326,Q9C005,Protein dpy-30 homolog,DPY30,1.166,1.427,,Not_Significant,#N/A,1.427,1,0,2,0,0,0,20.724,22.524,22.054,19.997,20.694,20.330,,9.4,1.0
3328,Q9C0C2,182 kDa tankyrase-1-binding protein,TNKS1BP1,1.372,-0.320,,Not_Significant,#N/A,-0.320,30,18,21,18,12,21,25.387,25.125,25.428,25.609,25.736,25.555,,9.4,1.0
3331,Q9C0J8,pre-mRNA 3 end processing protein WDR33,WDR33,0.680,-0.461,,Not_Significant,#N/A,-0.461,1,1,1,1,0,1,21.191,21.587,21.030,21.217,21.915,22.059,,9.4,1.0
3337,Q9GZS3,"WD repeat-containing protein 61;WD repeat-containing protein 61, N-terminally processed",WDR61,0.028,0.155,,Not_Significant,#N/A,0.155,7,4,6,1,1,1,23.778,19.798,23.520,19.581,23.892,23.158,,9.4,1.0
3339,Q9GZU8,Protein FAM192A,FAM192A,0.912,1.355,,Not_Significant,#N/A,1.355,1,2,3,0,0,0,21.431,20.041,21.770,20.532,18.985,19.660,,9.4,1.0
3340,Q9GZZ1,N-alpha-acetyltransferase 50,NAA50,0.193,0.242,,Not_Significant,#N/A,0.242,2,2,1,0,0,0,21.326,22.188,20.658,20.818,21.171,21.458,,9.4,1.0
3342,Q9H000,Probable E3 ubiquitin-protein ligase makorin-2,MKRN2,0.599,1.191,,Not_Significant,#N/A,1.191,2,0,3,0,0,0,21.882,20.105,22.733,20.020,19.871,21.255,,9.4,1.0
3346,Q9H0A0,N-acetyltransferase 10,NAT10,0.179,0.543,,Not_Significant,#N/A,0.543,7,2,1,0,3,0,22.132,22.073,20.076,21.008,22.436,19.207,,9.4,1.0
3348,Q9H0B6,Kinesin light chain 2,KLC2,1.045,-0.640,,Not_Significant,#N/A,-0.640,3,0,1,2,2,1,21.193,20.362,20.453,21.448,21.079,21.401,,9.3,1.0
3350,Q9H0D6,5-3 exoribonuclease 2,XRN2,0.510,-0.353,,Not_Significant,#N/A,-0.353,14,5,8,5,8,7,23.104,22.751,23.576,23.666,23.124,23.701,,9.3,1.0
3351,Q9H0E2,Toll-interacting protein,TOLLIP,1.223,0.948,,Not_Significant,#N/A,0.948,2,2,4,1,1,0,22.692,22.138,22.854,21.716,22.062,21.064,,9.3,1.0
3356,Q9H0H5,Rac GTPase-activating protein 1,RACGAP1,0.759,0.648,,Not_Significant,#N/A,0.648,5,2,3,3,2,4,23.265,22.127,22.624,22.143,21.609,22.320,,9.3,1.0
3357,Q9H0L4,Cleavage stimulation factor subunit 2 tau variant,CSTF2T,0.381,-0.700,,Not_Significant,#N/A,-0.700,3,1,2,3,1,4,23.288,21.033,23.228,23.643,22.994,23.012,,9.3,1.0
3359,Q9H0U3,Magnesium transporter protein 1,MAGT1,1.575,0.737,,Not_Significant,#N/A,0.737,1,2,2,1,2,1,21.622,21.470,21.306,20.552,21.118,20.516,,9.3,1.0
3360,Q9H0U4,Ras-related protein Rab-1B,RAB1B,0.057,-0.038,,Not_Significant,#N/A,-0.038,12,13,13,12,8,5,25.049,25.022,24.754,24.927,25.361,24.650,,9.3,1.0
3361,Q9H0U6,"39S ribosomal protein L18, mitochondrial",MRPL18,0.553,-1.323,,Not_Significant,#N/A,-1.323,1,1,1,1,1,1,21.038,19.830,19.606,21.622,23.072,19.749,,9.3,1.0
3366,Q9H1A4,Anaphase-promoting complex subunit 1,ANAPC1,1.164,0.904,,Not_Significant,#N/A,0.904,0,1,1,0,0,0,20.841,21.168,21.450,19.696,20.804,20.248,,9.3,1.0
3367,Q9H1B7,Interferon regulatory factor 2-binding protein-like,IRF2BPL,0.336,0.591,,Not_Significant,#N/A,0.591,3,1,3,1,0,1,22.396,20.314,21.273,21.530,20.497,20.182,,9.3,1.0
3368,Q9H1E3,Nuclear ubiquitous casein and cyclin-dependent kinase substrate 1,NUCKS1,0.093,0.119,,Not_Significant,#N/A,0.119,4,2,1,3,1,1,23.408,22.457,21.930,22.754,22.436,22.248,,9.2,1.0
3373,Q9H223,EH domain-containing protein 4,EHD4,1.115,0.435,,Not_Significant,#N/A,0.435,5,3,6,3,1,1,22.213,22.403,22.491,22.208,21.953,21.641,,9.2,1.0
3374,Q9H267,Vacuolar protein sorting-associated protein 33B,VPS33B,0.379,-0.443,,Not_Significant,#N/A,-0.443,4,0,2,1,1,2,21.370,20.193,21.786,21.540,21.373,21.764,,9.2,1.0
3375,Q9H269,Vacuolar protein sorting-associated protein 16 homolog,VPS16,0.644,0.494,,Not_Significant,#N/A,0.494,7,6,9,2,3,3,22.322,23.080,23.479,22.454,22.356,22.589,,9.2,1.0
3376,Q9H270,Vacuolar protein sorting-associated protein 11 homolog,VPS11,0.439,0.254,,Not_Significant,#N/A,0.254,4,0,3,0,0,1,22.008,21.565,22.290,21.500,21.654,21.947,,9.2,1.0
3378,Q9H2C0,Gigaxonin,GAN,0.384,0.745,,Not_Significant,#N/A,0.745,1,0,1,0,0,1,21.185,21.496,22.062,20.473,19.713,22.323,,9.2,1.0
3382,Q9H2G2,STE20-like serine/threonine-protein kinase,SLK,0.366,0.633,,Not_Significant,#N/A,0.633,4,2,0,0,0,0,22.653,21.627,23.259,21.718,21.030,22.893,,9.2,1.0
3383,Q9H2H8,Peptidyl-prolyl cis-trans isomerase-like 3,PPIL3,0.574,0.381,,Not_Significant,#N/A,0.381,4,5,4,0,2,1,23.593,23.559,22.767,23.106,22.697,22.972,,9.2,1.0
3385,Q9H2K8,Serine/threonine-protein kinase TAO3,TAOK3,0.860,0.770,,Not_Significant,#N/A,0.770,2,2,2,1,1,1,21.342,21.884,21.312,21.107,21.123,19.997,,9.2,1.0
3386,Q9H2M9,Rab3 GTPase-activating protein non-catalytic subunit,RAB3GAP2,2.626,0.618,,Not_Significant,#N/A,0.618,9,9,7,2,4,1,22.985,23.222,23.130,22.534,22.568,22.380,,9.2,1.0
3389,Q9H2U1,ATP-dependent RNA helicase DHX36,DHX36,0.191,-0.180,,Not_Significant,#N/A,-0.180,1,5,2,4,2,1,21.191,22.075,22.370,22.207,22.004,21.967,,9.1,1.0
3390,Q9H2U2,"Inorganic pyrophosphatase 2, mitochondrial",PPA2,0.890,-0.430,,Not_Significant,#N/A,-0.430,6,6,8,7,5,11,23.959,23.822,24.395,24.229,24.729,24.508,,9.1,1.0
3391,Q9H2W6,"39S ribosomal protein L46, mitochondrial",MRPL46,1.342,-0.937,,Not_Significant,#N/A,-0.937,2,1,1,3,5,3,24.905,24.937,23.979,25.607,25.660,25.366,,9.1,1.0
3392,Q9H307,Pinin,PNN,0.736,-0.315,,Not_Significant,#N/A,-0.315,5,5,9,5,5,6,23.372,22.802,22.990,23.361,23.551,23.198,,9.1,1.0
3394,Q9H3K6,BolA-like protein 2,BOLA2,1.531,0.508,,Not_Significant,#N/A,0.508,3,5,5,4,3,4,25.789,25.805,25.563,25.422,25.242,24.969,,9.1,1.0
3395,Q9H3P2,Negative elongation factor A,NELFA,0.127,0.308,,Not_Significant,#N/A,0.308,4,2,1,2,0,0,22.265,19.597,22.129,20.942,21.401,20.723,,9.1,1.0
3396,Q9H3P7,Golgi resident protein GCP60,ACBD3,2.566,0.623,,Not_Significant,#N/A,0.623,7,6,4,4,2,4,23.005,22.825,22.813,22.331,22.326,22.115,,9.1,1.0
3399,Q9H3S7,Tyrosine-protein phosphatase non-receptor type 23,PTPN23,0.171,0.150,,Not_Significant,#N/A,0.150,8,4,7,1,2,2,22.745,23.170,22.351,22.215,22.585,23.016,,9.1,1.0
3400,Q9H3U1,Protein unc-45 homolog A,UNC45A,0.940,0.369,,Not_Significant,#N/A,0.369,14,17,15,6,7,7,24.172,24.528,24.669,24.120,23.885,24.257,,9.1,1.0
3403,Q9H444,Charged multivesicular body protein 4b,CHMP4B,0.215,0.565,,Not_Significant,#N/A,0.565,3,2,3,2,1,1,22.577,20.111,22.297,22.386,20.673,20.232,,9.1,1.0
3405,Q9H4A3,Serine/threonine-protein kinase WNK1,WNK1,0.507,0.715,,Not_Significant,#N/A,0.715,7,5,5,4,3,2,22.431,22.416,22.303,22.227,22.339,20.440,,9.0,1.0
3406,Q9H4A4,Aminopeptidase B,RNPEP,2.061,1.002,,Not_Significant,#N/A,1.002,18,11,13,6,3,4,24.226,23.845,23.811,23.101,23.139,22.637,,9.0,1.0
3409,Q9H4E7,Differentially expressed in FDCP 6 homolog,DEF6,0.291,0.262,,Not_Significant,#N/A,0.262,9,4,4,3,3,3,22.935,22.936,22.066,22.716,21.970,22.466,,9.0,1.0
3412,Q9H4L5,Oxysterol-binding protein-related protein 3,OSBPL3,0.160,-0.100,,Not_Significant,#N/A,-0.100,2,2,2,4,2,3,21.366,21.911,21.937,22.054,21.886,21.573,,9.0,1.0
3414,Q9H4M9,EH domain-containing protein 1,EHD1,1.228,0.483,,Not_Significant,#N/A,0.483,22,18,20,11,11,8,24.012,24.129,23.816,23.314,23.822,23.372,,9.0,1.0
3423,Q9H6S3,Epidermal growth factor receptor kinase substrate 8-like protein 2,EPS8L2,1.294,0.325,,Not_Significant,#N/A,0.325,8,9,8,5,4,3,22.988,23.372,23.265,22.938,22.853,22.860,,9.0,1.0
3424,Q9H6T0,Epithelial splicing regulatory protein 2,ESRP2,0.948,-1.792,,Not_Significant,#N/A,-1.792,3,4,4,6,4,6,22.901,20.099,22.571,23.635,23.598,23.714,,9.0,1.0
3425,Q9H6T3,RNA polymerase II-associated protein 3,RPAP3,0.425,3.781,,Not_Significant,#N/A,3.781,7,3,5,0,1,0,31.565,31.510,29.859,31.073,30.829,19.688,,9.0,1.0
3428,Q9H6Y2,WD repeat-containing protein 55,WDR55,0.516,1.270,,Not_Significant,#N/A,1.270,2,1,2,1,0,1,22.852,22.670,22.886,19.378,22.645,22.574,,9.0,1.0
3432,Q9H7B2,Ribosome production factor 2 homolog,RPF2,0.021,-0.032,,Not_Significant,#N/A,-0.032,0,0,0,0,1,0,20.229,20.924,21.163,20.477,21.635,20.300,,9.0,1.0
3433,Q9H7D7,WD repeat-containing protein 26,WDR26,0.845,1.578,,Not_Significant,#N/A,1.578,8,2,3,2,1,0,22.726,22.283,22.975,21.911,21.940,19.397,,8.9,1.0
3442,Q9H832,Ubiquitin-conjugating enzyme E2 Z,UBE2Z,1.055,0.758,,Not_Significant,#N/A,0.758,1,2,1,1,0,0,20.010,20.790,19.863,19.670,19.110,19.610,,8.9,1.0
3443,Q9H845,"Acyl-CoA dehydrogenase family member 9, mitochondrial",ACAD9,1.935,-0.791,,Not_Significant,#N/A,-0.791,3,1,3,4,2,6,21.752,21.906,22.066,22.401,22.774,22.922,,8.9,1.0
3448,Q9H8H3,Methyltransferase-like protein 7A,METTL7A,0.833,2.373,,Not_Significant,#N/A,2.373,4,3,2,1,4,2,24.440,24.696,24.768,21.256,24.872,20.657,,8.9,1.0
3451,Q9H8V3,Protein ECT2,ECT2,0.513,0.731,,Not_Significant,#N/A,0.731,3,2,2,1,1,1,22.526,21.662,22.275,22.171,21.793,20.306,,8.9,1.0
3454,Q9H910,Hematological and neurological expressed 1-like protein,HN1L,1.056,0.721,,Not_Significant,#N/A,0.721,6,9,4,3,2,2,23.733,23.915,23.643,23.460,23.232,22.435,,8.9,1.0
3455,Q9H944,Mediator of RNA polymerase II transcription subunit 20,MED20,0.663,1.502,,Not_Significant,#N/A,1.502,2,0,3,0,0,0,22.270,20.228,22.883,21.432,19.215,20.228,,8.9,1.0
3457,Q9H993,Protein-glutamate O-methyltransferase,ARMT1,1.214,1.860,,Not_Significant,#N/A,1.860,6,3,6,1,1,0,24.210,23.911,24.344,23.226,22.754,20.905,,8.9,1.0
3459,Q9H9A6,Leucine-rich repeat-containing protein 40,LRRC40,1.042,2.222,,Not_Significant,#N/A,2.222,4,2,8,0,0,0,23.614,23.726,23.755,23.444,20.175,20.810,,8.9,1.0
3463,Q9H9E3,Conserved oligomeric Golgi complex subunit 4,COG4,1.070,1.342,,Not_Significant,#N/A,1.342,9,0,1,0,2,0,22.135,21.754,21.917,20.461,21.655,19.663,,8.9,1.0
3466,Q9H9P8,"L-2-hydroxyglutarate dehydrogenase, mitochondrial",L2HGDH,1.431,-1.361,,Not_Significant,#N/A,-1.361,0,1,1,3,1,0,20.025,20.096,20.473,21.925,22.031,20.721,,8.8,1.0
3467,Q9H9Q2,COP9 signalosome complex subunit 7b,COPS7B,0.285,1.698,,Not_Significant,#N/A,1.698,3,1,3,0,0,1,26.120,20.333,26.405,25.275,20.822,21.667,,8.8,1.0
3469,Q9H9T3,Elongator complex protein 3,ELP3,0.347,0.378,,Not_Significant,#N/A,0.378,5,5,4,1,2,0,22.183,21.559,22.149,21.671,20.846,22.238,,8.8,1.0
3471,Q9HA64,Ketosamine-3-kinase,FN3KRP,1.220,0.565,,Not_Significant,#N/A,0.565,5,3,7,0,4,2,22.247,22.572,22.025,21.803,21.427,21.919,,8.8,1.0
3473,Q9HA77,"Probable cysteine--tRNA ligase, mitochondrial",CARS2,1.084,-1.470,,Not_Significant,#N/A,-1.470,2,1,1,1,2,1,20.697,19.568,20.018,21.973,22.237,20.482,,8.8,1.0
3476,Q9HAH7,Probable fibrosin-1,FBRS,0.753,0.574,,Not_Significant,#N/A,0.574,0,0,2,0,0,0,20.760,19.931,20.875,19.672,20.301,19.871,,8.8,1.0
3479,Q9HAV4,Exportin-5,XPO5,2.070,0.619,,Not_Significant,#N/A,0.619,20,12,17,5,4,4,24.547,24.231,24.379,23.941,23.640,23.720,,8.8,1.0
3480,Q9HAV7,"GrpE protein homolog 1, mitochondrial",GRPEL1,0.521,-0.548,,Not_Significant,#N/A,-0.548,7,7,8,5,6,5,23.111,24.402,24.030,24.386,24.847,23.954,,8.8,1.0
3481,Q9HB07,"UPF0160 protein MYG1, mitochondrial",C12orf10,0.003,0.004,,Not_Significant,#N/A,0.004,3,3,5,3,4,2,22.352,22.606,22.489,23.185,22.750,21.499,,8.8,1.0
3482,Q9HB71,Calcyclin-binding protein,CACYBP,1.120,0.346,,Not_Significant,#N/A,0.346,25,16,18,13,9,8,26.368,25.981,26.289,25.992,25.901,25.705,,8.8,1.0
3484,Q9HBK9,Arsenite methyltransferase,AS3MT,1.405,1.205,,Not_Significant,#N/A,1.205,4,3,7,3,2,3,23.754,22.816,23.807,22.190,21.878,22.693,,8.7,1.0
3485,Q9HBL8,NmrA-like family domain-containing protein 1,NMRAL1,0.347,0.480,,Not_Significant,#N/A,0.480,1,1,2,0,0,0,20.443,20.932,21.383,19.518,20.538,21.261,,8.7,1.0
3488,Q9HC35,Echinoderm microtubule-associated protein-like 4,EML4,0.662,0.961,,Not_Significant,#N/A,0.961,2,1,1,2,2,1,22.152,22.415,21.743,21.490,22.014,19.922,,8.7,1.0
3489,Q9HC38,Glyoxalase domain-containing protein 4,GLOD4,0.375,0.651,,Not_Significant,#N/A,0.651,4,2,1,1,1,0,21.626,22.099,20.084,21.413,20.151,20.291,,8.7,1.0
3500,Q9HCS7,Pre-mRNA-splicing factor SYF1,XAB2,1.030,0.625,,Not_Significant,#N/A,0.625,7,3,5,2,1,0,22.325,22.334,22.356,22.044,21.147,21.949,,8.7,1.0
3501,Q9HCU5,Prolactin regulatory element-binding protein,PREB,0.669,0.676,,Not_Significant,#N/A,0.676,2,1,2,0,1,0,21.872,21.925,22.452,21.029,22.244,20.949,,8.7,1.0
3502,Q9HCY8,Protein S100-A14,S100A14,0.009,-0.021,,Not_Significant,#N/A,-0.021,2,1,0,2,1,0,21.957,19.768,20.280,21.561,20.446,20.061,,8.7,1.0
3503,Q9HD15,Steroid receptor RNA activator 1,SRA1,1.488,0.627,,Not_Significant,#N/A,0.627,3,2,3,2,1,0,20.935,21.201,21.313,20.843,20.369,20.357,,8.7,1.0
3504,Q9HD20,Manganese-transporting ATPase 13A1,ATP13A1,0.552,0.550,,Not_Significant,#N/A,0.550,4,1,1,0,1,0,21.377,21.234,21.292,20.004,21.527,20.720,,8.7,1.0
3506,Q9HD33,"39S ribosomal protein L47, mitochondrial",MRPL47,0.672,-0.820,,Not_Significant,#N/A,-0.820,2,2,3,2,3,2,20.292,21.161,21.018,22.036,22.216,20.680,,8.7,1.0
3508,Q9HD42,Charged multivesicular body protein 1a,CHMP1A,1.127,0.419,,Not_Significant,#N/A,0.419,4,2,2,1,1,1,22.721,22.801,22.853,22.630,22.438,22.049,,8.6,1.0
3512,Q9NP61,ADP-ribosylation factor GTPase-activating protein 3,ARFGAP3,1.405,1.648,,Not_Significant,#N/A,1.648,4,2,2,1,0,1,22.690,22.773,22.078,20.366,20.364,21.867,,8.6,1.0
3514,Q9NP72,Ras-related protein Rab-18,RAB18,0.283,-0.196,,Not_Significant,#N/A,-0.196,5,5,7,4,3,5,24.981,25.439,25.196,25.126,25.187,25.890,,8.6,1.0
3516,Q9NP79,Vacuolar protein sorting-associated protein VTA1 homolog,VTA1,1.498,0.322,,Not_Significant,#N/A,0.322,5,4,6,4,2,4,22.931,22.790,23.049,22.470,22.675,22.658,,8.6,1.0
3517,Q9NP81,"Serine--tRNA ligase, mitochondrial",SARS2,1.121,-1.032,,Not_Significant,#N/A,-1.032,2,1,3,3,3,2,20.449,20.769,21.419,22.322,22.142,21.269,,8.6,1.0
3518,Q9NP97;Q8TF09,Dynein light chain roadblock-type 1;Dynein light chain roadblock-type 2,DYNLRB1;DYNLRB2,0.674,1.550,,Not_Significant,#N/A,1.550,2,6,4,2,1,4,24.005,24.082,23.837,23.816,20.384,23.073,,8.6,1.0
3522,Q9NPD3,Exosome complex component RRP41,EXOSC4,0.756,0.217,,Not_Significant,#N/A,0.217,4,5,6,3,4,1,22.868,22.661,22.704,22.752,22.464,22.365,,8.6,1.0
3527,Q9NPH2,Inositol-3-phosphate synthase 1,ISYNA1,0.171,0.413,,Not_Significant,#N/A,0.413,5,4,1,0,1,2,22.229,22.441,20.358,20.641,20.621,22.528,,8.6,1.0
3533,Q9NQ29,Putative RNA-binding protein Luc7-like 1,LUC7L,1.275,-1.859,,Not_Significant,#N/A,-1.859,1,0,0,0,0,0,20.317,20.097,20.010,20.677,22.407,22.917,,8.6,1.0
3541,Q9NQH7,Probable Xaa-Pro aminopeptidase 3,XPNPEP3,0.751,-2.510,,Not_Significant,#N/A,-2.510,3,1,2,5,3,1,24.452,20.364,25.280,26.145,26.034,25.449,,8.6,1.0
3542,Q9NQP4,Prefoldin subunit 4,PFDN4,0.280,-1.103,,Not_Significant,#N/A,-1.103,1,1,1,2,2,1,24.159,20.412,20.265,23.409,23.878,20.857,,8.5,1.0
3543,Q9NQR4,Omega-amidase NIT2,NIT2,2.522,0.419,,Not_Significant,#N/A,0.419,7,4,6,1,1,0,23.891,23.758,23.760,23.432,23.432,23.288,,8.5,1.0
3548,Q9NQW6,Actin-binding protein anillin,ANLN,0.320,0.369,,Not_Significant,#N/A,0.369,17,10,14,11,8,5,23.569,22.493,23.964,23.310,22.735,22.875,,8.5,1.0
3550,Q9NQX3,Gephyrin;Molybdopterin adenylyltransferase;Molybdopterin molybdenumtransferase,GPHN,1.579,-0.562,,Not_Significant,#N/A,-0.562,4,2,2,2,2,3,21.992,22.035,22.142,22.803,22.305,22.747,,8.5,1.0
3551,Q9NQX4,Unconventional myosin-Vc,MYO5C,0.482,-0.635,,Not_Significant,#N/A,-0.635,0,1,2,3,2,2,21.026,21.559,19.647,21.330,21.317,21.490,,8.5,1.0
3554,Q9NR12,PDZ and LIM domain protein 7,PDLIM7,0.363,0.538,,Not_Significant,#N/A,0.538,2,2,2,1,1,0,21.167,21.797,21.260,20.934,19.825,21.851,,8.5,1.0
3555,Q9NR19,"Acetyl-coenzyme A synthetase, cytoplasmic",ACSS2,0.339,0.473,,Not_Significant,#N/A,0.473,3,1,2,1,0,0,22.187,20.785,21.732,21.569,21.420,20.297,,8.5,1.0
3557,Q9NR30,Nucleolar RNA helicase 2,DDX21,0.281,-0.480,,Not_Significant,#N/A,-0.480,24,10,10,9,21,9,24.087,23.002,22.612,23.160,24.771,23.211,,8.5,1.0
3558,Q9NR31,GTP-binding protein SAR1a,SAR1A,0.585,1.625,,Not_Significant,#N/A,1.625,4,1,2,0,1,0,23.600,23.578,23.491,23.070,23.267,19.457,,8.5,1.0
3559,Q9NR45,Sialic acid synthase,NANS,0.993,0.566,,Not_Significant,#N/A,0.566,6,7,4,4,3,3,24.673,24.297,24.122,23.972,23.375,24.045,,8.5,1.0
3560,Q9NR46,Endophilin-B2,SH3GLB2,0.984,0.286,,Not_Significant,#N/A,0.286,7,7,6,3,2,2,22.719,22.986,23.149,22.589,22.769,22.638,,8.4,1.0
3561,Q9NR50,Translation initiation factor eIF-2B subunit gamma,EIF2B3,0.130,-0.166,,Not_Significant,#N/A,-0.166,1,1,1,0,1,0,21.416,20.351,21.378,20.800,21.015,21.830,,8.4,1.0
3562,Q9NR56,Muscleblind-like protein 1,MBNL1,0.011,-0.031,,Not_Significant,#N/A,-0.031,5,1,3,3,0,1,23.084,22.522,23.113,23.662,21.148,24.003,,8.4,1.0
3565,Q9NRG9,Aladin,AAAS,0.460,0.198,,Not_Significant,#N/A,0.198,8,4,5,2,1,3,22.784,22.620,22.488,22.415,22.154,22.727,,8.4,1.0
3568,Q9NRN7,L-aminoadipate-semialdehyde dehydrogenase-phosphopantetheinyl transferase,AASDHPPT,0.151,0.286,,Not_Significant,#N/A,0.286,2,1,3,1,1,0,22.183,22.408,22.303,22.720,22.706,20.611,,8.4,1.0
3571,Q9NRW7,Vacuolar protein sorting-associated protein 45,VPS45,0.178,-0.141,,Not_Significant,#N/A,-0.141,7,4,8,1,1,2,22.403,22.433,22.939,22.352,22.658,23.188,,8.4,1.0
3573,Q9NRX2,"39S ribosomal protein L17, mitochondrial",MRPL17,0.588,-1.461,,Not_Significant,#N/A,-1.461,2,0,2,2,2,4,21.148,20.389,20.265,23.205,23.067,19.913,,8.4,1.0
3574,Q9NRX4,14 kDa phosphohistidine phosphatase,PHPT1,0.622,0.465,,Not_Significant,#N/A,0.465,6,3,3,1,0,0,23.989,23.642,23.224,23.238,22.678,23.543,,8.4,1.0
3575,Q9NRY4,Rho GTPase-activating protein 35,ARHGAP35,0.132,0.193,,Not_Significant,#N/A,0.193,3,0,3,0,0,0,21.096,19.371,20.563,20.500,20.031,19.919,,8.4,1.0
3576,Q9NRZ9,Lymphoid-specific helicase,HELLS,0.277,-0.119,,Not_Significant,#N/A,-0.119,2,1,3,0,0,0,21.201,20.678,21.173,21.107,21.107,21.195,,8.4,1.0
3577,Q9NS69,Mitochondrial import receptor subunit TOM22 homolog,TOMM22,1.114,1.231,,Not_Significant,#N/A,1.231,4,4,6,3,2,0,22.259,22.843,22.210,22.162,20.765,20.692,,8.3,1.0
3580,Q9NSD9,Phenylalanine--tRNA ligase beta subunit,FARSB,0.711,0.185,,Not_Significant,#N/A,0.185,22,15,18,13,13,11,24.702,24.676,24.970,24.507,24.545,24.741,,8.3,1.0
3581,Q9NSE4,"Isoleucine--tRNA ligase, mitochondrial",IARS2,1.123,-0.568,,Not_Significant,#N/A,-0.568,9,4,7,9,11,4,22.762,23.102,22.613,23.535,23.626,23.020,,8.3,1.0
3582,Q9NSK0,Kinesin light chain 4,KLC4,1.003,-0.746,,Not_Significant,#N/A,-0.746,2,3,1,3,3,2,21.631,20.897,20.775,21.530,21.730,22.281,,8.3,1.0
3586,Q9NTI5,Sister chromatid cohesion protein PDS5 homolog B,PDS5B,1.077,0.726,,Not_Significant,#N/A,0.726,11,5,6,3,3,2,23.131,22.240,23.038,21.981,22.358,21.891,,8.3,1.0
3587,Q9NTJ3,Structural maintenance of chromosomes protein 4,SMC4,0.902,0.188,,Not_Significant,#N/A,0.188,26,11,18,8,9,8,24.036,23.762,24.012,23.687,23.728,23.830,,8.3,1.0
3589,Q9NTJ5,Phosphatidylinositide phosphatase SAC1,SACM1L,0.105,0.061,,Not_Significant,#N/A,0.061,8,8,7,4,2,4,22.487,22.711,22.118,22.507,22.142,22.484,,8.3,1.0
3590,Q9NTK5,Obg-like ATPase 1,OLA1,1.315,0.422,,Not_Significant,#N/A,0.422,5,7,9,5,2,6,23.842,24.161,23.781,23.692,23.426,23.400,,8.3,1.0
3592,Q9NTZ6,RNA-binding protein 12,RBM12,0.583,0.154,,Not_Significant,#N/A,0.154,7,3,6,1,3,3,23.026,22.817,22.634,22.605,22.696,22.712,,8.3,1.0
3599,Q9NUL3,Double-stranded RNA-binding protein Staufen homolog 2,STAU2,0.196,0.464,,Not_Significant,#N/A,0.464,5,2,2,1,1,2,29.167,27.031,26.710,27.765,27.540,26.212,,8.3,1.0
3601,Q9NUP9,Protein lin-7 homolog C,LIN7C,1.670,0.629,,Not_Significant,#N/A,0.629,7,3,6,2,2,2,22.774,22.777,22.788,21.827,22.218,22.409,,8.2,1.0
3602,Q9NUQ3,Gamma-taxilin,TXLNG,0.550,-0.438,,Not_Significant,#N/A,-0.438,3,0,3,0,1,1,21.305,20.393,21.469,21.565,21.280,21.635,,8.2,1.0
3604,Q9NUQ7,Ufm1-specific protease 2,UFSP2,0.931,1.121,,Not_Significant,#N/A,1.121,4,3,5,0,1,1,22.173,22.058,21.681,21.546,19.781,21.222,,8.2,1.0
3605,Q9NUQ8,ATP-binding cassette sub-family F member 3,ABCF3,0.229,0.123,,Not_Significant,#N/A,0.123,13,11,12,6,10,7,22.995,23.427,23.339,23.013,23.456,22.923,,8.2,1.0
3606,Q9NUQ9,Protein FAM49B,FAM49B,1.234,1.598,,Not_Significant,#N/A,1.598,8,5,5,0,0,0,22.579,22.394,21.903,21.699,19.712,20.671,,8.2,1.0
3607,Q9NUU7;Q9UMR2,ATP-dependent RNA helicase DDX19A;ATP-dependent RNA helicase DDX19B,DDX19A;DDX19B,1.346,0.376,,Not_Significant,#N/A,0.376,13,10,13,6,5,7,23.376,23.506,23.624,23.248,23.222,22.909,,8.2,1.0
3613,Q9NV70,Exocyst complex component 1,EXOC1,0.399,0.050,,Not_Significant,#N/A,0.050,5,1,8,1,3,3,22.465,22.534,22.356,22.385,22.418,22.402,,8.2,1.0
3615,Q9NVA2,Septin-11,44450,1.630,0.500,,Not_Significant,#N/A,0.500,15,12,10,5,7,8,25.173,24.710,25.037,24.465,24.427,24.527,,8.2,1.0
3618,Q9NVE7,Pantothenate kinase 4,PANK4,0.151,0.289,,Not_Significant,#N/A,0.289,3,1,5,1,3,2,21.125,21.726,21.191,19.693,21.837,21.646,,8.2,1.0
3620,Q9NVH1,DnaJ homolog subfamily C member 11,DNAJC11,3.003,-0.724,,Not_Significant,#N/A,-0.724,3,4,3,2,3,1,21.250,21.149,21.299,21.814,22.016,22.039,,8.2,1.0
3621,Q9NVH2,Integrator complex subunit 7,INTS7,0.968,3.481,,Not_Significant,#N/A,3.481,1,1,2,0,0,0,25.393,20.798,25.732,21.574,20.176,19.729,,8.1,1.0
3622,Q9NVI1,Fanconi anemia group I protein,FANCI,0.473,0.853,,Not_Significant,#N/A,0.853,3,0,3,0,0,0,22.314,20.310,20.322,19.344,20.320,20.723,,8.1,1.0
3623,Q9NVI7,ATPase family AAA domain-containing protein 3A,ATAD3A,1.216,-0.464,,Not_Significant,#N/A,-0.464,9,10,9,11,12,10,23.202,23.649,23.716,24.102,24.019,23.837,,8.1,1.0
3626,Q9NVP1,ATP-dependent RNA helicase DDX18,DDX18,0.158,0.328,,Not_Significant,#N/A,0.328,3,1,1,0,1,0,22.135,21.201,20.893,20.442,22.447,20.357,,8.1,1.0
3630,Q9NVS9,Pyridoxine-5-phosphate oxidase,PNPO,0.488,0.371,,Not_Significant,#N/A,0.371,1,0,1,0,0,0,21.106,21.124,20.320,20.563,20.103,20.773,,8.1,1.0
3634,Q9NVX2,Notchless protein homolog 1,NLE1,0.807,1.360,,Not_Significant,#N/A,1.360,5,3,3,0,0,2,22.272,22.574,20.168,20.151,20.687,20.095,,8.1,1.0
3637,Q9NW64,Pre-mRNA-splicing factor RBM22,RBM22,0.178,0.105,,Not_Significant,#N/A,0.105,3,1,1,2,2,0,22.007,21.271,21.698,21.494,21.693,21.474,,8.1,1.0
3640,Q9NWB6,Arginine and glutamate-rich protein 1,ARGLU1,0.518,-1.817,,Not_Significant,#N/A,-1.817,0,0,0,0,1,1,19.888,22.764,20.277,23.451,20.376,24.551,,8.1,1.0
3643,Q9NWS8,Required for meiotic nuclear division protein 1 homolog,RMND1,0.504,-0.153,,Not_Significant,#N/A,-0.153,2,2,2,4,1,1,21.654,21.416,21.762,21.930,21.703,21.657,,8.1,1.0
3646,Q9NWU2,Glucose-induced degradation protein 8 homolog,GID8,0.263,0.234,,Not_Significant,#N/A,0.234,4,1,2,0,0,0,20.624,21.241,20.822,21.012,20.054,20.918,,8.1,1.0
3647,Q9NWU5,"39S ribosomal protein L22, mitochondrial",MRPL22,0.952,-1.070,,Not_Significant,#N/A,-1.070,4,1,1,2,2,3,21.721,21.876,20.677,23.176,22.393,21.916,,8.0,1.0
3648,Q9NWV4,UPF0587 protein C1orf123,C1orf123,0.252,1.191,,Not_Significant,#N/A,1.191,2,0,3,1,1,0,24.350,20.738,25.121,23.667,23.353,19.617,,8.0,1.0
3649,Q9NWV8,BRISC and BRCA1-A complex member 1,BABAM1,0.865,1.065,,Not_Significant,#N/A,1.065,1,1,2,0,1,0,21.784,21.937,22.101,19.863,21.818,20.946,,8.0,1.0
3651,Q9NX02,"NACHT, LRR and PYD domains-containing protein 2",NLRP2,1.890,0.788,,Not_Significant,#N/A,0.788,11,10,12,3,6,3,24.226,24.427,24.774,23.535,23.851,23.679,,8.0,1.0
3653,Q9NX18,"Succinate dehydrogenase assembly factor 2, mitochondrial",SDHAF2,0.191,-0.390,,Not_Significant,#N/A,-0.390,0,0,0,1,2,1,21.075,20.066,20.336,21.463,21.738,19.446,,8.0,1.0
3656,Q9NX46,Poly(ADP-ribose) glycohydrolase ARH3,ADPRHL2,0.165,0.190,,Not_Significant,#N/A,0.190,1,0,2,0,1,0,20.984,20.032,21.374,20.806,20.264,20.750,,8.0,1.0
3658,Q9NX63,MICOS complex subunit MIC19,CHCHD3,1.071,-0.504,,Not_Significant,#N/A,-0.504,8,6,5,9,5,10,27.335,27.860,27.259,28.171,28.020,27.777,,8.0,1.0
3661,Q9NXC5,WD repeat-containing protein mio,MIOS,1.453,1.106,,Not_Significant,#N/A,1.106,3,1,3,0,1,0,21.860,21.573,21.616,20.448,21.223,20.060,,8.0,1.0
3666,Q9NXH9,tRNA (guanine(26)-N(2))-dimethyltransferase,TRMT1,0.763,0.715,,Not_Significant,#N/A,0.715,1,0,2,0,0,0,22.365,22.163,22.416,22.445,21.235,21.118,,8.0,1.0
3670,Q9NXV6,CDKN2A-interacting protein,CDKN2AIP,0.008,0.003,,Not_Significant,#N/A,0.003,1,0,0,0,1,1,20.702,20.320,20.453,20.612,20.504,20.348,,8.0,1.0
3678,Q9NYF8,Bcl-2-associated transcription factor 1,BCLAF1,1.819,-0.789,,Not_Significant,#N/A,-0.789,11,5,5,5,8,7,23.522,23.351,23.614,24.081,24.134,24.638,,7.9,1.0
3680,Q9NYJ8,TGF-beta-activated kinase 1 and MAP3K7-binding protein 2,TAB2,0.480,0.656,,Not_Significant,#N/A,0.656,2,2,3,1,1,1,19.967,21.073,21.982,20.294,20.571,20.191,,7.9,1.0
3681,Q9NYK5,"39S ribosomal protein L39, mitochondrial",MRPL39,1.832,-0.908,,Not_Significant,#N/A,-0.908,6,4,6,6,6,5,28.051,28.289,28.429,29.416,29.287,28.789,,7.9,1.0
3682,Q9NYL9,Tropomodulin-3,TMOD3,0.110,0.037,,Not_Significant,#N/A,0.037,7,8,5,6,4,4,23.560,23.812,23.408,23.568,23.607,23.493,,7.9,1.0
3684,Q9NYU2,UDP-glucose:glycoprotein glucosyltransferase 1,UGGT1,1.449,1.138,,Not_Significant,#N/A,1.138,3,4,3,0,0,0,21.661,20.846,22.050,20.420,20.220,20.504,,7.9,1.0
3687,Q9NYY8,FAST kinase domain-containing protein 2,FASTKD2,0.362,-1.185,,Not_Significant,#N/A,-1.185,2,1,2,4,3,3,20.649,21.775,22.272,24.319,23.711,20.221,,7.9,1.0
3688,Q9NZ01,Very-long-chain enoyl-CoA reductase,TECR,1.731,0.503,,Not_Significant,#N/A,0.503,4,3,3,3,2,3,22.505,22.347,22.683,21.933,22.185,21.910,,7.9,1.0
3693,Q9NZB2,Constitutive coactivator of PPAR-gamma-like protein 1,FAM120A,2.159,-0.928,,Not_Significant,#N/A,-0.928,9,7,7,11,8,10,24.391,24.003,23.864,25.191,24.895,24.956,,7.9,1.0
3697,Q9NZI7;Q12800,Upstream-binding protein 1;Alpha-globin transcription factor CP2,UBP1;TFCP2,0.355,0.723,,Not_Significant,#N/A,0.723,1,0,3,1,1,1,21.908,20.230,22.069,19.907,21.886,20.246,,7.9,1.0
3698,Q9NZL4,Hsp70-binding protein 1,HSPBP1,0.177,0.159,,Not_Significant,#N/A,0.159,5,4,3,2,3,3,23.580,23.511,23.453,23.075,22.960,24.031,,7.9,1.0
3700,Q9NZM1,Myoferlin,MYOF,0.805,-0.168,,Not_Significant,#N/A,-0.168,29,28,24,28,22,17,24.342,24.399,24.135,24.537,24.485,24.358,,7.8,1.0
3704,Q9NZT2,Opioid growth factor receptor,OGFR,1.236,-1.618,,Not_Significant,#N/A,-1.618,0,0,0,2,3,1,22.550,20.457,21.373,23.187,22.870,23.176,,7.8,1.0
3707,Q9P000,COMM domain-containing protein 9,COMMD9,0.423,0.524,,Not_Significant,#N/A,0.524,3,1,1,0,1,1,21.185,21.194,20.035,19.996,19.848,20.999,,7.8,1.0
3709,Q9P013,Spliceosome-associated protein CWC15 homolog,CWC15,0.589,-0.832,,Not_Significant,#N/A,-0.832,1,1,2,0,0,2,19.776,20.504,21.206,20.823,20.879,22.280,,7.8,1.0
3712,Q9P035,Very-long-chain (3R)-3-hydroxyacyl-CoA dehydratase 3,HACD3,0.772,-0.766,,Not_Significant,#N/A,-0.766,2,1,1,2,0,0,20.565,20.533,19.403,20.951,21.357,20.489,,7.8,1.0
3715,Q9P0J0,NADH dehydrogenase [ubiquinone] 1 alpha subcomplex subunit 13,NDUFA13,1.224,0.597,,Not_Significant,#N/A,0.597,5,4,1,1,2,2,23.558,23.320,22.980,22.378,22.844,22.847,,7.8,1.0
3717,Q9P0L0,Vesicle-associated membrane protein-associated protein A,VAPA,0.079,0.024,,Not_Significant,#N/A,0.024,3,3,3,3,3,2,23.233,23.011,23.240,23.249,23.168,22.995,,7.8,1.0
3719,Q9P0M6,Core histone macro-H2A.2,H2AFY2,0.307,0.282,,Not_Significant,#N/A,0.282,6,1,3,2,4,2,22.850,21.747,22.298,22.314,22.092,21.642,,7.8,1.0
3722,Q9P0V9,Septin-10,44449,0.478,0.267,,Not_Significant,#N/A,0.267,6,3,6,3,3,1,21.933,22.031,22.432,22.232,21.611,21.751,,7.8,1.0
3728,Q9P219,Protein Daple,CCDC88C,0.914,-2.555,,Not_Significant,#N/A,-2.555,2,0,1,2,1,0,20.759,20.217,21.116,24.671,24.385,20.701,,7.8,1.0
3729,Q9P253,Vacuolar protein sorting-associated protein 18 homolog,VPS18,1.659,1.152,,Not_Significant,#N/A,1.152,7,3,5,1,0,0,22.519,22.053,22.477,21.311,21.614,20.667,,7.7,1.0
3730,Q9P258,Protein RCC2,RCC2,0.112,0.064,,Not_Significant,#N/A,0.064,19,9,17,9,10,8,24.481,23.904,24.179,24.252,24.241,23.880,,7.7,1.0
3732,Q9P265,Disco-interacting protein 2 homolog B,DIP2B,0.066,-0.103,,Not_Significant,#N/A,-0.103,2,0,0,0,0,0,21.119,20.580,19.638,20.733,21.004,19.909,,7.7,1.0
3740,Q9P2E9,Ribosome-binding protein 1,RRBP1,0.016,-0.008,,Not_Significant,#N/A,-0.008,13,11,9,7,5,3,22.676,22.419,22.277,22.663,22.502,22.232,,7.7,1.0
3741,Q9P2I0,Cleavage and polyadenylation specificity factor subunit 2,CPSF2,0.619,1.545,,Not_Significant,#N/A,1.545,1,0,1,1,0,0,20.435,22.013,22.602,21.960,19.044,19.412,,7.7,1.0
3742,Q9P2J5,"Leucine--tRNA ligase, cytoplasmic",LARS,2.013,0.180,,Not_Significant,#N/A,0.180,45,36,38,30,20,24,25.338,25.441,25.453,25.247,25.204,25.239,,7.7,1.0
3744,Q9P2K5,Myelin expression factor 2,MYEF2,0.799,-1.458,,Not_Significant,#N/A,-1.458,1,0,0,3,3,4,22.785,20.000,20.650,22.572,22.513,22.725,,7.7,1.0
3745,Q9P2M7,Cingulin,CGN,1.371,-0.789,,Not_Significant,#N/A,-0.789,6,6,4,7,10,8,23.151,22.473,23.097,23.389,23.789,23.911,,7.7,1.0
3746,Q9P2N5,RNA-binding protein 27,RBM27,0.461,-0.298,,Not_Significant,#N/A,-0.298,4,1,4,2,2,1,21.595,20.986,21.697,21.548,21.562,22.060,,7.7,1.0
3747,Q9P2R3,Rabankyrin-5,ANKFY1,1.612,1.247,,Not_Significant,#N/A,1.247,7,3,4,2,2,0,22.676,22.644,23.014,22.013,21.689,20.890,,7.7,1.0
3749,Q9P2R7,"Succinyl-CoA ligase [ADP-forming] subunit beta, mitochondrial",SUCLA2,3.024,-0.533,,Not_Significant,#N/A,-0.533,2,2,3,1,3,2,22.076,22.054,22.047,22.698,22.588,22.489,,7.6,1.0
3752,Q9UBB4,Ataxin-10,ATXN10,2.227,0.455,,Not_Significant,#N/A,0.455,9,10,11,5,5,4,22.766,22.816,22.812,22.511,22.253,22.266,,7.6,1.0
3753,Q9UBB5,Methyl-CpG-binding domain protein 2,MBD2,0.696,1.201,,Not_Significant,#N/A,1.201,0,0,0,0,0,0,22.394,20.094,22.096,19.706,20.615,20.659,,7.6,1.0
3754,Q9UBB6,Neurochondrin,NCDN,0.249,0.332,,Not_Significant,#N/A,0.332,3,0,4,0,1,0,21.886,22.185,22.021,22.087,22.343,20.665,,7.6,1.0
3756,Q9UBC2,Epidermal growth factor receptor substrate 15-like 1,EPS15L1,0.386,-0.105,,Not_Significant,#N/A,-0.105,5,3,1,3,3,2,21.764,21.766,21.429,21.784,21.716,21.774,,7.6,1.0
3758,Q9UBE0,"SUMO-activating enzyme subunit 1;SUMO-activating enzyme subunit 1, N-terminally processed",SAE1,0.258,0.346,,Not_Significant,#N/A,0.346,1,1,1,0,0,0,21.919,20.710,21.691,21.545,20.332,21.406,,7.6,1.0
3759,Q9UBF2,Coatomer subunit gamma-2,COPG2,1.189,0.348,,Not_Significant,#N/A,0.348,14,7,13,4,5,3,23.123,23.225,23.519,22.940,22.823,23.061,,7.6,1.0
3760,Q9UBI1,COMM domain-containing protein 3,COMMD3,0.204,-0.129,,Not_Significant,#N/A,-0.129,3,3,7,2,3,1,22.792,23.011,22.486,23.262,22.791,22.623,,7.6,1.0
3763,Q9UBM7,7-dehydrocholesterol reductase,DHCR7,1.053,1.633,,Not_Significant,#N/A,1.633,0,2,2,1,1,1,20.932,22.810,22.901,19.915,21.067,20.761,,7.6,1.0
3766,Q9UBQ0,Vacuolar protein sorting-associated protein 29,VPS29,0.392,0.744,,Not_Significant,#N/A,0.744,4,2,5,1,0,0,23.122,22.989,22.087,20.535,22.864,22.568,,7.6,1.0
3767,Q9UBQ5,Eukaryotic translation initiation factor 3 subunit K,EIF3K,0.974,1.630,,Not_Significant,#N/A,1.630,2,2,1,0,1,1,23.367,23.466,23.131,21.256,23.203,20.616,,7.5,1.0
3768,Q9UBQ7,Glyoxylate reductase/hydroxypyruvate reductase,GRHPR,0.438,0.363,,Not_Significant,#N/A,0.363,4,6,4,3,3,4,23.190,23.222,24.219,23.168,22.995,23.379,,7.5,1.0
3770,Q9UBS4,DnaJ homolog subfamily B member 11,DNAJB11,0.433,0.871,,Not_Significant,#N/A,0.871,4,3,3,1,0,1,22.575,22.622,22.957,22.694,20.143,22.706,,7.5,1.0
3772,Q9UBT2,SUMO-activating enzyme subunit 2,UBA2,0.736,0.796,,Not_Significant,#N/A,0.796,2,2,2,0,0,1,22.035,21.470,21.803,21.447,20.038,21.436,,7.5,1.0
3774,Q9UBU9,Nuclear RNA export factor 1,NXF1,0.329,-0.091,,Not_Significant,#N/A,-0.091,6,5,5,2,2,5,22.305,22.364,22.170,22.347,22.213,22.553,,7.5,1.0
3775,Q9UBV2,Protein sel-1 homolog 1,SEL1L,0.027,0.061,,Not_Significant,#N/A,0.061,5,1,3,1,1,3,21.913,20.358,21.709,20.101,21.878,21.819,,7.5,1.0
3776,Q9UBV8,Peflin,PEF1,0.909,1.260,,Not_Significant,#N/A,1.260,1,2,2,0,0,0,20.215,22.339,21.819,20.183,20.029,20.381,,7.5,1.0
3777,Q9UBW7,Zinc finger MYM-type protein 2,ZMYM2,0.838,-0.779,,Not_Significant,#N/A,-0.779,0,1,2,0,0,0,19.097,18.943,19.728,19.401,20.641,20.063,,7.5,1.0
3778,Q9UBW8,COP9 signalosome complex subunit 7a,COPS7A,0.540,0.367,,Not_Significant,#N/A,0.367,1,2,3,1,1,0,21.187,21.980,22.117,21.473,21.470,21.240,,7.5,1.0
3779,Q9UBX3,Mitochondrial dicarboxylate carrier,SLC25A10,0.809,0.439,,Not_Significant,#N/A,0.439,3,5,4,2,1,1,22.456,22.882,22.202,22.362,21.834,22.026,,7.5,1.0
3781,Q9UDW1,Cytochrome b-c1 complex subunit 9,UQCR10,0.392,0.933,,Not_Significant,#N/A,0.933,2,2,1,1,1,1,23.004,23.137,20.459,20.615,22.249,20.937,,7.4,1.0
3782,Q9UDY2,Tight junction protein ZO-2,TJP2,1.328,-1.535,,Not_Significant,#N/A,-1.535,3,2,1,1,4,3,20.230,20.318,19.030,20.734,21.907,21.542,,7.4,1.0
3789,Q9UFC0,Leucine-rich repeat and WD repeat-containing protein 1,LRWD1,0.411,1.124,,Not_Significant,#N/A,1.124,3,1,2,0,1,0,23.430,19.821,22.877,21.136,21.297,20.322,,7.4,1.0
3794,Q9UG63,ATP-binding cassette sub-family F member 2,ABCF2,2.197,0.558,,Not_Significant,#N/A,0.558,7,2,6,2,2,1,22.602,22.676,22.472,22.198,21.969,21.908,,7.4,1.0
3798,Q9UGP8,Translocation protein SEC63 homolog,SEC63,0.678,-0.400,,Not_Significant,#N/A,-0.400,2,0,1,1,0,1,22.064,21.387,22.104,22.339,21.989,22.426,,7.4,1.0
3799,Q9UGU0,Transcription factor 20,TCF20,0.370,-0.796,,Not_Significant,#N/A,-0.796,3,0,0,0,0,0,21.287,18.527,20.865,21.395,20.486,21.187,,7.4,1.0
3800,Q9UGV2,Protein NDRG3,NDRG3,1.140,1.274,,Not_Significant,#N/A,1.274,1,2,3,0,1,0,22.476,22.482,23.118,21.833,21.962,20.459,,7.4,1.0
3803,Q9UH99,SUN domain-containing protein 2,SUN2,0.804,-1.469,,Not_Significant,#N/A,-1.469,4,1,6,4,4,4,23.238,20.603,22.987,23.597,23.725,23.913,,7.4,1.0
3805,Q9UHB6,LIM domain and actin-binding protein 1,LIMA1,0.844,0.269,,Not_Significant,#N/A,0.269,7,7,6,4,9,6,22.558,22.691,22.223,22.195,22.318,22.153,,7.4,1.0
3807,Q9UHB9,Signal recognition particle subunit SRP68,SRP68,0.602,-0.186,,Not_Significant,#N/A,-0.186,19,8,10,6,8,6,24.457,24.152,24.576,24.538,24.512,24.690,,7.4,1.0
3808,Q9UHD1,Cysteine and histidine-rich domain-containing protein 1,CHORDC1,1.964,0.720,,Not_Significant,#N/A,0.720,13,13,11,5,6,3,24.541,24.489,24.556,23.715,23.593,24.119,,7.3,1.0
3809,Q9UHD2,Serine/threonine-protein kinase TBK1,TBK1,0.470,-0.194,,Not_Significant,#N/A,-0.194,15,8,7,6,6,8,23.193,22.779,23.201,23.216,23.078,23.462,,7.3,1.0
3810,Q9UHD8,Septin-9,44448,0.479,0.068,,Not_Significant,#N/A,0.068,32,31,27,18,21,20,25.593,25.584,25.709,25.647,25.547,25.486,,7.3,1.0
3813,Q9UHI6,Probable ATP-dependent RNA helicase DDX20,DDX20,1.339,-0.993,,Not_Significant,#N/A,-0.993,0,1,1,1,2,3,21.799,21.332,21.817,22.825,22.041,23.062,,7.3,1.0
3815,Q9UHR5,SAP30-binding protein,SAP30BP,1.448,0.832,,Not_Significant,#N/A,0.832,1,1,1,0,1,0,20.681,20.974,21.375,20.222,20.458,19.855,,7.3,1.0
3817,Q9UHV9,Prefoldin subunit 2,PFDN2,0.713,0.240,,Not_Significant,#N/A,0.240,9,6,6,6,4,6,24.512,24.363,24.238,24.369,24.110,23.914,,7.3,1.0
3818,Q9UHX1,Poly(U)-binding-splicing factor PUF60,PUF60,0.147,-0.033,,Not_Significant,#N/A,-0.033,21,8,11,7,7,6,24.004,24.071,23.963,24.199,23.940,23.999,,7.3,1.0
3819,Q9UHY1,Nuclear receptor-binding protein,NRBP1,0.517,0.725,,Not_Significant,#N/A,0.725,3,1,0,0,0,0,22.056,21.217,20.402,19.963,20.283,21.255,,7.3,1.0
3820,Q9UI09,NADH dehydrogenase [ubiquinone] 1 alpha subcomplex subunit 12,NDUFA12,0.719,-0.695,,Not_Significant,#N/A,-0.695,2,0,2,1,1,1,20.739,20.515,19.523,21.317,21.031,20.513,,7.3,1.0
3821,Q9UI10,Translation initiation factor eIF-2B subunit delta,EIF2B4,0.365,0.105,,Not_Significant,#N/A,0.105,1,3,2,0,0,1,21.691,21.820,21.606,21.771,21.617,21.414,,7.3,1.0
3822,Q9UI12,V-type proton ATPase subunit H,ATP6V1H,3.471,0.602,,Not_Significant,#N/A,0.602,6,6,6,1,1,0,23.001,23.103,23.170,22.456,22.490,22.524,,7.2,1.0
3824,Q9UI30,Multifunctional methyltransferase subunit TRM112-like protein,TRMT112,0.252,-1.045,,Not_Significant,#N/A,-1.045,1,3,1,3,2,1,20.121,25.223,24.801,24.306,24.797,24.177,,7.2,1.0
3825,Q9UIA9,Exportin-7,XPO7,0.349,0.322,,Not_Significant,#N/A,0.322,7,6,1,0,1,0,21.718,21.834,20.756,21.419,20.813,21.108,,7.2,1.0
3826,Q9UID3,Vacuolar protein sorting-associated protein 51 homolog,VPS51,0.883,1.323,,Not_Significant,#N/A,1.323,2,3,4,1,1,1,21.985,22.039,22.564,20.860,22.045,19.713,,7.2,1.0
3828,Q9UIG0,Tyrosine-protein kinase BAZ1B,BAZ1B,0.834,1.346,,Not_Significant,#N/A,1.346,9,2,6,0,1,1,23.147,21.980,22.490,21.745,21.970,19.864,,7.2,1.0
3832,Q9UJ70,N-acetyl-D-glucosamine kinase,NAGK,2.027,0.446,,Not_Significant,#N/A,0.446,10,10,6,1,3,3,23.942,24.231,23.968,23.586,23.570,23.647,,7.2,1.0
3835,Q9UJC3,Protein Hook homolog 1,HOOK1,0.602,-0.827,,Not_Significant,#N/A,-0.827,1,6,1,5,4,3,20.066,21.866,21.928,22.202,22.182,21.958,,7.2,1.0
3836,Q9UJS0,Calcium-binding mitochondrial carrier protein Aralar2,SLC25A13,0.736,1.190,,Not_Significant,#N/A,1.190,3,6,5,1,0,0,22.463,22.903,22.328,20.716,22.814,20.592,,7.2,1.0
3837,Q9UJU6,Drebrin-like protein,DBNL,0.538,0.200,,Not_Significant,#N/A,0.200,13,14,18,9,9,6,24.419,24.706,24.602,24.550,24.480,24.096,,7.2,1.0
3838,Q9UJV9,Probable ATP-dependent RNA helicase DDX41,DDX41,0.334,0.322,,Not_Significant,#N/A,0.322,2,0,3,0,0,2,22.423,21.452,21.462,21.036,21.491,21.844,,7.2,1.0
3839,Q9UJW0,Dynactin subunit 4,DCTN4,0.165,0.104,,Not_Significant,#N/A,0.104,3,5,5,5,3,4,22.813,22.757,23.250,22.880,22.508,23.121,,7.1,1.0
3840,Q9UJX2,Cell division cycle protein 23 homolog,CDC23,0.032,-0.083,,Not_Significant,#N/A,-0.083,0,0,2,0,0,0,21.269,19.196,21.407,20.177,20.185,21.760,,7.1,1.0
3844,Q9UJZ1,"Stomatin-like protein 2, mitochondrial",STOML2,0.951,-0.529,,Not_Significant,#N/A,-0.529,13,8,8,11,7,9,23.951,23.794,23.106,24.118,24.133,24.187,,7.1,1.0
3849,Q9UK99,F-box only protein 3,FBXO3,0.341,0.715,,Not_Significant,#N/A,0.715,3,0,1,0,0,0,21.668,19.515,22.348,20.735,20.419,20.233,,7.1,1.0
3850,Q9UKD2,mRNA turnover protein 4 homolog,MRTO4,0.365,0.402,,Not_Significant,#N/A,0.402,4,2,2,2,0,0,21.801,21.885,21.734,21.851,21.874,20.487,,7.1,1.0
3851,Q9UKF6,Cleavage and polyadenylation specificity factor subunit 3,CPSF3,1.056,0.445,,Not_Significant,#N/A,0.445,5,3,3,1,0,1,22.391,21.890,22.387,21.741,21.979,21.613,,7.1,1.0
3855,Q9UKK9,ADP-sugar pyrophosphatase,NUDT5,0.425,0.407,,Not_Significant,#N/A,0.407,8,7,6,6,1,3,23.494,23.855,23.791,23.404,22.581,23.933,,7.1,1.0
3857,Q9UKM9,RNA-binding protein Raly,RALY,1.646,-0.841,,Not_Significant,#N/A,-0.841,13,7,10,12,10,12,24.319,23.766,23.536,24.740,24.713,24.690,,7.1,1.0
3858,Q9UKN8,General transcription factor 3C polypeptide 4,GTF3C4,0.074,0.181,,Not_Significant,#N/A,0.181,12,2,8,2,4,1,22.716,20.386,22.642,20.967,21.973,22.261,,7.1,1.0
3859,Q9UKS6,Protein kinase C and casein kinase substrate in neurons protein 3,PACSIN3,1.889,-0.939,,Not_Significant,#N/A,-0.939,9,7,9,7,10,7,23.025,23.592,23.707,24.437,24.448,24.255,,7.1,1.0
3862,Q9UKV3,Apoptotic chromatin condensation inducer in the nucleus,ACIN1,0.079,-0.138,,Not_Significant,#N/A,-0.138,3,1,1,3,1,0,22.933,21.636,20.823,21.963,21.994,21.848,,7.0,1.0
3863,Q9UKV8,Protein argonaute-2,AGO2,1.384,-1.551,,Not_Significant,#N/A,-1.551,0,0,0,0,1,1,20.505,19.798,20.212,20.761,22.178,22.229,,7.0,1.0
3864,Q9UKX7,Nuclear pore complex protein Nup50,NUP50,0.242,0.064,,Not_Significant,#N/A,0.064,2,4,0,1,1,3,21.272,21.438,21.081,21.236,21.179,21.184,,7.0,1.0
3866,Q9UKY7,Protein CDV3 homolog,CDV3,0.875,0.583,,Not_Significant,#N/A,0.583,12,9,7,9,7,2,25.017,24.360,24.339,24.323,24.059,23.585,,7.0,1.0
3869,Q9UL15,BAG family molecular chaperone regulator 5,BAG5,0.926,1.125,,Not_Significant,#N/A,1.125,1,0,1,0,0,0,21.662,20.275,21.494,19.560,19.763,20.734,,7.0,1.0
3870,Q9UL25,Ras-related protein Rab-21,RAB21,0.838,0.361,,Not_Significant,#N/A,0.361,6,6,5,2,2,2,23.606,23.567,23.459,22.890,23.108,23.552,,7.0,1.0
3874,Q9ULA0,Aspartyl aminopeptidase,DNPEP,0.454,0.183,,Not_Significant,#N/A,0.183,3,1,2,1,3,2,22.970,22.772,22.481,22.733,22.385,22.555,,7.0,1.0
3875,Q9ULC4,Malignant T-cell-amplified sequence 1,MCTS1,0.131,-0.229,,Not_Significant,#N/A,-0.229,6,2,3,4,3,3,23.325,23.364,24.398,23.220,23.569,24.984,,7.0,1.0
3881,Q9ULR0,Pre-mRNA-splicing factor ISY1 homolog,ISY1,0.560,0.600,,Not_Significant,#N/A,0.600,4,1,2,0,1,0,21.907,20.759,21.243,21.012,21.073,20.024,,7.0,1.0
3885,Q9ULV4,Coronin-1C,CORO1C,0.711,0.340,,Not_Significant,#N/A,0.340,4,9,5,4,4,1,23.692,23.597,23.004,23.040,23.067,23.165,,7.0,1.0
3886,Q9ULW0,Targeting protein for Xklp2,TPX2,1.108,1.263,,Not_Significant,#N/A,1.263,11,4,8,1,2,0,23.423,22.037,22.890,22.070,20.863,21.628,,6.9,1.0
3888,Q9ULX6,A-kinase anchor protein 8-like,AKAP8L,0.331,0.546,,Not_Significant,#N/A,0.546,3,1,2,2,1,1,22.400,21.418,22.336,22.023,20.306,22.185,,6.9,1.0
3891,Q9UM54,Unconventional myosin-VI,MYO6,2.255,0.489,,Not_Significant,#N/A,0.489,15,15,13,8,8,5,23.092,22.855,23.144,22.569,22.524,22.531,,6.9,1.0
3892,Q9UMS4,Pre-mRNA-processing factor 19,PRPF19,1.006,0.414,,Not_Significant,#N/A,0.414,24,19,26,19,14,18,25.624,25.722,26.137,25.399,25.227,25.615,,6.9,1.0
3894,Q9UN37,Vacuolar protein sorting-associated protein 4A,VPS4A,0.453,1.223,,Not_Significant,#N/A,1.223,3,2,5,1,1,2,22.794,22.870,23.385,19.507,23.121,22.753,,6.9,1.0
3897,Q9UN86,Ras GTPase-activating protein-binding protein 2,G3BP2,0.129,-0.146,,Not_Significant,#N/A,-0.146,4,2,4,3,4,1,24.250,23.943,23.941,24.351,24.797,23.425,,6.9,1.0
3898,Q9UNE7,E3 ubiquitin-protein ligase CHIP,STUB1,1.092,0.271,,Not_Significant,#N/A,0.271,9,7,10,2,4,7,24.692,24.552,24.876,24.425,24.560,24.322,,6.9,1.0
3899,Q9UNF0,Protein kinase C and casein kinase substrate in neurons protein 2,PACSIN2,1.383,0.402,,Not_Significant,#N/A,0.402,4,6,4,1,3,2,22.152,22.538,22.234,21.770,21.980,21.967,,6.9,1.0
3900,Q9UNF1,Melanoma-associated antigen D2,MAGED2,0.765,0.179,,Not_Significant,#N/A,0.179,26,19,23,12,9,9,24.208,24.010,24.326,23.965,24.112,23.929,,6.9,1.0
3901,Q9UNH7,"Sorting nexin-6;Sorting nexin-6, N-terminally processed",SNX6,2.577,0.817,,Not_Significant,#N/A,0.817,8,3,4,1,1,2,22.776,22.453,22.741,21.704,21.924,21.889,,6.9,1.0
3903,Q9UNM6,26S proteasome non-ATPase regulatory subunit 13,PSMD13,2.446,0.750,,Not_Significant,#N/A,0.750,10,10,13,3,5,5,24.323,24.269,24.612,23.623,23.565,23.767,,6.8,1.0
3904,Q9UNN5,FAS-associated factor 1,FAF1,1.049,1.548,,Not_Significant,#N/A,1.548,4,4,1,1,0,0,21.803,21.942,22.089,21.735,20.010,19.446,,6.8,1.0
3908,Q9UNS2,COP9 signalosome complex subunit 3,COPS3,1.684,0.242,,Not_Significant,#N/A,0.242,4,3,7,1,4,1,22.417,22.375,22.297,22.092,22.228,22.046,,6.8,1.0
3909,Q9UNX3,60S ribosomal protein L26-like 1,RPL26L1,0.559,-0.439,,Not_Significant,#N/A,-0.439,5,5,4,3,2,1,24.748,24.313,23.760,24.670,25.079,24.391,,6.8,1.0
3914,Q9UPN3,"Microtubule-actin cross-linking factor 1, isoforms 1/2/3/5",MACF1,1.094,3.727,,Not_Significant,#N/A,3.727,1,0,1,0,0,0,25.554,20.739,25.354,19.559,20.542,20.365,,6.8,1.0
3915,Q9UPN4,Centrosomal protein of 131 kDa,CEP131,0.896,-3.948,,Not_Significant,#N/A,-3.948,1,0,0,0,0,1,20.492,19.689,19.756,26.111,25.820,19.852,,6.8,1.0
3918,Q9UPN9,E3 ubiquitin-protein ligase TRIM33,TRIM33,0.474,0.861,,Not_Significant,#N/A,0.861,2,2,8,1,0,3,20.692,21.140,21.687,18.884,21.307,20.745,,6.8,1.0
3921,Q9UPT5,Exocyst complex component 7,EXOC7,1.174,0.686,,Not_Significant,#N/A,0.686,7,4,6,4,2,1,23.343,22.603,23.091,22.647,22.078,22.253,,6.8,1.0
3922,Q9UPT8,Zinc finger CCCH domain-containing protein 4,ZC3H4,0.646,1.026,,Not_Significant,#N/A,1.026,1,0,1,0,0,0,21.997,20.036,22.160,19.933,20.571,20.612,,6.8,1.0
3926,Q9UQ13,Leucine-rich repeat protein SHOC-2,SHOC2,0.048,-0.159,,Not_Significant,#N/A,-0.159,5,4,5,1,2,2,23.332,20.051,23.397,22.836,21.832,22.589,,6.8,1.0
3927,Q9UQ35,Serine/arginine repetitive matrix protein 2,SRRM2,1.358,-0.297,,Not_Significant,#N/A,-0.297,14,7,14,6,7,10,24.830,24.648,24.486,24.997,24.915,24.943,,6.7,1.0
3928,Q9UQ80,Proliferation-associated protein 2G4,PA2G4,0.056,-0.023,,Not_Significant,#N/A,-0.023,42,35,36,32,25,21,25.941,25.744,25.526,25.887,25.782,25.612,,6.7,1.0
3929,Q9UQB8,Brain-specific angiogenesis inhibitor 1-associated protein 2,BAIAP2,0.089,0.198,,Not_Significant,#N/A,0.198,3,4,3,0,2,1,22.006,21.478,21.436,19.904,22.326,22.096,,6.7,1.0
3930,Q9UQE7,Structural maintenance of chromosomes protein 3,SMC3,1.168,0.193,,Not_Significant,#N/A,0.193,25,16,22,6,7,7,23.014,22.903,23.008,22.783,22.662,22.901,,6.7,1.0
3936,Q9Y224,UPF0568 protein C14orf166,C14orf166,0.196,-0.118,,Not_Significant,#N/A,-0.118,7,7,10,9,7,6,23.935,23.337,23.382,23.760,23.831,23.417,,6.7,1.0
3937,Q9Y230,RuvB-like 2,RUVBL2,0.567,0.089,,Not_Significant,#N/A,0.089,42,37,50,38,29,34,25.766,25.811,25.991,25.780,25.776,25.745,,6.7,1.0
3939,Q9Y237,Peptidyl-prolyl cis-trans isomerase NIMA-interacting 4,PIN4,0.985,0.613,,Not_Significant,#N/A,0.613,2,2,3,1,2,1,21.862,21.706,21.541,20.542,21.426,21.303,,6.7,1.0
3941,Q9Y262,Eukaryotic translation initiation factor 3 subunit L,EIF3L,0.661,0.130,,Not_Significant,#N/A,0.130,19,18,21,12,11,16,24.970,24.876,24.857,24.903,24.620,24.789,,6.7,1.0
3942,Q9Y263,Phospholipase A-2-activating protein,PLAA,2.924,0.385,,Not_Significant,#N/A,0.385,11,6,7,2,4,2,22.934,23.087,23.043,22.622,22.659,22.628,,6.7,1.0
3943,Q9Y265,RuvB-like 1,RUVBL1,0.097,0.034,,Not_Significant,#N/A,0.034,30,22,29,20,21,22,27.015,26.801,26.949,26.788,26.769,27.106,,6.7,1.0
3944,Q9Y266,Nuclear migration protein nudC,NUDC,1.740,0.545,,Not_Significant,#N/A,0.545,17,15,20,10,13,12,25.177,25.540,25.333,24.649,24.975,24.792,,6.6,1.0
3946,Q9Y277,Voltage-dependent anion-selective channel protein 3,VDAC3,0.075,-0.058,,Not_Significant,#N/A,-0.058,9,7,6,3,4,3,24.114,24.780,23.894,24.331,24.242,24.389,,6.6,1.0
3947,Q9Y285,Phenylalanine--tRNA ligase alpha subunit,FARSA,1.327,0.385,,Not_Significant,#N/A,0.385,18,11,18,6,8,6,24.673,25.054,24.916,24.345,24.542,24.602,,6.6,1.0
3949,Q9Y295,Developmentally-regulated GTP-binding protein 1,DRG1,0.380,0.417,,Not_Significant,#N/A,0.417,4,3,4,1,1,0,23.066,22.330,22.669,22.835,22.503,21.478,,6.6,1.0
3950,Q9Y2A7,Nck-associated protein 1,NCKAP1,2.066,0.781,,Not_Significant,#N/A,0.781,12,6,14,3,2,4,23.716,23.461,23.528,22.946,22.502,22.915,,6.6,1.0
3954,Q9Y2H5,Pleckstrin homology domain-containing family A member 6,PLEKHA6,0.754,0.675,,Not_Significant,#N/A,0.675,3,0,0,1,2,0,22.458,21.226,21.933,20.792,21.351,21.448,,6.6,1.0
3959,Q9Y2L1,Exosome complex exonuclease RRP44,DIS3,0.076,-0.244,,Not_Significant,#N/A,-0.244,11,7,10,2,2,3,25.179,25.142,25.273,24.332,24.289,27.706,,6.6,1.0
3964,Q9Y2Q9,"28S ribosomal protein S28, mitochondrial",MRPS28,0.158,-0.360,,Not_Significant,#N/A,-0.360,1,1,2,1,3,3,22.852,22.384,22.520,23.076,24.329,21.429,,6.6,1.0
3966,Q9Y2R5,"28S ribosomal protein S17, mitochondrial",MRPS17,0.807,-2.140,,Not_Significant,#N/A,-2.140,1,2,2,1,2,1,19.273,22.795,22.917,23.285,23.902,24.219,,6.6,1.0
3967,Q9Y2R9,"28S ribosomal protein S7, mitochondrial",MRPS7,1.326,-0.977,,Not_Significant,#N/A,-0.977,5,7,7,9,6,5,23.126,23.087,22.914,23.959,24.634,23.465,,6.6,1.0
3968,Q9Y2S6,Translation machinery-associated protein 7,TMA7,0.047,0.071,,Not_Significant,#N/A,0.071,1,1,1,1,0,2,22.574,22.480,22.457,23.109,21.423,22.765,,6.5,1.0
3970,Q9Y2T2,AP-3 complex subunit mu-1,AP3M1,0.550,-0.238,,Not_Significant,#N/A,-0.238,5,7,6,3,2,1,22.769,23.125,22.750,22.886,23.080,23.393,,6.5,1.0
3971,Q9Y2T7,Y-box-binding protein 2,YBX2,0.443,-1.046,,Not_Significant,#N/A,-1.046,6,0,4,4,1,3,22.745,19.600,22.498,22.784,22.487,22.710,,6.5,1.0
3972,Q9Y2U8,Inner nuclear membrane protein Man1,LEMD3,0.099,-0.302,,Not_Significant,#N/A,-0.302,4,2,5,2,1,0,22.620,20.365,22.476,23.197,22.653,20.518,,6.5,1.0
3973,Q9Y2V2,Calcium-regulated heat stable protein 1,CARHSP1,2.287,0.721,,Not_Significant,#N/A,0.721,6,2,2,1,2,2,23.711,23.837,24.026,23.227,22.952,23.232,,6.5,1.0
3975,Q9Y2W1,Thyroid hormone receptor-associated protein 3,THRAP3,0.876,-0.402,,Not_Significant,#N/A,-0.402,13,10,13,6,7,9,23.762,23.230,23.590,23.703,23.886,24.201,,6.5,1.0
3976,Q9Y2W2,WW domain-binding protein 11,WBP11,0.510,0.285,,Not_Significant,#N/A,0.285,4,0,2,0,2,1,22.875,22.887,23.550,22.666,23.010,22.781,,6.5,1.0
3978,Q9Y2X3,Nucleolar protein 58,NOP58,0.015,-0.029,,Not_Significant,#N/A,-0.029,12,8,3,1,9,2,23.239,22.498,22.247,22.379,23.822,21.870,,6.5,1.0
3979,Q9Y2X7,ARF GTPase-activating protein GIT1,GIT1,0.138,-0.295,,Not_Significant,#N/A,-0.295,0,1,3,1,2,1,20.503,20.636,22.401,20.473,21.899,22.054,,6.5,1.0
3981,Q9Y2Z0,Suppressor of G2 allele of SKP1 homolog,SUGT1,0.779,1.124,,Not_Significant,#N/A,1.124,5,5,4,2,1,0,23.085,23.430,22.618,22.628,22.452,20.680,,6.5,1.0
3982,Q9Y2Z4,"Tyrosine--tRNA ligase, mitochondrial",YARS2,1.787,-1.114,,Not_Significant,#N/A,-1.114,2,3,3,4,4,1,22.355,23.301,22.782,23.905,23.840,24.035,,6.4,1.0
3985,Q9Y314,Nitric oxide synthase-interacting protein,NOSIP,0.881,0.964,,Not_Significant,#N/A,0.964,5,2,6,1,1,0,22.310,22.293,22.666,21.992,21.915,20.470,,6.4,1.0
3987,Q9Y316,Protein MEMO1,MEMO1,0.195,0.360,,Not_Significant,#N/A,0.360,2,3,3,2,1,2,21.857,22.148,22.197,22.490,20.310,22.320,,6.4,1.0
3989,Q9Y365,PCTP-like protein,STARD10,0.780,1.853,,Not_Significant,#N/A,1.853,7,5,3,3,1,1,23.779,23.073,22.866,23.494,20.133,20.532,,6.4,1.0
3990,Q9Y383,Putative RNA-binding protein Luc7-like 2,LUC7L2,1.910,-0.492,,Not_Significant,#N/A,-0.492,7,4,10,6,3,7,23.770,23.419,23.513,24.056,23.987,24.137,,6.4,1.0
3992,Q9Y399,"28S ribosomal protein S2, mitochondrial",MRPS2,0.851,-1.868,,Not_Significant,#N/A,-1.868,2,1,2,3,4,1,20.653,19.807,22.001,23.130,23.789,21.145,,6.4,1.0
3995,Q9Y3A5,Ribosome maturation protein SBDS,SBDS,0.208,0.090,,Not_Significant,#N/A,0.090,7,7,8,6,4,6,24.328,24.347,24.511,24.152,24.142,24.621,,6.4,1.0
3996,Q9Y3B2,Exosome complex component CSL4,EXOSC1,1.304,0.872,,Not_Significant,#N/A,0.872,3,2,3,0,0,0,22.514,21.989,22.243,21.748,21.540,20.841,,6.4,1.0
3997,Q9Y3B4,Splicing factor 3B subunit 6,SF3B6,1.141,-0.289,,Not_Significant,#N/A,-0.289,3,3,4,4,3,2,23.360,23.468,23.633,23.636,23.940,23.750,,6.4,1.0
3998,Q9Y3B7,"39S ribosomal protein L11, mitochondrial",MRPL11,0.494,-0.781,,Not_Significant,#N/A,-0.781,2,1,2,4,3,1,21.452,21.619,21.452,22.896,23.055,20.916,,6.4,1.0
4000,Q9Y3C1,Nucleolar protein 16,NOP16,0.054,0.079,,Not_Significant,#N/A,0.079,1,0,0,0,1,0,20.757,20.030,20.112,19.406,20.932,20.325,,6.3,1.0
4001,Q9Y3C6,Peptidyl-prolyl cis-trans isomerase-like 1,PPIL1,0.323,-0.600,,Not_Significant,#N/A,-0.600,2,2,2,1,0,1,20.320,22.683,22.495,22.429,22.299,22.570,,6.3,1.0
4003,Q9Y3C8,Ubiquitin-fold modifier-conjugating enzyme 1,UFC1,0.009,0.027,,Not_Significant,#N/A,0.027,1,0,2,0,0,0,22.396,19.664,22.516,20.909,21.756,21.832,,6.3,1.0
4004,Q9Y3D0,Mitotic spindle-associated MMXD complex subunit MIP18,FAM96B,1.578,0.298,,Not_Significant,#N/A,0.298,4,1,3,2,0,1,24.072,24.210,24.203,23.813,24.009,23.767,,6.3,1.0
4005,Q9Y3D3,"28S ribosomal protein S16, mitochondrial",MRPS16,1.499,-1.211,,Not_Significant,#N/A,-1.211,2,2,2,1,3,2,22.004,22.658,21.817,22.842,23.754,23.516,,6.3,1.0
4007,Q9Y3D9,"28S ribosomal protein S23, mitochondrial",MRPS23,1.961,-1.004,,Not_Significant,#N/A,-1.004,4,3,4,4,4,2,22.568,22.312,21.950,23.205,23.540,23.096,,6.3,1.0
4009,Q9Y3E5,"Peptidyl-tRNA hydrolase 2, mitochondrial",PTRH2,0.097,0.452,,Not_Significant,#N/A,0.452,5,4,1,4,1,2,23.646,23.170,19.917,22.927,19.418,23.033,,6.3,1.0
4011,Q9Y3F4,Serine-threonine kinase receptor-associated protein,STRAP,2.020,0.466,,Not_Significant,#N/A,0.466,24,17,20,10,12,12,25.076,25.139,24.962,24.762,24.529,24.487,,6.3,1.0
4012,Q9Y3I0,tRNA-splicing ligase RtcB homolog,RTCB,0.313,0.046,,Not_Significant,#N/A,0.046,13,16,11,8,11,13,25.241,25.090,25.198,25.198,25.063,25.130,,6.3,1.0
4015,Q9Y3P9,Rab GTPase-activating protein 1,RABGAP1,0.818,0.105,,Not_Significant,#N/A,0.105,7,5,4,4,3,2,22.489,22.635,22.679,22.515,22.464,22.508,,6.3,1.0
4018,Q9Y3U8,60S ribosomal protein L36,RPL36,1.047,-0.397,,Not_Significant,#N/A,-0.397,5,4,2,3,6,3,24.768,24.497,24.186,24.764,24.933,24.944,,6.2,1.0
4021,Q9Y3Z3,Deoxynucleoside triphosphate triphosphohydrolase SAMHD1,SAMHD1,0.427,-0.362,,Not_Significant,#N/A,-0.362,7,3,4,2,2,6,22.166,21.917,22.780,22.464,22.330,23.155,,6.2,1.0
4023,Q9Y446,Plakophilin-3,PKP3,1.492,0.753,,Not_Significant,#N/A,0.753,25,16,23,8,15,8,31.900,31.336,31.944,30.785,31.217,30.920,,6.2,1.0
4025,Q9Y478,5-AMP-activated protein kinase subunit beta-1,PRKAB1,1.310,1.939,,Not_Significant,#N/A,1.939,0,0,0,0,0,0,20.205,22.121,22.381,19.436,19.764,19.691,,6.2,1.0
4027,Q9Y490,Talin-1,TLN1,0.010,-0.006,,Not_Significant,#N/A,-0.006,37,24,26,23,19,12,23.832,24.044,23.497,23.835,23.952,23.603,,6.2,1.0
4029,Q9Y4A5,Transformation/transcription domain-associated protein,TRRAP,0.620,-0.412,,Not_Significant,#N/A,-0.412,3,0,1,0,0,0,20.247,19.330,19.986,20.099,20.196,20.505,,6.2,1.0
4036,Q9Y4E8,Ubiquitin carboxyl-terminal hydrolase 15,USP15,2.704,0.823,,Not_Significant,#N/A,0.823,9,9,8,3,1,3,22.600,22.738,22.589,21.957,21.615,21.885,,6.2,1.0
4042,Q9Y4P3,Transducin beta-like protein 2,TBL2,0.416,0.294,,Not_Significant,#N/A,0.294,8,3,9,4,3,4,23.586,22.727,23.498,23.224,22.803,22.901,,6.2,1.0
4043,Q9Y4R8,Telomere length regulation protein TEL2 homolog,TELO2,0.023,-0.019,,Not_Significant,#N/A,-0.019,2,1,2,0,0,0,20.655,20.467,20.979,20.504,20.478,21.176,,6.2,1.0
4049,Q9Y512,Sorting and assembly machinery component 50 homolog,SAMM50,0.572,-0.107,,Not_Significant,#N/A,-0.107,9,5,5,4,1,3,23.270,23.379,23.328,23.470,23.284,23.543,,6.2,1.0
4050,Q9Y520,Protein PRRC2C,PRRC2C,0.987,1.592,,Not_Significant,#N/A,1.592,0,1,3,0,1,0,22.407,22.205,22.803,20.731,19.686,22.221,,6.1,1.0
4051,Q9Y530,O-acetyl-ADP-ribose deacetylase 1,OARD1,0.441,0.900,,Not_Significant,#N/A,0.900,3,1,5,0,0,0,21.595,19.328,22.171,20.271,19.907,20.215,,6.1,1.0
4054,Q9Y570,Protein phosphatase methylesterase 1,PPME1,1.695,0.456,,Not_Significant,#N/A,0.456,6,9,4,2,1,1,23.095,23.193,22.987,22.488,22.577,22.843,,6.1,1.0
4058,Q9Y5A9,YTH domain-containing family protein 2,YTHDF2,0.741,0.278,,Not_Significant,#N/A,0.278,7,4,5,3,2,2,22.989,23.318,22.838,22.893,22.577,22.841,,6.1,1.0
4060,Q9Y5B9,FACT complex subunit SPT16,SUPT16H,1.887,0.496,,Not_Significant,#N/A,0.496,23,10,15,8,7,10,23.829,23.533,23.556,23.210,23.210,23.010,,6.1,1.0
4063,Q9Y5K5,Ubiquitin carboxyl-terminal hydrolase isozyme L5,UCHL5,0.579,0.314,,Not_Significant,#N/A,0.314,11,12,8,2,4,1,23.983,23.565,23.351,23.616,23.096,23.245,,6.1,1.0
4064,Q9Y5K6,CD2-associated protein,CD2AP,0.719,0.271,,Not_Significant,#N/A,0.271,8,3,6,0,1,2,23.118,22.742,22.782,22.747,22.721,22.361,,6.1,1.0
4066,Q9Y5L0,Transportin-3,TNPO3,0.325,0.225,,Not_Significant,#N/A,0.225,3,1,6,1,1,0,22.220,21.773,22.687,21.945,22.208,21.851,,6.1,1.0
4067,Q9Y5L4,Mitochondrial import inner membrane translocase subunit Tim13,TIMM13,0.629,-1.981,,Not_Significant,#N/A,-1.981,0,3,1,3,2,1,19.497,23.899,23.578,24.327,24.217,24.373,,6.1,1.0
4068,Q9Y5M8,Signal recognition particle receptor subunit beta,SRPRB,0.707,0.332,,Not_Significant,#N/A,0.332,8,2,6,4,3,4,28.104,27.577,27.953,27.838,27.409,27.391,,6.1,1.0
4069,Q9Y5P6,Mannose-1-phosphate guanyltransferase beta,GMPPB,0.180,0.474,,Not_Significant,#N/A,0.474,0,3,3,3,2,2,21.004,22.221,21.782,20.843,19.784,22.958,,6.0,1.0
4070,Q9Y5Q8,General transcription factor 3C polypeptide 5,GTF3C5,1.093,0.766,,Not_Significant,#N/A,0.766,6,1,7,1,0,0,21.696,20.614,21.379,20.606,20.359,20.425,,6.0,1.0
4072,Q9Y5S2,Serine/threonine-protein kinase MRCK beta,CDC42BPB,0.086,0.186,,Not_Significant,#N/A,0.186,0,0,4,0,0,0,20.243,21.026,21.736,20.443,19.943,22.059,,6.0,1.0
4073,Q9Y5S9,RNA-binding protein 8A,RBM8A,0.332,-0.229,,Not_Significant,#N/A,-0.229,7,6,5,8,7,5,24.086,23.538,23.159,23.973,23.842,23.655,,6.0,1.0
4075,Q9Y5X3,Sorting nexin-5,SNX5,0.072,0.048,,Not_Significant,#N/A,0.048,2,3,3,1,2,0,22.187,22.157,21.872,22.090,22.355,21.626,,6.0,1.0
4077,Q9Y5Y2,Cytosolic Fe-S cluster assembly factor NUBP2,NUBP2,0.258,-0.430,,Not_Significant,#N/A,-0.430,1,1,1,3,1,2,22.630,22.731,20.729,22.585,22.209,22.587,,6.0,1.0
4083,Q9Y618,Nuclear receptor corepressor 2,NCOR2,1.009,2.552,,Not_Significant,#N/A,2.552,8,2,5,0,0,0,21.319,19.594,20.765,17.106,16.773,20.144,,6.0,1.1
4085,Q9Y676,"28S ribosomal protein S18b, mitochondrial",MRPS18B,2.772,-0.797,,Not_Significant,#N/A,-0.797,2,2,2,4,5,3,22.409,22.300,22.272,23.283,23.142,22.946,,6.0,1.1
4086,Q9Y678,Coatomer subunit gamma-1,COPG1,1.193,0.291,,Not_Significant,#N/A,0.291,15,12,24,12,7,15,24.876,25.051,25.033,24.661,24.542,24.884,,6.0,1.1
4088,Q9Y696,Chloride intracellular channel protein 4,CLIC4,0.333,0.637,,Not_Significant,#N/A,0.637,5,3,2,1,1,1,23.054,23.271,22.845,22.940,23.433,20.887,,6.0,1.1
4089,Q9Y697,"Cysteine desulfurase, mitochondrial",NFS1,0.115,0.298,,Not_Significant,#N/A,0.298,5,1,2,5,2,1,21.436,22.455,22.095,22.907,22.229,19.954,,5.9,1.1
4093,Q9Y6C9,Mitochondrial carrier homolog 2,MTCH2,0.704,0.278,,Not_Significant,#N/A,0.278,9,10,10,6,2,6,24.145,24.347,24.382,24.084,23.699,24.256,,5.9,1.1
4095,Q9Y6D6,Brefeldin A-inhibited guanine nucleotide-exchange protein 1,ARFGEF1,1.536,0.479,,Not_Significant,#N/A,0.479,8,8,6,3,1,0,22.875,22.416,22.537,22.212,22.110,22.068,,5.9,1.1
4096,Q9Y6D9,Mitotic spindle assembly checkpoint protein MAD1,MAD1L1,0.909,-0.736,,Not_Significant,#N/A,-0.736,3,1,6,3,3,2,21.739,21.194,21.186,22.363,21.453,22.511,,5.9,1.1
4097,Q9Y6E0,Serine/threonine-protein kinase 24;Serine/threonine-protein kinase 24 36 kDa subunit;Serine/threonine-protein kinase 24 12 kDa subunit,STK24,0.764,0.964,,Not_Significant,#N/A,0.964,0,2,1,2,1,0,22.531,23.123,23.215,22.324,22.715,20.936,,5.9,1.1
4098,Q9Y6E2,Basic leucine zipper and W2 domain-containing protein 2,BZW2,1.640,0.598,,Not_Significant,#N/A,0.598,6,7,5,4,1,3,24.673,25.011,25.150,24.190,24.491,24.360,,5.9,1.1
4099,Q9Y6G9,Cytoplasmic dynein 1 light intermediate chain 1,DYNC1LI1,0.605,0.255,,Not_Significant,#N/A,0.255,12,8,7,7,4,5,23.269,23.715,23.704,23.327,23.503,23.091,,5.9,1.1
4103,Q9Y6K5,2-5-oligoadenylate synthase 3,OAS3,0.722,0.823,,Not_Significant,#N/A,0.823,3,4,2,0,1,0,20.682,22.380,21.992,21.040,20.735,20.809,,5.9,1.1
4104,Q9Y6K9,NF-kappa-B essential modulator,IKBKG,0.440,-0.570,,Not_Significant,#N/A,-0.570,3,1,0,0,1,1,21.907,20.115,20.630,21.142,21.570,21.650,,5.9,1.1
4105,Q9Y6M1,Insulin-like growth factor 2 mRNA-binding protein 2,IGF2BP2,0.828,-1.287,,Not_Significant,#N/A,-1.287,4,1,0,7,3,4,21.814,21.782,19.730,22.670,22.531,21.985,,5.9,1.1
4108,Q9Y6Q5,AP-1 complex subunit mu-2,AP1M2,1.170,0.527,,Not_Significant,#N/A,0.527,15,8,7,6,2,6,23.849,23.910,24.189,23.575,23.094,23.698,,5.8,1.1
4109,Q9Y6Q9,Nuclear receptor coactivator 3,NCOA3,0.358,0.715,,Not_Significant,#N/A,0.715,11,5,15,0,0,2,20.776,19.751,22.278,19.491,20.825,20.345,,5.8,1.1
4113,Q9Y6W5,Wiskott-Aldrich syndrome protein family member 2,WASF2,0.083,-0.182,,Not_Significant,#N/A,-0.182,2,1,4,3,2,0,19.775,22.153,21.382,21.587,21.652,20.618,,5.8,1.1
4114,Q9Y6X2,E3 SUMO-protein ligase PIAS3,PIAS3,0.049,-0.083,,Not_Significant,#N/A,-0.083,1,0,0,0,0,0,20.226,20.131,20.942,20.777,19.517,21.254,,5.8,1.1
4117,Q9Y6X9,MORC family CW-type zinc finger protein 2,MORC2,1.177,0.445,,Not_Significant,#N/A,0.445,1,0,1,0,0,0,20.516,20.523,20.625,19.798,20.401,20.128,,5.8,1.1
4118,Q9Y6Y8,SEC23-interacting protein,SEC23IP,0.424,-0.148,,Not_Significant,#N/A,-0.148,7,6,12,8,6,8,23.673,23.869,24.028,23.800,24.167,24.048,,5.8,1.1
,,,,,,,,,,,,,,,,,,,,,,,5.8,1.1
,,,,,,,,,,,,,,,,,,,,,,,5.8,1.1
,,,,,,,,,,,,,,,,,,,,,,,5.8,1.1
,,,,,,,,,,,,,,,,,,,,,,,5.8,1.1
,,,,,,,,,,,,,,,,,,,,,,,5.7,1.1
,,,,,,,,,,,,,,,,,,,,,,,5.7,1.1
,,,,,,,,,,,,,,,,,,,,,,,5.7,1.1
,,,,,,,,,,,,,,,,,,,,,,,5.7,1.1
,,,,,,,,,,,,,,,,,,,,,,,5.7,1.1
,,,,,,,,,,,,,,,,,,,,,,,5.7,1.1
,,,,,,,,,,,,,,,,,,,,,,,5.7,1.1
,,,,,,,,,,,,,,,,,,,,,,,5.7,1.1
,,,,,,,,,,,,,,,,,,,,,,,5.7,1.1
,,,,,,,,,,,,,,,,,,,,,,,5.7,1.1
,,,,,,,,,,,,,,,,,,,,,,,5.6,1.1
,,,,,,,,,,,,,,,,,,,,,,,5.6,1.1
,,,,,,,,,,,,,,,,,,,,,,,5.6,1.1
,,,,,,,,,,,,,,,,,,,,,,,5.6,1.1
,,,,,,,,,,,,,,,,,,,,,,,5.6,1.1
,,,,,,,,,,,,,,,,,,,,,,,5.6,1.1
,,,,,,,,,,,,,,,,,,,,,,,5.6,1.1
,,,,,,,,,,,,,,,,,,,,,,,5.6,1.1
,,,,,,,,,,,,,,,,,,,,,,,5.6,1.1
,,,,,,,,,,,,,,,,,,,,,,,5.6,1.1
,,,,,,,,,,,,,,,,,,,,,,,5.5,1.1
,,,,,,,,,,,,,,,,,,,,,,,5.5,1.1
,,,,,,,,,,,,,,,,,,,,,,,5.5,1.1
,,,,,,,,,,,,,,,,,,,,,,,5.5,1.1
,,,,,,,,,,,,,,,,,,,,,,,5.5,1.1
,,,,,,,,,,,,,,,,,,,,,,,5.5,1.1
,,,,,,,,,,,,,,,,,,,,,,,5.5,1.1
,,,,,,,,,,,,,,,,,,,,,,,5.5,1.1
,,,,,,,,,,,,,,,,,,,,,,,5.5,1.1
,,,,,,,,,,,,,,,,,,,,,,,5.5,1.1
,,,,,,,,,,,,,,,,,,,,,,,5.4,1.1
,,,,,,,,,,,,,,,,,,,,,,,5.4,1.1
,,,,,,,,,,,,,,,,,,,,,,,5.4,1.1
,,,,,,,,,,,,,,,,,,,,,,,5.4,1.1
,,,,,,,,,,,,,,,,,,,,,,,5.4,1.1
,,,,,,,,,,,,,,,,,,,,,,,5.4,1.1
,,,,,,,,,,,,,,,,,,,,,,,5.4,1.1
,,,,,,,,,,,,,,,,,,,,,,,5.4,1.1
,,,,,,,,,,,,,,,,,,,,,,,5.4,1.1
,,,,,,,,,,,,,,,,,,,,,,,5.4,1.1
,,,,,,,,,,,,,,,,,,,,,,,5.3,1.1
,,,,,,,,,,,,,,,,,,,,,,,5.3,1.1
,,,,,,,,,,,,,,,,,,,,,,,5.3,1.1
,,,,,,,,,,,,,,,,,,,,,,,5.3,1.1
,,,,,,,,,,,,,,,,,,,,,,,5.3,1.1
,,,,,,,,,,,,,,,,,,,,,,,5.3,1.1
,,,,,,,,,,,,,,,,,,,,,,,5.3,1.1
,,,,,,,,,,,,,,,,,,,,,,,5.3,1.1
,,,,,,,,,,,,,,,,,,,,,,,5.3,1.1
,,,,,,,,,,,,,,,,,,,,,,,5.3,1.1
,,,,,,,,,,,,,,,,,,,,,,,5.2,1.1
,,,,,,,,,,,,,,,,,,,,,,,5.2,1.1
,,,,,,,,,,,,,,,,,,,,,,,5.2,1.1
,,,,,,,,,,,,,,,,,,,,,,,5.2,1.1
,,,,,,,,,,,,,,,,,,,,,,,5.2,1.1
,,,,,,,,,,,,,,,,,,,,,,,5.2,1.1
,,,,,,,,,,,,,,,,,,,,,,,5.2,1.1
,,,,,,,,,,,,,,,,,,,,,,,5.2,1.1
,,,,,,,,,,,,,,,,,,,,,,,5.2,1.1
,,,,,,,,,,,,,,,,,,,,,,,5.2,1.1
,,,,,,,,,,,,,,,,,,,,,,,5.1,1.1
,,,,,,,,,,,,,,,,,,,,,,,5.1,1.1
,,,,,,,,,,,,,,,,,,,,,,,5.1,1.1
,,,,,,,,,,,,,,,,,,,,,,,5.1,1.1
,,,,,,,,,,,,,,,,,,,,,,,5.1,1.1
,,,,,,,,,,,,,,,,,,,,,,,5.1,1.1
,,,,,,,,,,,,,,,,,,,,,,,5.1,1.1
,,,,,,,,,,,,,,,,,,,,,,,5.1,1.1
,,,,,,,,,,,,,,,,,,,,,,,5.1,1.1
,,,,,,,,,,,,,,,,,,,,,,,5.1,1.1
,,,,,,,,,,,,,,,,,,,,,,,5.0,1.1
,,,,,,,,,,,,,,,,,,,,,,,5.0,1.1
,,,,,,,,,,,,,,,,,,,,,,,5.0,1.1
,,,,,,,,,,,,,,,,,,,,,,,5.0,1.1
,,,,,,,,,,,,,,,,,,,,,,,5.0,1.1
,,,,,,,,,,,,,,,,,,,,,,,5.0,1.1
,,,,,,,,,,,,,,,,,,,,,,,5.0,1.1
,,,,,,,,,,,,,,,,,,,,,,,5.0,1.1
,,,,,,,,,,,,,,,,,,,,,,,5.0,1.1
,,,,,,,,,,,,,,,,,,,,,,,5.0,1.1
,,,,,,,,,,,,,,,,,,,,,,,4.9,1.1
,,,,,,,,,,,,,,,,,,,,,,,4.9,1.1
,,,,,,,,,,,,,,,,,,,,,,,4.9,1.1
,,,,,,,,,,,,,,,,,,,,,,,4.9,1.1
,,,,,,,,,,,,,,,,,,,,,,,4.9,1.1
,,,,,,,,,,,,,,,,,,,,,,,4.9,1.1
,,,,,,,,,,,,,,,,,,,,,,,4.9,1.1
,,,,,,,,,,,,,,,,,,,,,,,4.9,1.1
,,,,,,,,,,,,,,,,,,,,,,,4.9,1.1
,,,,,,,,,,,,,,,,,,,,,,,4.9,1.1
,,,,,,,,,,,,,,,,,,,,,,,4.8,1.1
,,,,,,,,,,,,,,,,,,,,,,,4.8,1.1
,,,,,,,,,,,,,,,,,,,,,,,4.8,1.1
,,,,,,,,,,,,,,,,,,,,,,,4.8,1.1
,,,,,,,,,,,,,,,,,,,,,,,4.8,1.1
,,,,,,,,,,,,,,,,,,,,,,,4.8,1.1
,,,,,,,,,,,,,,,,,,,,,,,4.8,1.1
,,,,,,,,,,,,,,,,,,,,,,,4.8,1.1
,,,,,,,,,,,,,,,,,,,,,,,4.8,1.1
,,,,,,,,,,,,,,,,,,,,,,,4.8,1.1
,,,,,,,,,,,,,,,,,,,,,,,4.7,1.1
,,,,,,,,,,,,,,,,,,,,,,,4.7,1.1
,,,,,,,,,,,,,,,,,,,,,,,4.7,1.1
,,,,,,,,,,,,,,,,,,,,,,,4.7,1.1
,,,,,,,,,,,,,,,,,,,,,,,4.7,1.1
,,,,,,,,,,,,,,,,,,,,,,,4.7,1.1
,,,,,,,,,,,,,,,,,,,,,,,4.7,1.1
,,,,,,,,,,,,,,,,,,,,,,,4.7,1.1
,,,,,,,,,,,,,,,,,,,,,,,4.7,1.1
,,,,,,,,,,,,,,,,,,,,,,,4.7,1.1
,,,,,,,,,,,,,,,,,,,,,,,4.6,1.1
,,,,,,,,,,,,,,,,,,,,,,,4.6,1.1
,,,,,,,,,,,,,,,,,,,,,,,4.6,1.1
,,,,,,,,,,,,,,,,,,,,,,,4.6,1.1
,,,,,,,,,,,,,,,,,,,,,,,4.6,1.1
,,,,,,,,,,,,,,,,,,,,,,,4.6,1.1
,,,,,,,,,,,,,,,,,,,,,,,4.6,1.1
,,,,,,,,,,,,,,,,,,,,,,,4.6,1.1
,,,,,,,,,,,,,,,,,,,,,,,4.6,1.1
,,,,,,,,,,,,,,,,,,,,,,,4.6,1.1
,,,,,,,,,,,,,,,,,,,,,,,4.5,1.1
,,,,,,,,,,,,,,,,,,,,,,,4.5,1.1
,,,,,,,,,,,,,,,,,,,,,,,4.5,1.1
,,,,,,,,,,,,,,,,,,,,,,,4.5,1.1
,,,,,,,,,,,,,,,,,,,,,,,4.5,1.1
,,,,,,,,,,,,,,,,,,,,,,,4.5,1.1
,,,,,,,,,,,,,,,,,,,,,,,4.5,1.1
,,,,,,,,,,,,,,,,,,,,,,,4.5,1.1
,,,,,,,,,,,,,,,,,,,,,,,4.5,1.1
,,,,,,,,,,,,,,,,,,,,,,,4.5,1.1
,,,,,,,,,,,,,,,,,,,,,,,4.4,1.1
,,,,,,,,,,,,,,,,,,,,,,,4.4,1.1
,,,,,,,,,,,,,,,,,,,,,,,4.4,1.1
,,,,,,,,,,,,,,,,,,,,,,,4.4,1.1
,,,,,,,,,,,,,,,,,,,,,,,4.4,1.1
,,,,,,,,,,,,,,,,,,,,,,,4.4,1.1
,,,,,,,,,,,,,,,,,,,,,,,4.4,1.1
,,,,,,,,,,,,,,,,,,,,,,,4.4,1.1
,,,,,,,,,,,,,,,,,,,,,,,4.4,1.1
,,,,,,,,,,,,,,,,,,,,,,,4.4,1.1
,,,,,,,,,,,,,,,,,,,,,,,4.3,1.1
,,,,,,,,,,,,,,,,,,,,,,,4.3,1.1
,,,,,,,,,,,,,,,,,,,,,,,4.3,1.1
,,,,,,,,,,,,,,,,,,,,,,,4.3,1.1
,,,,,,,,,,,,,,,,,,,,,,,4.3,1.1
,,,,,,,,,,,,,,,,,,,,,,,4.3,1.1
,,,,,,,,,,,,,,,,,,,,,,,4.3,1.1
,,,,,,,,,,,,,,,,,,,,,,,4.3,1.1
,,,,,,,,,,,,,,,,,,,,,,,4.3,1.1
,,,,,,,,,,,,,,,,,,,,,,,4.3,1.1
,,,,,,,,,,,,,,,,,,,,,,,4.2,1.1
,,,,,,,,,,,,,,,,,,,,,,,4.2,1.1
,,,,,,,,,,,,,,,,,,,,,,,4.2,1.1
,,,,,,,,,,,,,,,,,,,,,,,4.2,1.1
,,,,,,,,,,,,,,,,,,,,,,,4.2,1.1
,,,,,,,,,,,,,,,,,,,,,,,4.2,1.1
,,,,,,,,,,,,,,,,,,,,,,,4.2,1.1
,,,,,,,,,,,,,,,,,,,,,,,4.2,1.1
,,,,,,,,,,,,,,,,,,,,,,,4.2,1.1
,,,,,,,,,,,,,,,,,,,,,,,4.2,1.1
,,,,,,,,,,,,,,,,,,,,,,,4.1,1.1
,,,,,,,,,,,,,,,,,,,,,,,4.1,1.1
,,,,,,,,,,,,,,,,,,,,,,,4.1,1.1
,,,,,,,,,,,,,,,,,,,,,,,4.1,1.1
,,,,,,,,,,,,,,,,,,,,,,,4.1,1.1
,,,,,,,,,,,,,,,,,,,,,,,4.1,1.1
,,,,,,,,,,,,,,,,,,,,,,,4.1,1.1
,,,,,,,,,,,,,,,,,,,,,,,4.1,1.1
,,,,,,,,,,,,,,,,,,,,,,,4.1,1.1
,,,,,,,,,,,,,,,,,,,,,,,4.1,1.1
,,,,,,,,,,,,,,,,,,,,,,,4.0,1.1
,,,,,,,,,,,,,,,,,,,,,,,4.0,1.1
,,,,,,,,,,,,,,,,,,,,,,,4.0,1.1
,,,,,,,,,,,,,,,,,,,,,,,4.0,1.1
,,,,,,,,,,,,,,,,,,,,,,,4.0,1.1
,,,,,,,,,,,,,,,,,,,,,,,4.0,1.1
,,,,,,,,,,,,,,,,,,,,,,,4.0,1.1
,,,,,,,,,,,,,,,,,,,,,,,4.0,1.1
,,,,,,,,,,,,,,,,,,,,,,,4.0,1.1
,,,,,,,,,,,,,,,,,,,,,,,4.0,1.1
,,,,,,,,,,,,,,,,,,,,,,,3.9,1.1
,,,,,,,,,,,,,,,,,,,,,,,3.9,1.1
,,,,,,,,,,,,,,,,,,,,,,,3.9,1.1
,,,,,,,,,,,,,,,,,,,,,,,3.9,1.1
,,,,,,,,,,,,,,,,,,,,,,,3.9,1.1
,,,,,,,,,,,,,,,,,,,,,,,3.9,1.1
,,,,,,,,,,,,,,,,,,,,,,,3.9,1.1
,,,,,,,,,,,,,,,,,,,,,,,3.9,1.1
,,,,,,,,,,,,,,,,,,,,,,,3.9,1.1
,,,,,,,,,,,,,,,,,,,,,,,3.9,1.1
,,,,,,,,,,,,,,,,,,,,,,,3.8,1.1
,,,,,,,,,,,,,,,,,,,,,,,3.8,1.1
,,,,,,,,,,,,,,,,,,,,,,,3.8,1.1
,,,,,,,,,,,,,,,,,,,,,,,3.8,1.1
,,,,,,,,,,,,,,,,,,,,,,,3.8,1.1
,,,,,,,,,,,,,,,,,,,,,,,3.8,1.1
,,,,,,,,,,,,,,,,,,,,,,,3.8,1.1
,,,,,,,,,,,,,,,,,,,,,,,3.8,1.1
,,,,,,,,,,,,,,,,,,,,,,,3.8,1.1
,,,,,,,,,,,,,,,,,,,,,,,3.8,1.1
,,,,,,,,,,,,,,,,,,,,,,,3.7,1.1
,,,,,,,,,,,,,,,,,,,,,,,3.7,1.1
,,,,,,,,,,,,,,,,,,,,,,,3.7,1.1
,,,,,,,,,,,,,,,,,,,,,,,3.7,1.1
,,,,,,,,,,,,,,,,,,,,,,,3.7,1.1
,,,,,,,,,,,,,,,,,,,,,,,3.7,1.1
,,,,,,,,,,,,,,,,,,,,,,,3.7,1.1
,,,,,,,,,,,,,,,,,,,,,,,3.7,1.1
,,,,,,,,,,,,,,,,,,,,,,,3.7,1.1
,,,,,,,,,,,,,,,,,,,,,,,3.7,1.1
,,,,,,,,,,,,,,,,,,,,,,,3.6,1.1
,,,,,,,,,,,,,,,,,,,,,,,3.6,1.1
,,,,,,,,,,,,,,,,,,,,,,,3.6,1.1
,,,,,,,,,,,,,,,,,,,,,,,3.6,1.1
,,,,,,,,,,,,,,,,,,,,,,,3.6,1.1
,,,,,,,,,,,,,,,,,,,,,,,3.6,1.1
,,,,,,,,,,,,,,,,,,,,,,,3.6,1.1
,,,,,,,,,,,,,,,,,,,,,,,3.6,1.1
,,,,,,,,,,,,,,,,,,,,,,,3.6,1.1
,,,,,,,,,,,,,,,,,,,,,,,3.6,1.1
,,,,,,,,,,,,,,,,,,,,,,,3.5,1.1
,,,,,,,,,,,,,,,,,,,,,,,3.5,1.1
,,,,,,,,,,,,,,,,,,,,,,,3.5,1.1
,,,,,,,,,,,,,,,,,,,,,,,3.5,1.1
,,,,,,,,,,,,,,,,,,,,,,,3.5,1.1
,,,,,,,,,,,,,,,,,,,,,,,3.5,1.1
,,,,,,,,,,,,,,,,,,,,,,,3.5,1.1
,,,,,,,,,,,,,,,,,,,,,,,3.5,1.1
,,,,,,,,,,,,,,,,,,,,,,,3.5,1.1
,,,,,,,,,,,,,,,,,,,,,,,3.5,1.1
,,,,,,,,,,,,,,,,,,,,,,,3.4,1.1
,,,,,,,,,,,,,,,,,,,,,,,3.4,1.1
,,,,,,,,,,,,,,,,,,,,,,,3.4,1.1
,,,,,,,,,,,,,,,,,,,,,,,3.4,1.1
,,,,,,,,,,,,,,,,,,,,,,,3.4,1.1
,,,,,,,,,,,,,,,,,,,,,,,3.4,1.1
,,,,,,,,,,,,,,,,,,,,,,,3.4,1.2
,,,,,,,,,,,,,,,,,,,,,,,3.4,1.2
,,,,,,,,,,,,,,,,,,,,,,,3.4,1.2
,,,,,,,,,,,,,,,,,,,,,,,3.4,1.2
,,,,,,,,,,,,,,,,,,,,,,,3.3,1.2
,,,,,,,,,,,,,,,,,,,,,,,3.3,1.2
,,,,,,,,,,,,,,,,,,,,,,,3.3,1.2
,,,,,,,,,,,,,,,,,,,,,,,3.3,1.2
,,,,,,,,,,,,,,,,,,,,,,,3.3,1.2
,,,,,,,,,,,,,,,,,,,,,,,3.3,1.2
,,,,,,,,,,,,,,,,,,,,,,,3.3,1.2
,,,,,,,,,,,,,,,,,,,,,,,3.3,1.2
,,,,,,,,,,,,,,,,,,,,,,,3.3,1.2
,,,,,,,,,,,,,,,,,,,,,,,3.3,1.2
,,,,,,,,,,,,,,,,,,,,,,,3.2,1.2
,,,,,,,,,,,,,,,,,,,,,,,3.2,1.2
,,,,,,,,,,,,,,,,,,,,,,,3.2,1.2
,,,,,,,,,,,,,,,,,,,,,,,3.2,1.2
,,,,,,,,,,,,,,,,,,,,,,,3.2,1.2
,,,,,,,,,,,,,,,,,,,,,,,3.2,1.2
,,,,,,,,,,,,,,,,,,,,,,,3.2,1.2
,,,,,,,,,,,,,,,,,,,,,,,3.2,1.2
,,,,,,,,,,,,,,,,,,,,,,,3.2,1.2
,,,,,,,,,,,,,,,,,,,,,,,3.2,1.2
,,,,,,,,,,,,,,,,,,,,,,,3.1,1.2
,,,,,,,,,,,,,,,,,,,,,,,3.1,1.2
,,,,,,,,,,,,,,,,,,,,,,,3.1,1.2
,,,,,,,,,,,,,,,,,,,,,,,3.1,1.2
,,,,,,,,,,,,,,,,,,,,,,,3.1,1.2
,,,,,,,,,,,,,,,,,,,,,,,3.1,1.2
,,,,,,,,,,,,,,,,,,,,,,,3.1,1.2
,,,,,,,,,,,,,,,,,,,,,,,3.1,1.2
,,,,,,,,,,,,,,,,,,,,,,,3.1,1.2
,,,,,,,,,,,,,,,,,,,,,,,3.1,1.2
,,,,,,,,,,,,,,,,,,,,,,,3.0,1.2
,,,,,,,,,,,,,,,,,,,,,,,3.0,1.2
,,,,,,,,,,,,,,,,,,,,,,,3.0,1.2
,,,,,,,,,,,,,,,,,,,,,,,3.0,1.2
,,,,,,,,,,,,,,,,,,,,,,,3.0,1.2
,,,,,,,,,,,,,,,,,,,,,,,3.0,1.2
,,,,,,,,,,,,,,,,,,,,,,,3.0,1.2
,,,,,,,,,,,,,,,,,,,,,,,3.0,1.2
,,,,,,,,,,,,,,,,,,,,,,,3.0,1.2
,,,,,,,,,,,,,,,,,,,,,,,3.0,1.2
,,,,,,,,,,,,,,,,,,,,,,,2.9,1.2
,,,,,,,,,,,,,,,,,,,,,,,2.9,1.2
,,,,,,,,,,,,,,,,,,,,,,,2.9,1.2
,,,,,,,,,,,,,,,,,,,,,,,2.9,1.2
,,,,,,,,,,,,,,,,,,,,,,,2.9,1.2
,,,,,,,,,,,,,,,,,,,,,,,2.9,1.2
,,,,,,,,,,,,,,,,,,,,,,,2.9,1.2
,,,,,,,,,,,,,,,,,,,,,,,2.9,1.2
,,,,,,,,,,,,,,,,,,,,,,,2.9,1.2
,,,,,,,,,,,,,,,,,,,,,,,2.9,1.2
,,,,,,,,,,,,,,,,,,,,,,,2.8,1.2
,,,,,,,,,,,,,,,,,,,,,,,2.8,1.2
,,,,,,,,,,,,,,,,,,,,,,,2.8,1.2
,,,,,,,,,,,,,,,,,,,,,,,2.8,1.2
,,,,,,,,,,,,,,,,,,,,,,,2.8,1.2
,,,,,,,,,,,,,,,,,,,,,,,2.8,1.2
,,,,,,,,,,,,,,,,,,,,,,,2.8,1.2
,,,,,,,,,,,,,,,,,,,,,,,2.8,1.2
,,,,,,,,,,,,,,,,,,,,,,,2.8,1.2
,,,,,,,,,,,,,,,,,,,,,,,2.8,1.2
,,,,,,,,,,,,,,,,,,,,,,,2.7,1.2
,,,,,,,,,,,,,,,,,,,,,,,2.7,1.2
,,,,,,,,,,,,,,,,,,,,,,,2.7,1.2
,,,,,,,,,,,,,,,,,,,,,,,2.7,1.2
,,,,,,,,,,,,,,,,,,,,,,,2.7,1.2
,,,,,,,,,,,,,,,,,,,,,,,2.7,1.2
,,,,,,,,,,,,,,,,,,,,,,,2.7,1.2
,,,,,,,,,,,,,,,,,,,,,,,2.7,1.2
,,,,,,,,,,,,,,,,,,,,,,,2.7,1.2
,,,,,,,,,,,,,,,,,,,,,,,2.7,1.2
,,,,,,,,,,,,,,,,,,,,,,,2.6,1.2
,,,,,,,,,,,,,,,,,,,,,,,2.6,1.2
,,,,,,,,,,,,,,,,,,,,,,,2.6,1.2
,,,,,,,,,,,,,,,,,,,,,,,2.6,1.2
,,,,,,,,,,,,,,,,,,,,,,,2.6,1.2
,,,,,,,,,,,,,,,,,,,,,,,2.6,1.2
,,,,,,,,,,,,,,,,,,,,,,,2.6,1.2
,,,,,,,,,,,,,,,,,,,,,,,2.6,1.2
,,,,,,,,,,,,,,,,,,,,,,,2.6,1.2
,,,,,,,,,,,,,,,,,,,,,,,2.6,1.2
,,,,,,,,,,,,,,,,,,,,,,,2.5,1.2
,,,,,,,,,,,,,,,,,,,,,,,2.5,1.2
,,,,,,,,,,,,,,,,,,,,,,,2.5,1.2
,,,,,,,,,,,,,,,,,,,,,,,2.5,1.2
,,,,,,,,,,,,,,,,,,,,,,,2.5,1.2
,,,,,,,,,,,,,,,,,,,,,,,2.5,1.2
,,,,,,,,,,,,,,,,,,,,,,,2.5,1.2
,,,,,,,,,,,,,,,,,,,,,,,2.5,1.2
,,,,,,,,,,,,,,,,,,,,,,,2.5,1.2
,,,,,,,,,,,,,,,,,,,,,,,2.5,1.3
,,,,,,,,,,,,,,,,,,,,,,,2.4,1.3
,,,,,,,,,,,,,,,,,,,,,,,2.4,1.3
,,,,,,,,,,,,,,,,,,,,,,,2.4,1.3
,,,,,,,,,,,,,,,,,,,,,,,2.4,1.3
,,,,,,,,,,,,,,,,,,,,,,,2.4,1.3
,,,,,,,,,,,,,,,,,,,,,,,2.4,1.3
,,,,,,,,,,,,,,,,,,,,,,,2.4,1.3
,,,,,,,,,,,,,,,,,,,,,,,2.4,1.3
,,,,,,,,,,,,,,,,,,,,,,,2.4,1.3
,,,,,,,,,,,,,,,,,,,,,,,2.4,1.3
,,,,,,,,,,,,,,,,,,,,,,,2.3,1.3
,,,,,,,,,,,,,,,,,,,,,,,2.3,1.3
,,,,,,,,,,,,,,,,,,,,,,,2.3,1.3
,,,,,,,,,,,,,,,,,,,,,,,2.3,1.3
,,,,,,,,,,,,,,,,,,,,,,,2.3,1.3
,,,,,,,,,,,,,,,,,,,,,,,2.3,1.3
,,,,,,,,,,,,,,,,,,,,,,,2.3,1.3
,,,,,,,,,,,,,,,,,,,,,,,2.3,1.3
,,,,,,,,,,,,,,,,,,,,,,,2.3,1.3
,,,,,,,,,,,,,,,,,,,,,,,2.3,1.3
,,,,,,,,,,,,,,,,,,,,,,,2.24,1.28911
,,,,,,,,,,,,,,,,,,,,,,,2.23,1.29114
,,,,,,,,,,,,,,,,,,,,,,,2.22,1.29319
,,,,,,,,,,,,,,,,,,,,,,,2.21,1.29527
,,,,,,,,,,,,,,,,,,,,,,,2.2,1.29737
,,,,,,,,,,,,,,,,,,,,,,,2.19,1.2995
,,,,,,,,,,,,,,,,,,,,,,,2.18,1.30165
,,,,,,,,,,,,,,,,,,,,,,,2.17,1.30383
,,,,,,,,,,,,,,,,,,,,,,,2.16,1.30603
,,,,,,,,,,,,,,,,,,,,,,,2.15,1.30826
,,,,,,,,,,,,,,,,,,,,,,,2.14,1.31052
,,,,,,,,,,,,,,,,,,,,,,,2.13,1.3128
,,,,,,,,,,,,,,,,,,,,,,,2.12,1.31511
,,,,,,,,,,,,,,,,,,,,,,,2.11,1.31746
,,,,,,,,,,,,,,,,,,,,,,,2.1,1.31983
,,,,,,,,,,,,,,,,,,,,,,,2.09,1.32223
,,,,,,,,,,,,,,,,,,,,,,,2.08,1.32466
,,,,,,,,,,,,,,,,,,,,,,,2.07,1.32712
,,,,,,,,,,,,,,,,,,,,,,,2.06,1.32961
,,,,,,,,,,,,,,,,,,,,,,,2.05,1.33214
,,,,,,,,,,,,,,,,,,,,,,,2.04,1.3347
,,,,,,,,,,,,,,,,,,,,,,,2.03,1.33729
,,,,,,,,,,,,,,,,,,,,,,,2.02,1.33991
,,,,,,,,,,,,,,,,,,,,,,,2.01,1.34257
,,,,,,,,,,,,,,,,,,,,,,,2,1.34527
,,,,,,,,,,,,,,,,,,,,,,,1.99,1.348
,,,,,,,,,,,,,,,,,,,,,,,1.98,1.35077
,,,,,,,,,,,,,,,,,,,,,,,1.97,1.35357
,,,,,,,,,,,,,,,,,,,,,,,1.96,1.35642
,,,,,,,,,,,,,,,,,,,,,,,1.95,1.3593
,,,,,,,,,,,,,,,,,,,,,,,1.94,1.36223
,,,,,,,,,,,,,,,,,,,,,,,1.93,1.36519
,,,,,,,,,,,,,,,,,,,,,,,1.92,1.36819
,,,,,,,,,,,,,,,,,,,,,,,1.91,1.37124
,,,,,,,,,,,,,,,,,,,,,,,1.9,1.37433
,,,,,,,,,,,,,,,,,,,,,,,1.89,1.37747
,,,,,,,,,,,,,,,,,,,,,,,1.88,1.38065
,,,,,,,,,,,,,,,,,,,,,,,1.87,1.38388
,,,,,,,,,,,,,,,,,,,,,,,1.86,1.38715
,,,,,,,,,,,,,,,,,,,,,,,1.85,1.39047
,,,,,,,,,,,,,,,,,,,,,,,1.84,1.39384
,,,,,,,,,,,,,,,,,,,,,,,1.83,1.39727
,,,,,,,,,,,,,,,,,,,,,,,1.82,1.40074
,,,,,,,,,,,,,,,,,,,,,,,1.81,1.40427
,,,,,,,,,,,,,,,,,,,,,,,1.8,1.40785
,,,,,,,,,,,,,,,,,,,,,,,1.79,1.41148
,,,,,,,,,,,,,,,,,,,,,,,1.78,1.41517
,,,,,,,,,,,,,,,,,,,,,,,1.77,1.41892
,,,,,,,,,,,,,,,,,,,,,,,1.76,1.42273
,,,,,,,,,,,,,,,,,,,,,,,1.75,1.4266
,,,,,,,,,,,,,,,,,,,,,,,1.74,1.43053
,,,,,,,,,,,,,,,,,,,,,,,1.73,1.43452
,,,,,,,,,,,,,,,,,,,,,,,1.72,1.43858
,,,,,,,,,,,,,,,,,,,,,,,1.71,1.44271
,,,,,,,,,,,,,,,,,,,,,,,1.7,1.4469
,,,,,,,,,,,,,,,,,,,,,,,1.69,1.45117
,,,,,,,,,,,,,,,,,,,,,,,1.68,1.4555
,,,,,,,,,,,,,,,,,,,,,,,1.67,1.45991
,,,,,,,,,,,,,,,,,,,,,,,1.66,1.4644
,,,,,,,,,,,,,,,,,,,,,,,1.65,1.46896
,,,,,,,,,,,,,,,,,,,,,,,1.64,1.4736
,,,,,,,,,,,,,,,,,,,,,,,1.63,1.47832
,,,,,,,,,,,,,,,,,,,,,,,1.62,1.48313
,,,,,,,,,,,,,,,,,,,,,,,1.61,1.48802
,,,,,,,,,,,,,,,,,,,,,,,1.6,1.493
,,,,,,,,,,,,,,,,,,,,,,,1.59,1.49807
,,,,,,,,,,,,,,,,,,,,,,,1.58,1.50323
,,,,,,,,,,,,,,,,,,,,,,,1.57,1.50849
,,,,,,,,,,,,,,,,,,,,,,,1.56,1.51384
,,,,,,,,,,,,,,,,,,,,,,,1.55,1.5193
,,,,,,,,,,,,,,,,,,,,,,,1.54,1.52486
,,,,,,,,,,,,,,,,,,,,,,,1.53,1.53053
,,,,,,,,,,,,,,,,,,,,,,,1.52,1.5363
,,,,,,,,,,,,,,,,,,,,,,,1.51,1.54219
,,,,,,,,,,,,,,,,,,,,,,,1.5,1.5482
,,,,,,,,,,,,,,,,,,,,,,,1.49,1.55432
,,,,,,,,,,,,,,,,,,,,,,,1.48,1.56057
,,,,,,,,,,,,,,,,,,,,,,,1.47,1.56694
,,,,,,,,,,,,,,,,,,,,,,,1.46,1.57345
,,,,,,,,,,,,,,,,,,,,,,,1.45,1.58009
,,,,,,,,,,,,,,,,,,,,,,,1.44,1.58687
,,,,,,,,,,,,,,,,,,,,,,,1.43,1.59379
,,,,,,,,,,,,,,,,,,,,,,,1.42,1.60086
,,,,,,,,,,,,,,,,,,,,,,,1.41,1.60809
,,,,,,,,,,,,,,,,,,,,,,,1.4,1.61547
,,,,,,,,,,,,,,,,,,,,,,,1.39,1.62301
,,,,,,,,,,,,,,,,,,,,,,,1.38,1.63072
,,,,,,,,,,,,,,,,,,,,,,,1.37,1.63861
,,,,,,,,,,,,,,,,,,,,,,,1.36,1.64668
,,,,,,,,,,,,,,,,,,,,,,,1.35,1.65493
,,,,,,,,,,,,,,,,,,,,,,,1.34,1.66337
,,,,,,,,,,,,,,,,,,,,,,,1.33,1.67202
,,,,,,,,,,,,,,,,,,,,,,,1.32,1.68087
,,,,,,,,,,,,,,,,,,,,,,,1.31,1.68993
,,,,,,,,,,,,,,,,,,,,,,,1.3,1.69922
,,,,,,,,,,,,,,,,,,,,,,,1.29,1.70873
,,,,,,,,,,,,,,,,,,,,,,,1.28,1.71849
,,,,,,,,,,,,,,,,,,,,,,,1.27,1.72849
,,,,,,,,,,,,,,,,,,,,,,,1.26,1.73874
,,,,,,,,,,,,,,,,,,,,,,,1.25,1.74927
,,,,,,,,,,,,,,,,,,,,,,,1.24,1.76007
,,,,,,,,,,,,,,,,,,,,,,,1.23,1.77116
,,,,,,,,,,,,,,,,,,,,,,,1.22,1.78255
,,,,,,,,,,,,,,,,,,,,,,,1.21,1.79426
,,,,,,,,,,,,,,,,,,,,,,,1.2,1.80628
,,,,,,,,,,,,,,,,,,,,,,,1.19,1.81865
,,,,,,,,,,,,,,,,,,,,,,,1.18,1.83137
,,,,,,,,,,,,,,,,,,,,,,,1.17,1.84446
,,,,,,,,,,,,,,,,,,,,,,,1.16,1.85794
,,,,,,,,,,,,,,,,,,,,,,,1.15,1.87181
,,,,,,,,,,,,,,,,,,,,,,,1.14,1.88611
,,,,,,,,,,,,,,,,,,,,,,,1.13,1.90085
,,,,,,,,,,,,,,,,,,,,,,,1.12,1.91605
,,,,,,,,,,,,,,,,,,,,,,,1.11,1.93173
,,,,,,,,,,,,,,,,,,,,,,,1.1,1.94791
,,,,,,,,,,,,,,,,,,,,,,,1.09,1.96463
,,,,,,,,,,,,,,,,,,,,,,,1.08,1.9819
,,,,,,,,,,,,,,,,,,,,,,,1.07,1.99976
,,,,,,,,,,,,,,,,,,,,,,,1.06,2.01823
,,,,,,,,,,,,,,,,,,,,,,,1.05,2.03736
,,,,,,,,,,,,,,,,,,,,,,,1.04,2.05716
,,,,,,,,,,,,,,,,,,,,,,,1.03,2.07769
,,,,,,,,,,,,,,,,,,,,,,,1.02,2.09898
,,,,,,,,,,,,,,,,,,,,,,,1.01,2.12107
,,,,,,,,,,,,,,,,,,,,,,,1,2.14401
,,,,,,,,,,,,,,,,,,,,,,,0.99,2.16786
,,,,,,,,,,,,,,,,,,,,,,,0.98,2.19266
,,,,,,,,,,,,,,,,,,,,,,,0.97,2.21848
,,,,,,,,,,,,,,,,,,,,,,,0.96,2.24538
,,,,,,,,,,,,,,,,,,,,,,,0.95,2.27343
,,,,,,,,,,,,,,,,,,,,,,,0.94,2.30272
,,,,,,,,,,,,,,,,,,,,,,,0.93,2.33331
,,,,,,,,,,,,,,,,,,,,,,,0.92,2.36531
,,,,,,,,,,,,,,,,,,,,,,,0.91,2.39881
,,,,,,,,,,,,,,,,,,,,,,,0.9,2.43394
,,,,,,,,,,,,,,,,,,,,,,,0.89,2.4708
,,,,,,,,,,,,,,,,,,,,,,,0.88,2.50955
,,,,,,,,,,,,,,,,,,,,,,,0.87,2.55032
,,,,,,,,,,,,,,,,,,,,,,,0.86,2.5933
,,,,,,,,,,,,,,,,,,,,,,,0.85,2.63868
,,,,,,,,,,,,,,,,,,,,,,,0.84,2.68666
,,,,,,,,,,,,,,,,,,,,,,,0.83,2.7375
,,,,,,,,,,,,,,,,,,,,,,,0.82,2.79147
,,,,,,,,,,,,,,,,,,,,,,,0.81,2.84888
,,,,,,,,,,,,,,,,,,,,,,,0.8,2.91011
,,,,,,,,,,,,,,,,,,,,,,,0.79,2.97557
,,,,,,,,,,,,,,,,,,,,,,,0.78,3.04576
,,,,,,,,,,,,,,,,,,,,,,,0.77,3.12125
,,,,,,,,,,,,,,,,,,,,,,,0.76,3.20273
,,,,,,,,,,,,,,,,,,,,,,,0.75,3.29102
,,,,,,,,,,,,,,,,,,,,,,,0.74,3.38712
,,,,,,,,,,,,,,,,,,,,,,,0.73,3.49225
,,,,,,,,,,,,,,,,,,,,,,,0.72,3.60793
,,,,,,,,,,,,,,,,,,,,,,,0.71,3.73609
,,,,,,,,,,,,,,,,,,,,,,,0.7,3.87924
,,,,,,,,,,,,,,,,,,,,,,,0.69,4.04069
,,,,,,,,,,,,,,,,,,,,,,,0.68,4.22497
,,,,,,,,,,,,,,,,,,,,,,,0.67,4.43851
,,,,,,,,,,,,,,,,,,,,,,,0.66,4.69086
,,,,,,,,,,,,,,,,,,,,,,,0.65,4.99711
,,,,,,,,,,,,,,,,,,,,,,,0.64,5.38327
,,,,,,,,,,,,,,,,,,,,,,,0.63,5.90021
,,,,,,,,,,,,,,,,,,,,,,,0.62,6.671
,,,,,,,,,,,,,,,,,,,,,,,0.61,8.16724
,,,,,,,,,,,,,,,,,,,,,,,-0.61,8.16724
,,,,,,,,,,,,,,,,,,,,,,,-0.62,6.671
,,,,,,,,,,,,,,,,,,,,,,,-0.63,5.90021
,,,,,,,,,,,,,,,,,,,,,,,-0.64,5.38327
,,,,,,,,,,,,,,,,,,,,,,,-0.65,4.99711
,,,,,,,,,,,,,,,,,,,,,,,-0.66,4.69086
,,,,,,,,,,,,,,,,,,,,,,,-0.67,4.43851
,,,,,,,,,,,,,,,,,,,,,,,-0.68,4.22497
,,,,,,,,,,,,,,,,,,,,,,,-0.69,4.04069
,,,,,,,,,,,,,,,,,,,,,,,-0.7,3.87924
,,,,,,,,,,,,,,,,,,,,,,,-0.71,3.73609
,,,,,,,,,,,,,,,,,,,,,,,-0.72,3.60793
,,,,,,,,,,,,,,,,,,,,,,,-0.73,3.49225
,,,,,,,,,,,,,,,,,,,,,,,-0.74,3.38712
,,,,,,,,,,,,,,,,,,,,,,,-0.75,3.29102
,,,,,,,,,,,,,,,,,,,,,,,-0.76,3.20273
,,,,,,,,,,,,,,,,,,,,,,,-0.77,3.12125
,,,,,,,,,,,,,,,,,,,,,,,-0.78,3.04576
,,,,,,,,,,,,,,,,,,,,,,,-0.79,2.97557
,,,,,,,,,,,,,,,,,,,,,,,-0.8,2.91011
,,,,,,,,,,,,,,,,,,,,,,,-0.81,2.84888
,,,,,,,,,,,,,,,,,,,,,,,-0.82,2.79147
,,,,,,,,,,,,,,,,,,,,,,,-0.83,2.7375
,,,,,,,,,,,,,,,,,,,,,,,-0.84,2.68666
,,,,,,,,,,,,,,,,,,,,,,,-0.85,2.63868
,,,,,,,,,,,,,,,,,,,,,,,-0.86,2.5933
,,,,,,,,,,,,,,,,,,,,,,,-0.87,2.55032
,,,,,,,,,,,,,,,,,,,,,,,-0.88,2.50955
,,,,,,,,,,,,,,,,,,,,,,,-0.89,2.4708
,,,,,,,,,,,,,,,,,,,,,,,-0.9,2.43394
,,,,,,,,,,,,,,,,,,,,,,,-0.91,2.39881
,,,,,,,,,,,,,,,,,,,,,,,-0.92,2.36531
,,,,,,,,,,,,,,,,,,,,,,,-0.93,2.33331
,,,,,,,,,,,,,,,,,,,,,,,-0.94,2.30272
,,,,,,,,,,,,,,,,,,,,,,,-0.95,2.27343
,,,,,,,,,,,,,,,,,,,,,,,-0.96,2.24538
,,,,,,,,,,,,,,,,,,,,,,,-0.97,2.21848
,,,,,,,,,,,,,,,,,,,,,,,-0.98,2.19266
,,,,,,,,,,,,,,,,,,,,,,,-0.99,2.16786
,,,,,,,,,,,,,,,,,,,,,,,-1,2.14401
,,,,,,,,,,,,,,,,,,,,,,,-1.01,2.12107
,,,,,,,,,,,,,,,,,,,,,,,-1.02,2.09898
,,,,,,,,,,,,,,,,,,,,,,,-1.03,2.07769
,,,,,,,,,,,,,,,,,,,,,,,-1.04,2.05716
,,,,,,,,,,,,,,,,,,,,,,,-1.05,2.03736
,,,,,,,,,,,,,,,,,,,,,,,-1.06,2.01823
,,,,,,,,,,,,,,,,,,,,,,,-1.07,1.99976
,,,,,,,,,,,,,,,,,,,,,,,-1.08,1.9819
,,,,,,,,,,,,,,,,,,,,,,,-1.09,1.96463
,,,,,,,,,,,,,,,,,,,,,,,-1.1,1.94791
,,,,,,,,,,,,,,,,,,,,,,,-1.11,1.93173
,,,,,,,,,,,,,,,,,,,,,,,-1.12,1.91605
,,,,,,,,,,,,,,,,,,,,,,,-1.13,1.90085
,,,,,,,,,,,,,,,,,,,,,,,-1.14,1.88611
,,,,,,,,,,,,,,,,,,,,,,,-1.15,1.87181
,,,,,,,,,,,,,,,,,,,,,,,-1.16,1.85794
,,,,,,,,,,,,,,,,,,,,,,,-1.17,1.84446
,,,,,,,,,,,,,,,,,,,,,,,-1.18,1.83137
,,,,,,,,,,,,,,,,,,,,,,,-1.19,1.81865
,,,,,,,,,,,,,,,,,,,,,,,-1.2,1.80628
,,,,,,,,,,,,,,,,,,,,,,,-1.21,1.79426
,,,,,,,,,,,,,,,,,,,,,,,-1.22,1.78255
,,,,,,,,,,,,,,,,,,,,,,,-1.23,1.77116
,,,,,,,,,,,,,,,,,,,,,,,-1.24,1.76007
,,,,,,,,,,,,,,,,,,,,,,,-1.25,1.74927
,,,,,,,,,,,,,,,,,,,,,,,-1.26,1.73874
,,,,,,,,,,,,,,,,,,,,,,,-1.27,1.72849
,,,,,,,,,,,,,,,,,,,,,,,-1.28,1.71849
,,,,,,,,,,,,,,,,,,,,,,,-1.29,1.70873
,,,,,,,,,,,,,,,,,,,,,,,-1.3,1.69922
,,,,,,,,,,,,,,,,,,,,,,,-1.31,1.68993
,,,,,,,,,,,,,,,,,,,,,,,-1.32,1.68087
,,,,,,,,,,,,,,,,,,,,,,,-1.33,1.67202
,,,,,,,,,,,,,,,,,,,,,,,-1.34,1.66337
,,,,,,,,,,,,,,,,,,,,,,,-1.35,1.65493
,,,,,,,,,,,,,,,,,,,,,,,-1.36,1.64668
,,,,,,,,,,,,,,,,,,,,,,,-1.37,1.63861
,,,,,,,,,,,,,,,,,,,,,,,-1.38,1.63072
,,,,,,,,,,,,,,,,,,,,,,,-1.39,1.62301
,,,,,,,,,,,,,,,,,,,,,,,-1.4,1.61547
,,,,,,,,,,,,,,,,,,,,,,,-1.41,1.60809
,,,,,,,,,,,,,,,,,,,,,,,-1.42,1.60086
,,,,,,,,,,,,,,,,,,,,,,,-1.43,1.59379
,,,,,,,,,,,,,,,,,,,,,,,-1.44,1.58687
,,,,,,,,,,,,,,,,,,,,,,,-1.45,1.58009
,,,,,,,,,,,,,,,,,,,,,,,-1.46,1.57345
,,,,,,,,,,,,,,,,,,,,,,,-1.47,1.56694
,,,,,,,,,,,,,,,,,,,,,,,-1.48,1.56057
,,,,,,,,,,,,,,,,,,,,,,,-1.49,1.55432
,,,,,,,,,,,,,,,,,,,,,,,-1.5,1.5482
,,,,,,,,,,,,,,,,,,,,,,,-1.51,1.54219
,,,,,,,,,,,,,,,,,,,,,,,-1.52,1.5363
,,,,,,,,,,,,,,,,,,,,,,,-1.53,1.53053
,,,,,,,,,,,,,,,,,,,,,,,-1.54,1.52486
,,,,,,,,,,,,,,,,,,,,,,,-1.55,1.5193
,,,,,,,,,,,,,,,,,,,,,,,-1.56,1.51384
,,,,,,,,,,,,,,,,,,,,,,,-1.57,1.50849
,,,,,,,,,,,,,,,,,,,,,,,-1.58,1.50323
,,,,,,,,,,,,,,,,,,,,,,,-1.59,1.49807
,,,,,,,,,,,,,,,,,,,,,,,-1.6,1.493
,,,,,,,,,,,,,,,,,,,,,,,-1.61,1.48802
,,,,,,,,,,,,,,,,,,,,,,,-1.62,1.48313
,,,,,,,,,,,,,,,,,,,,,,,-1.63,1.47832
,,,,,,,,,,,,,,,,,,,,,,,-1.64,1.4736
,,,,,,,,,,,,,,,,,,,,,,,-1.65,1.46896
,,,,,,,,,,,,,,,,,,,,,,,-1.66,1.4644
,,,,,,,,,,,,,,,,,,,,,,,-1.67,1.45991
,,,,,,,,,,,,,,,,,,,,,,,-1.68,1.4555
,,,,,,,,,,,,,,,,,,,,,,,-1.69,1.45117
,,,,,,,,,,,,,,,,,,,,,,,-1.7,1.4469
,,,,,,,,,,,,,,,,,,,,,,,-1.71,1.44271
,,,,,,,,,,,,,,,,,,,,,,,-1.72,1.43858
,,,,,,,,,,,,,,,,,,,,,,,-1.73,1.43452
,,,,,,,,,,,,,,,,,,,,,,,-1.74,1.43053
,,,,,,,,,,,,,,,,,,,,,,,-1.75,1.4266
,,,,,,,,,,,,,,,,,,,,,,,-1.76,1.42273
,,,,,,,,,,,,,,,,,,,,,,,-1.77,1.41892
,,,,,,,,,,,,,,,,,,,,,,,-1.78,1.41517
,,,,,,,,,,,,,,,,,,,,,,,-1.79,1.41148
,,,,,,,,,,,,,,,,,,,,,,,-1.8,1.40785
,,,,,,,,,,,,,,,,,,,,,,,-1.81,1.40427
,,,,,,,,,,,,,,,,,,,,,,,-1.82,1.40074
,,,,,,,,,,,,,,,,,,,,,,,-1.83,1.39727
,,,,,,,,,,,,,,,,,,,,,,,-1.84,1.39384
,,,,,,,,,,,,,,,,,,,,,,,-1.85,1.39047
,,,,,,,,,,,,,,,,,,,,,,,-1.86,1.38715
,,,,,,,,,,,,,,,,,,,,,,,-1.87,1.38388
,,,,,,,,,,,,,,,,,,,,,,,-1.88,1.38065
,,,,,,,,,,,,,,,,,,,,,,,-1.89,1.37747
,,,,,,,,,,,,,,,,,,,,,,,-1.9,1.37433
,,,,,,,,,,,,,,,,,,,,,,,-1.91,1.37124
,,,,,,,,,,,,,,,,,,,,,,,-1.92,1.36819
,,,,,,,,,,,,,,,,,,,,,,,-1.93,1.36519
,,,,,,,,,,,,,,,,,,,,,,,-1.94,1.36223
,,,,,,,,,,,,,,,,,,,,,,,-1.95,1.3593
,,,,,,,,,,,,,,,,,,,,,,,-1.96,1.35642
,,,,,,,,,,,,,,,,,,,,,,,-1.97,1.35357
,,,,,,,,,,,,,,,,,,,,,,,-1.98,1.35077
,,,,,,,,,,,,,,,,,,,,,,,-1.99,1.348
,,,,,,,,,,,,,,,,,,,,,,,-2,1.34527
,,,,,,,,,,,,,,,,,,,,,,,-2.01,1.34257
,,,,,,,,,,,,,,,,,,,,,,,-2.02,1.33991
,,,,,,,,,,,,,,,,,,,,,,,-2.03,1.33729
,,,,,,,,,,,,,,,,,,,,,,,-2.04,1.3347
,,,,,,,,,,,,,,,,,,,,,,,-2.05,1.33214
,,,,,,,,,,,,,,,,,,,,,,,-2.06,1.32961
,,,,,,,,,,,,,,,,,,,,,,,-2.07,1.32712
,,,,,,,,,,,,,,,,,,,,,,,-2.08,1.32466
,,,,,,,,,,,,,,,,,,,,,,,-2.09,1.32223
,,,,,,,,,,,,,,,,,,,,,,,-2.1,1.31983
,,,,,,,,,,,,,,,,,,,,,,,-2.11,1.31746
,,,,,,,,,,,,,,,,,,,,,,,-2.12,1.31511
,,,,,,,,,,,,,,,,,,,,,,,-2.13,1.3128
,,,,,,,,,,,,,,,,,,,,,,,-2.14,1.31052
,,,,,,,,,,,,,,,,,,,,,,,-2.15,1.30826
,,,,,,,,,,,,,,,,,,,,,,,-2.16,1.30603
,,,,,,,,,,,,,,,,,,,,,,,-2.17,1.30383
,,,,,,,,,,,,,,,,,,,,,,,-2.18,1.30165
,,,,,,,,,,,,,,,,,,,,,,,-2.19,1.2995
,,,,,,,,,,,,,,,,,,,,,,,-2.2,1.29737
,,,,,,,,,,,,,,,,,,,,,,,-2.21,1.29527
,,,,,,,,,,,,,,,,,,,,,,,-2.22,1.29319
,,,,,,,,,,,,,,,,,,,,,,,-2.23,1.29114
,,,,,,,,,,,,,,,,,,,,,,,-2.24,1.28911
,,,,,,,,,,,,,,,,,,,,,,,-2.25,1.28711
,,,,,,,,,,,,,,,,,,,,,,,-2.26,1.28512
,,,,,,,,,,,,,,,,,,,,,,,-2.27,1.28316
,,,,,,,,,,,,,,,,,,,,,,,-2.28,1.28122
,,,,,,,,,,,,,,,,,,,,,,,-2.29,1.27931
,,,,,,,,,,,,,,,,,,,,,,,-2.3,1.27741
,,,,,,,,,,,,,,,,,,,,,,,-2.31,1.27554
,,,,,,,,,,,,,,,,,,,,,,,-2.32,1.27368
,,,,,,,,,,,,,,,,,,,,,,,-2.33,1.27185
,,,,,,,,,,,,,,,,,,,,,,,-2.34,1.27003
,,,,,,,,,,,,,,,,,,,,,,,-2.35,1.26824
,,,,,,,,,,,,,,,,,,,,,,,-2.36,1.26646
,,,,,,,,,,,,,,,,,,,,,,,-2.37,1.26471
,,,,,,,,,,,,,,,,,,,,,,,-2.38,1.26297
,,,,,,,,,,,,,,,,,,,,,,,-2.39,1.26125
,,,,,,,,,,,,,,,,,,,,,,,-2.4,1.25955
,,,,,,,,,,,,,,,,,,,,,,,-2.41,1.25787
,,,,,,,,,,,,,,,,,,,,,,,-2.42,1.2562
,,,,,,,,,,,,,,,,,,,,,,,-2.43,1.25455
,,,,,,,,,,,,,,,,,,,,,,,-2.44,1.25292
,,,,,,,,,,,,,,,,,,,,,,,-2.45,1.25131
,,,,,,,,,,,,,,,,,,,,,,,-2.46,1.24971
,,,,,,,,,,,,,,,,,,,,,,,-2.47,1.24812
,,,,,,,,,,,,,,,,,,,,,,,-2.48,1.24656
,,,,,,,,,,,,,,,,,,,,,,,-2.49,1.24501
,,,,,,,,,,,,,,,,,,,,,,,-2.5,1.24347
,,,,,,,,,,,,,,,,,,,,,,,-2.51,1.24195
,,,,,,,,,,,,,,,,,,,,,,,-2.52,1.24045
,,,,,,,,,,,,,,,,,,,,,,,-2.53,1.23896
,,,,,,,,,,,,,,,,,,,,,,,-2.54,1.23749
,,,,,,,,,,,,,,,,,,,,,,,-2.55,1.23603
,,,,,,,,,,,,,,,,,,,,,,,-2.56,1.23458
,,,,,,,,,,,,,,,,,,,,,,,-2.57,1.23315
,,,,,,,,,,,,,,,,,,,,,,,-2.58,1.23173
,,,,,,,,,,,,,,,,,,,,,,,-2.59,1.23032
,,,,,,,,,,,,,,,,,,,,,,,-2.6,1.22893
,,,,,,,,,,,,,,,,,,,,,,,-2.61,1.22755
,,,,,,,,,,,,,,,,,,,,,,,-2.62,1.22619
,,,,,,,,,,,,,,,,,,,,,,,-2.63,1.22484
,,,,,,,,,,,,,,,,,,,,,,,-2.64,1.2235
,,,,,,,,,,,,,,,,,,,,,,,-2.65,1.22217
,,,,,,,,,,,,,,,,,,,,,,,-2.66,1.22085
,,,,,,,,,,,,,,,,,,,,,,,-2.67,1.21955
,,,,,,,,,,,,,,,,,,,,,,,-2.68,1.21826
,,,,,,,,,,,,,,,,,,,,,,,-2.69,1.21698
,,,,,,,,,,,,,,,,,,,,,,,-2.7,1.21571
,,,,,,,,,,,,,,,,,,,,,,,-2.71,1.21446
,,,,,,,,,,,,,,,,,,,,,,,-2.72,1.21321
,,,,,,,,,,,,,,,,,,,,,,,-2.73,1.21198
,,,,,,,,,,,,,,,,,,,,,,,-2.74,1.21076
,,,,,,,,,,,,,,,,,,,,,,,-2.75,1.20955
,,,,,,,,,,,,,,,,,,,,,,,-2.76,1.20835
,,,,,,,,,,,,,,,,,,,,,,,-2.77,1.20716
,,,,,,,,,,,,,,,,,,,,,,,-2.78,1.20598
,,,,,,,,,,,,,,,,,,,,,,,-2.79,1.20481
,,,,,,,,,,,,,,,,,,,,,,,-2.8,1.20365
,,,,,,,,,,,,,,,,,,,,,,,-2.81,1.2025
,,,,,,,,,,,,,,,,,,,,,,,-2.82,1.20136
,,,,,,,,,,,,,,,,,,,,,,,-2.83,1.20023
,,,,,,,,,,,,,,,,,,,,,,,-2.84,1.19911
,,,,,,,,,,,,,,,,,,,,,,,-2.85,1.198
,,,,,,,,,,,,,,,,,,,,,,,-2.86,1.1969
,,,,,,,,,,,,,,,,,,,,,,,-2.87,1.19581
,,,,,,,,,,,,,,,,,,,,,,,-2.88,1.19473
,,,,,,,,,,,,,,,,,,,,,,,-2.89,1.19365
,,,,,,,,,,,,,,,,,,,,,,,-2.9,1.19259
,,,,,,,,,,,,,,,,,,,,,,,-2.91,1.19153
,,,,,,,,,,,,,,,,,,,,,,,-2.92,1.19049
,,,,,,,,,,,,,,,,,,,,,,,-2.93,1.18945
,,,,,,,,,,,,,,,,,,,,,,,-2.94,1.18842
,,,,,,,,,,,,,,,,,,,,,,,-2.95,1.1874
,,,,,,,,,,,,,,,,,,,,,,,-2.96,1.18639
,,,,,,,,,,,,,,,,,,,,,,,-2.97,1.18538
,,,,,,,,,,,,,,,,,,,,,,,-2.98,1.18439
,,,,,,,,,,,,,,,,,,,,,,,-2.99,1.1834
,,,,,,,,,,,,,,,,,,,,,,,-3,1.18242
,,,,,,,,,,,,,,,,,,,,,,,-3.01,1.18145
,,,,,,,,,,,,,,,,,,,,,,,-3.02,1.18048
,,,,,,,,,,,,,,,,,,,,,,,-3.03,1.17952
,,,,,,,,,,,,,,,,,,,,,,,-3.04,1.17857
,,,,,,,,,,,,,,,,,,,,,,,-3.05,1.17763
,,,,,,,,,,,,,,,,,,,,,,,-3.06,1.1767
,,,,,,,,,,,,,,,,,,,,,,,-3.07,1.17577
,,,,,,,,,,,,,,,,,,,,,,,-3.08,1.17485
,,,,,,,,,,,,,,,,,,,,,,,-3.09,1.17394
,,,,,,,,,,,,,,,,,,,,,,,-3.1,1.17303
,,,,,,,,,,,,,,,,,,,,,,,-3.11,1.17213
,,,,,,,,,,,,,,,,,,,,,,,-3.12,1.17124
,,,,,,,,,,,,,,,,,,,,,,,-3.13,1.17035
,,,,,,,,,,,,,,,,,,,,,,,-3.14,1.16948
,,,,,,,,,,,,,,,,,,,,,,,-3.15,1.1686
,,,,,,,,,,,,,,,,,,,,,,,-3.16,1.16774
,,,,,,,,,,,,,,,,,,,,,,,-3.17,1.16688
,,,,,,,,,,,,,,,,,,,,,,,-3.18,1.16603
,,,,,,,,,,,,,,,,,,,,,,,-3.19,1.16518
,,,,,,,,,,,,,,,,,,,,,,,-3.2,1.16434
,,,,,,,,,,,,,,,,,,,,,,,-3.21,1.16351
,,,,,,,,,,,,,,,,,,,,,,,-3.22,1.16268
,,,,,,,,,,,,,,,,,,,,,,,-3.23,1.16186
,,,,,,,,,,,,,,,,,,,,,,,-3.24,1.16104
,,,,,,,,,,,,,,,,,,,,,,,-3.25,1.16023
,,,,,,,,,,,,,,,,,,,,,,,-3.26,1.15943
,,,,,,,,,,,,,,,,,,,,,,,-3.27,1.15863
,,,,,,,,,,,,,,,,,,,,,,,-3.28,1.15784
,,,,,,,,,,,,,,,,,,,,,,,-3.29,1.15705
,,,,,,,,,,,,,,,,,,,,,,,-3.3,1.15627
,,,,,,,,,,,,,,,,,,,,,,,-3.31,1.1555
,,,,,,,,,,,,,,,,,,,,,,,-3.32,1.15473
,,,,,,,,,,,,,,,,,,,,,,,-3.33,1.15397
,,,,,,,,,,,,,,,,,,,,,,,-3.34,1.15321
,,,,,,,,,,,,,,,,,,,,,,,-3.35,1.15245
,,,,,,,,,,,,,,,,,,,,,,,-3.36,1.15171
,,,,,,,,,,,,,,,,,,,,,,,-3.37,1.15096
,,,,,,,,,,,,,,,,,,,,,,,-3.38,1.15023
,,,,,,,,,,,,,,,,,,,,,,,-3.39,1.14949
,,,,,,,,,,,,,,,,,,,,,,,-3.4,1.14877
,,,,,,,,,,,,,,,,,,,,,,,-3.41,1.14804
,,,,,,,,,,,,,,,,,,,,,,,-3.42,1.14733
,,,,,,,,,,,,,,,,,,,,,,,-3.43,1.14661
,,,,,,,,,,,,,,,,,,,,,,,-3.44,1.14591
,,,,,,,,,,,,,,,,,,,,,,,-3.45,1.1452
,,,,,,,,,,,,,,,,,,,,,,,-3.46,1.1445
,,,,,,,,,,,,,,,,,,,,,,,-3.47,1.14381
,,,,,,,,,,,,,,,,,,,,,,,-3.48,1.14312
,,,,,,,,,,,,,,,,,,,,,,,-3.49,1.14244
,,,,,,,,,,,,,,,,,,,,,,,-3.5,1.14176
,,,,,,,,,,,,,,,,,,,,,,,-3.51,1.14108
,,,,,,,,,,,,,,,,,,,,,,,-3.52,1.14041
,,,,,,,,,,,,,,,,,,,,,,,-3.53,1.13975
,,,,,,,,,,,,,,,,,,,,,,,-3.54,1.13909
,,,,,,,,,,,,,,,,,,,,,,,-3.55,1.13843
,,,,,,,,,,,,,,,,,,,,,,,-3.56,1.13778
,,,,,,,,,,,,,,,,,,,,,,,-3.57,1.13713
,,,,,,,,,,,,,,,,,,,,,,,-3.58,1.13648
,,,,,,,,,,,,,,,,,,,,,,,-3.59,1.13584
,,,,,,,,,,,,,,,,,,,,,,,-3.6,1.13521
,,,,,,,,,,,,,,,,,,,,,,,-3.61,1.13457
,,,,,,,,,,,,,,,,,,,,,,,-3.62,1.13395
,,,,,,,,,,,,,,,,,,,,,,,-3.63,1.13332
,,,,,,,,,,,,,,,,,,,,,,,-3.64,1.1327
,,,,,,,,,,,,,,,,,,,,,,,-3.65,1.13209
,,,,,,,,,,,,,,,,,,,,,,,-3.66,1.13147
,,,,,,,,,,,,,,,,,,,,,,,-3.67,1.13087
,,,,,,,,,,,,,,,,,,,,,,,-3.68,1.13026
,,,,,,,,,,,,,,,,,,,,,,,-3.69,1.12966
,,,,,,,,,,,,,,,,,,,,,,,-3.7,1.12907
,,,,,,,,,,,,,,,,,,,,,,,-3.71,1.12847
,,,,,,,,,,,,,,,,,,,,,,,-3.72,1.12788
,,,,,,,,,,,,,,,,,,,,,,,-3.73,1.1273
,,,,,,,,,,,,,,,,,,,,,,,-3.74,1.12672
,,,,,,,,,,,,,,,,,,,,,,,-3.75,1.12614
,,,,,,,,,,,,,,,,,,,,,,,-3.76,1.12556
,,,,,,,,,,,,,,,,,,,,,,,-3.77,1.12499
,,,,,,,,,,,,,,,,,,,,,,,-3.78,1.12442
,,,,,,,,,,,,,,,,,,,,,,,-3.79,1.12386
,,,,,,,,,,,,,,,,,,,,,,,-3.8,1.1233
,,,,,,,,,,,,,,,,,,,,,,,-3.81,1.12274
,,,,,,,,,,,,,,,,,,,,,,,-3.82,1.12219
,,,,,,,,,,,,,,,,,,,,,,,-3.83,1.12163
,,,,,,,,,,,,,,,,,,,,,,,-3.84,1.12109
,,,,,,,,,,,,,,,,,,,,,,,-3.85,1.12054
,,,,,,,,,,,,,,,,,,,,,,,-3.86,1.12
,,,,,,,,,,,,,,,,,,,,,,,-3.87,1.11946
,,,,,,,,,,,,,,,,,,,,,,,-3.88,1.11893
,,,,,,,,,,,,,,,,,,,,,,,-3.89,1.1184
,,,,,,,,,,,,,,,,,,,,,,,-3.9,1.11787
,,,,,,,,,,,,,,,,,,,,,,,-3.91,1.11734
,,,,,,,,,,,,,,,,,,,,,,,-3.92,1.11682
,,,,,,,,,,,,,,,,,,,,,,,-3.93,1.1163
,,,,,,,,,,,,,,,,,,,,,,,-3.94,1.11579
,,,,,,,,,,,,,,,,,,,,,,,-3.95,1.11527
,,,,,,,,,,,,,,,,,,,,,,,-3.96,1.11476
,,,,,,,,,,,,,,,,,,,,,,,-3.97,1.11426
,,,,,,,,,,,,,,,,,,,,,,,-3.98,1.11375
,,,,,,,,,,,,,,,,,,,,,,,-3.99,1.11325
,,,,,,,,,,,,,,,,,,,,,,,-4,1.11275
,,,,,,,,,,,,,,,,,,,,,,,-4.01,1.11226
,,,,,,,,,,,,,,,,,,,,,,,-4.02,1.11177
,,,,,,,,,,,,,,,,,,,,,,,-4.03,1.11128
,,,,,,,,,,,,,,,,,,,,,,,-4.04,1.11079
,,,,,,,,,,,,,,,,,,,,,,,-4.05,1.1103
,,,,,,,,,,,,,,,,,,,,,,,-4.06,1.10982
,,,,,,,,,,,,,,,,,,,,,,,-4.07,1.10934
,,,,,,,,,,,,,,,,,,,,,,,-4.08,1.10887
,,,,,,,,,,,,,,,,,,,,,,,-4.09,1.10839
,,,,,,,,,,,,,,,,,,,,,,,-4.1,1.10792
,,,,,,,,,,,,,,,,,,,,,,,-4.11,1.10745
,,,,,,,,,,,,,,,,,,,,,,,-4.12,1.10699
,,,,,,,,,,,,,,,,,,,,,,,-4.13,1.10653
,,,,,,,,,,,,,,,,,,,,,,,-4.14,1.10607
,,,,,,,,,,,,,,,,,,,,,,,-4.15,1.10561
,,,,,,,,,,,,,,,,,,,,,,,-4.16,1.10515
,,,,,,,,,,,,,,,,,,,,,,,-4.17,1.1047
,,,,,,,,,,,,,,,,,,,,,,,-4.18,1.10425
,,,,,,,,,,,,,,,,,,,,,,,-4.19,1.1038
,,,,,,,,,,,,,,,,,,,,,,,-4.2,1.10335
,,,,,,,,,,,,,,,,,,,,,,,-4.21,1.10291
,,,,,,,,,,,,,,,,,,,,,,,-4.22,1.10247
,,,,,,,,,,,,,,,,,,,,,,,-4.23,1.10203
,,,,,,,,,,,,,,,,,,,,,,,-4.24,1.1016
,,,,,,,,,,,,,,,,,,,,,,,-4.25,1.10116
,,,,,,,,,,,,,,,,,,,,,,,-4.26,1.10073
,,,,,,,,,,,,,,,,,,,,,,,-4.27,1.1003
,,,,,,,,,,,,,,,,,,,,,,,-4.28,1.09987
,,,,,,,,,,,,,,,,,,,,,,,-4.29,1.09945
,,,,,,,,,,,,,,,,,,,,,,,-4.3,1.09903
,,,,,,,,,,,,,,,,,,,,,,,-4.31,1.09861
,,,,,,,,,,,,,,,,,,,,,,,-4.32,1.09819
,,,,,,,,,,,,,,,,,,,,,,,-4.33,1.09777
,,,,,,,,,,,,,,,,,,,,,,,-4.34,1.09736
,,,,,,,,,,,,,,,,,,,,,,,-4.35,1.09695
,,,,,,,,,,,,,,,,,,,,,,,-4.36,1.09654
,,,,,,,,,,,,,,,,,,,,,,,-4.37,1.09613
,,,,,,,,,,,,,,,,,,,,,,,-4.38,1.09573
,,,,,,,,,,,,,,,,,,,,,,,-4.39,1.09532
,,,,,,,,,,,,,,,,,,,,,,,-4.4,1.09492
,,,,,,,,,,,,,,,,,,,,,,,-4.41,1.09452
,,,,,,,,,,,,,,,,,,,,,,,-4.42,1.09413
,,,,,,,,,,,,,,,,,,,,,,,-4.43,1.09373
,,,,,,,,,,,,,,,,,,,,,,,-4.44,1.09334
,,,,,,,,,,,,,,,,,,,,,,,-4.45,1.09295
,,,,,,,,,,,,,,,,,,,,,,,-4.46,1.09256
,,,,,,,,,,,,,,,,,,,,,,,-4.47,1.09217
,,,,,,,,,,,,,,,,,,,,,,,-4.48,1.09179
,,,,,,,,,,,,,,,,,,,,,,,-4.49,1.09141
,,,,,,,,,,,,,,,,,,,,,,,-4.5,1.09103
,,,,,,,,,,,,,,,,,,,,,,,-4.51,1.09065
,,,,,,,,,,,,,,,,,,,,,,,-4.52,1.09027
,,,,,,,,,,,,,,,,,,,,,,,-4.53,1.08989
,,,,,,,,,,,,,,,,,,,,,,,-4.54,1.08952
,,,,,,,,,,,,,,,,,,,,,,,-4.55,1.08915
,,,,,,,,,,,,,,,,,,,,,,,-4.56,1.08878
,,,,,,,,,,,,,,,,,,,,,,,-4.57,1.08841
,,,,,,,,,,,,,,,,,,,,,,,-4.58,1.08804
,,,,,,,,,,,,,,,,,,,,,,,-4.59,1.08768
,,,,,,,,,,,,,,,,,,,,,,,-4.6,1.08732
,,,,,,,,,,,,,,,,,,,,,,,-4.61,1.08696
,,,,,,,,,,,,,,,,,,,,,,,-4.62,1.0866
,,,,,,,,,,,,,,,,,,,,,,,-4.63,1.08624
,,,,,,,,,,,,,,,,,,,,,,,-4.64,1.08589
,,,,,,,,,,,,,,,,,,,,,,,-4.65,1.08553
,,,,,,,,,,,,,,,,,,,,,,,-4.66,1.08518
,,,,,,,,,,,,,,,,,,,,,,,-4.67,1.08483
,,,,,,,,,,,,,,,,,,,,,,,-4.68,1.08448
,,,,,,,,,,,,,,,,,,,,,,,-4.69,1.08413
,,,,,,,,,,,,,,,,,,,,,,,-4.7,1.08379
,,,,,,,,,,,,,,,,,,,,,,,-4.71,1.08344
,,,,,,,,,,,,,,,,,,,,,,,-4.72,1.0831
,,,,,,,,,,,,,,,,,,,,,,,-4.73,1.08276
,,,,,,,,,,,,,,,,,,,,,,,-4.74,1.08242
,,,,,,,,,,,,,,,,,,,,,,,-4.75,1.08209
,,,,,,,,,,,,,,,,,,,,,,,-4.76,1.08175
,,,,,,,,,,,,,,,,,,,,,,,-4.77,1.08142
,,,,,,,,,,,,,,,,,,,,,,,-4.78,1.08108
,,,,,,,,,,,,,,,,,,,,,,,-4.79,1.08075
,,,,,,,,,,,,,,,,,,,,,,,-4.8,1.08042
,,,,,,,,,,,,,,,,,,,,,,,-4.81,1.08009
,,,,,,,,,,,,,,,,,,,,,,,-4.82,1.07977
,,,,,,,,,,,,,,,,,,,,,,,-4.83,1.07944
,,,,,,,,,,,,,,,,,,,,,,,-4.84,1.07912
,,,,,,,,,,,,,,,,,,,,,,,-4.85,1.0788
,,,,,,,,,,,,,,,,,,,,,,,-4.86,1.07848
,,,,,,,,,,,,,,,,,,,,,,,-4.87,1.07816
,,,,,,,,,,,,,,,,,,,,,,,-4.88,1.07784
,,,,,,,,,,,,,,,,,,,,,,,-4.89,1.07753
,,,,,,,,,,,,,,,,,,,,,,,-4.9,1.07721
,,,,,,,,,,,,,,,,,,,,,,,-4.91,1.0769
,,,,,,,,,,,,,,,,,,,,,,,-4.92,1.07659
,,,,,,,,,,,,,,,,,,,,,,,-4.93,1.07628
,,,,,,,,,,,,,,,,,,,,,,,-4.94,1.07597
,,,,,,,,,,,,,,,,,,,,,,,-4.95,1.07566
,,,,,,,,,,,,,,,,,,,,,,,-4.96,1.07535
,,,,,,,,,,,,,,,,,,,,,,,-4.97,1.07505
,,,,,,,,,,,,,,,,,,,,,,,-4.98,1.07475
,,,,,,,,,,,,,,,,,,,,,,,-4.99,1.07444
,,,,,,,,,,,,,,,,,,,,,,,-5,1.07414
,,,,,,,,,,,,,,,,,,,,,,,-5.01,1.07384
,,,,,,,,,,,,,,,,,,,,,,,-5.02,1.07355
,,,,,,,,,,,,,,,,,,,,,,,-5.03,1.07325
,,,,,,,,,,,,,,,,,,,,,,,-5.04,1.07295
,,,,,,,,,,,,,,,,,,,,,,,-5.05,1.07266
,,,,,,,,,,,,,,,,,,,,,,,-5.06,1.07237
,,,,,,,,,,,,,,,,,,,,,,,-5.07,1.07208
,,,,,,,,,,,,,,,,,,,,,,,-5.08,1.07178
,,,,,,,,,,,,,,,,,,,,,,,-5.09,1.0715
,,,,,,,,,,,,,,,,,,,,,,,-5.1,1.07121
,,,,,,,,,,,,,,,,,,,,,,,-5.11,1.07092
,,,,,,,,,,,,,,,,,,,,,,,-5.12,1.07064
,,,,,,,,,,,,,,,,,,,,,,,-5.13,1.07035
,,,,,,,,,,,,,,,,,,,,,,,-5.14,1.07007
,,,,,,,,,,,,,,,,,,,,,,,-5.15,1.06979
,,,,,,,,,,,,,,,,,,,,,,,-5.16,1.06951
,,,,,,,,,,,,,,,,,,,,,,,-5.17,1.06923
,,,,,,,,,,,,,,,,,,,,,,,-5.18,1.06895
,,,,,,,,,,,,,,,,,,,,,,,-5.19,1.06867
,,,,,,,,,,,,,,,,,,,,,,,-5.2,1.0684
,,,,,,,,,,,,,,,,,,,,,,,-5.21,1.06813
,,,,,,,,,,,,,,,,,,,,,,,-5.22,1.06785
,,,,,,,,,,,,,,,,,,,,,,,-5.23,1.06758
,,,,,,,,,,,,,,,,,,,,,,,-5.24,1.06731
,,,,,,,,,,,,,,,,,,,,,,,-5.25,1.06704
,,,,,,,,,,,,,,,,,,,,,,,-5.26,1.06677
,,,,,,,,,,,,,,,,,,,,,,,-5.27,1.0665
,,,,,,,,,,,,,,,,,,,,,,,-5.28,1.06624
,,,,,,,,,,,,,,,,,,,,,,,-5.29,1.06597
,,,,,,,,,,,,,,,,,,,,,,,-5.3,1.06571
,,,,,,,,,,,,,,,,,,,,,,,-5.31,1.06545
,,,,,,,,,,,,,,,,,,,,,,,-5.32,1.06518
,,,,,,,,,,,,,,,,,,,,,,,-5.33,1.06492
,,,,,,,,,,,,,,,,,,,,,,,-5.34,1.06466
,,,,,,,,,,,,,,,,,,,,,,,-5.35,1.0644
,,,,,,,,,,,,,,,,,,,,,,,-5.36,1.06415
,,,,,,,,,,,,,,,,,,,,,,,-5.37,1.06389
,,,,,,,,,,,,,,,,,,,,,,,-5.38,1.06363
,,,,,,,,,,,,,,,,,,,,,,,-5.39,1.06338
,,,,,,,,,,,,,,,,,,,,,,,-5.4,1.06313
,,,,,,,,,,,,,,,,,,,,,,,-5.41,1.06287
,,,,,,,,,,,,,,,,,,,,,,,-5.42,1.06262
,,,,,,,,,,,,,,,,,,,,,,,-5.43,1.06237
,,,,,,,,,,,,,,,,,,,,,,,-5.44,1.06212
,,,,,,,,,,,,,,,,,,,,,,,-5.45,1.06188
,,,,,,,,,,,,,,,,,,,,,,,-5.46,1.06163
,,,,,,,,,,,,,,,,,,,,,,,-5.47,1.06138
,,,,,,,,,,,,,,,,,,,,,,,-5.48,1.06114
,,,,,,,,,,,,,,,,,,,,,,,-5.49,1.06089
,,,,,,,,,,,,,,,,,,,,,,,-5.5,1.06065
,,,,,,,,,,,,,,,,,,,,,,,-5.51,1.06041
,,,,,,,,,,,,,,,,,,,,,,,-5.52,1.06017
,,,,,,,,,,,,,,,,,,,,,,,-5.53,1.05993
,,,,,,,,,,,,,,,,,,,,,,,-5.54,1.05969
,,,,,,,,,,,,,,,,,,,,,,,-5.55,1.05945
,,,,,,,,,,,,,,,,,,,,,,,-5.56,1.05921
,,,,,,,,,,,,,,,,,,,,,,,-5.57,1.05897
,,,,,,,,,,,,,,,,,,,,,,,-5.58,1.05874
,,,,,,,,,,,,,,,,,,,,,,,-5.59,1.0585
,,,,,,,,,,,,,,,,,,,,,,,-5.6,1.05827
,,,,,,,,,,,,,,,,,,,,,,,-5.61,1.05804
,,,,,,,,,,,,,,,,,,,,,,,-5.62,1.0578
,,,,,,,,,,,,,,,,,,,,,,,-5.63,1.05757
,,,,,,,,,,,,,,,,,,,,,,,-5.64,1.05734
,,,,,,,,,,,,,,,,,,,,,,,-5.65,1.05711
,,,,,,,,,,,,,,,,,,,,,,,-5.66,1.05689
,,,,,,,,,,,,,,,,,,,,,,,-5.67,1.05666
,,,,,,,,,,,,,,,,,,,,,,,-5.68,1.05643
,,,,,,,,,,,,,,,,,,,,,,,-5.69,1.05621
,,,,,,,,,,,,,,,,,,,,,,,-5.7,1.05598
,,,,,,,,,,,,,,,,,,,,,,,-5.71,1.05576
,,,,,,,,,,,,,,,,,,,,,,,-5.72,1.05553
,,,,,,,,,,,,,,,,,,,,,,,-5.73,1.05531
,,,,,,,,,,,,,,,,,,,,,,,-5.74,1.05509
,,,,,,,,,,,,,,,,,,,,,,,-5.75,1.05487
,,,,,,,,,,,,,,,,,,,,,,,-5.76,1.05465
,,,,,,,,,,,,,,,,,,,,,,,-5.77,1.05443
,,,,,,,,,,,,,,,,,,,,,,,-5.78,1.05421
,,,,,,,,,,,,,,,,,,,,,,,-5.79,1.054
,,,,,,,,,,,,,,,,,,,,,,,-5.8,1.05378
,,,,,,,,,,,,,,,,,,,,,,,-5.81,1.05356
,,,,,,,,,,,,,,,,,,,,,,,-5.82,1.05335
,,,,,,,,,,,,,,,,,,,,,,,-5.83,1.05314
,,,,,,,,,,,,,,,,,,,,,,,-5.84,1.05292
,,,,,,,,,,,,,,,,,,,,,,,-5.85,1.05271
,,,,,,,,,,,,,,,,,,,,,,,-5.86,1.0525
,,,,,,,,,,,,,,,,,,,,,,,-5.87,1.05229
,,,,,,,,,,,,,,,,,,,,,,,-5.88,1.05208
,,,,,,,,,,,,,,,,,,,,,,,-5.89,1.05187
,,,,,,,,,,,,,,,,,,,,,,,-5.9,1.05166
,,,,,,,,,,,,,,,,,,,,,,,-5.91,1.05145
,,,,,,,,,,,,,,,,,,,,,,,-5.92,1.05125
,,,,,,,,,,,,,,,,,,,,,,,-5.93,1.05104
,,,,,,,,,,,,,,,,,,,,,,,-5.94,1.05083
,,,,,,,,,,,,,,,,,,,,,,,-5.95,1.05063
,,,,,,,,,,,,,,,,,,,,,,,-5.96,1.05043
,,,,,,,,,,,,,,,,,,,,,,,-5.97,1.05022
,,,,,,,,,,,,,,,,,,,,,,,-5.98,1.05002
,,,,,,,,,,,,,,,,,,,,,,,-5.99,1.04982
,,,,,,,,,,,,,,,,,,,,,,,-6,1.04962
,,,,,,,,,,,,,,,,,,,,,,,-6.01,1.04942
,,,,,,,,,,,,,,,,,,,,,,,-6.02,1.04922
,,,,,,,,,,,,,,,,,,,,,,,-6.03,1.04902
,,,,,,,,,,,,,,,,,,,,,,,-6.04,1.04882
,,,,,,,,,,,,,,,,,,,,,,,-6.05,1.04862
,,,,,,,,,,,,,,,,,,,,,,,-6.06,1.04843
,,,,,,,,,,,,,,,,,,,,,,,-6.07,1.04823
,,,,,,,,,,,,,,,,,,,,,,,-6.08,1.04804
,,,,,,,,,,,,,,,,,,,,,,,-6.09,1.04784
,,,,,,,,,,,,,,,,,,,,,,,-6.1,1.04765
,,,,,,,,,,,,,,,,,,,,,,,-6.11,1.04746
,,,,,,,,,,,,,,,,,,,,,,,-6.12,1.04726
,,,,,,,,,,,,,,,,,,,,,,,-6.13,1.04707
,,,,,,,,,,,,,,,,,,,,,,,-6.14,1.04688
,,,,,,,,,,,,,,,,,,,,,,,-6.15,1.04669
,,,,,,,,,,,,,,,,,,,,,,,-6.16,1.0465
,,,,,,,,,,,,,,,,,,,,,,,-6.17,1.04631
,,,,,,,,,,,,,,,,,,,,,,,-6.18,1.04612
,,,,,,,,,,,,,,,,,,,,,,,-6.19,1.04594
,,,,,,,,,,,,,,,,,,,,,,,-6.2,1.04575
,,,,,,,,,,,,,,,,,,,,,,,-6.21,1.04556
,,,,,,,,,,,,,,,,,,,,,,,-6.22,1.04538
,,,,,,,,,,,,,,,,,,,,,,,-6.23,1.04519
,,,,,,,,,,,,,,,,,,,,,,,-6.24,1.04501
,,,,,,,,,,,,,,,,,,,,,,,-6.25,1.04482
,,,,,,,,,,,,,,,,,,,,,,,-6.26,1.04464
,,,,,,,,,,,,,,,,,,,,,,,-6.27,1.04446
,,,,,,,,,,,,,,,,,,,,,,,-6.28,1.04428
,,,,,,,,,,,,,,,,,,,,,,,-6.29,1.0441
,,,,,,,,,,,,,,,,,,,,,,,-6.3,1.04392
,,,,,,,,,,,,,,,,,,,,,,,-6.31,1.04374
,,,,,,,,,,,,,,,,,,,,,,,-6.32,1.04356
,,,,,,,,,,,,,,,,,,,,,,,-6.33,1.04338
,,,,,,,,,,,,,,,,,,,,,,,-6.34,1.0432
,,,,,,,,,,,,,,,,,,,,,,,-6.35,1.04302
,,,,,,,,,,,,,,,,,,,,,,,-6.36,1.04285
,,,,,,,,,,,,,,,,,,,,,,,-6.37,1.04267
,,,,,,,,,,,,,,,,,,,,,,,-6.38,1.04249
,,,,,,,,,,,,,,,,,,,,,,,-6.39,1.04232
,,,,,,,,,,,,,,,,,,,,,,,-6.4,1.04214
,,,,,,,,,,,,,,,,,,,,,,,-6.41,1.04197
,,,,,,,,,,,,,,,,,,,,,,,-6.42,1.0418
,,,,,,,,,,,,,,,,,,,,,,,-6.43,1.04162
,,,,,,,,,,,,,,,,,,,,,,,-6.44,1.04145
,,,,,,,,,,,,,,,,,,,,,,,-6.45,1.04128
,,,,,,,,,,,,,,,,,,,,,,,-6.46,1.04111
,,,,,,,,,,,,,,,,,,,,,,,-6.47,1.04094
,,,,,,,,,,,,,,,,,,,,,,,-6.48,1.04077
,,,,,,,,,,,,,,,,,,,,,,,-6.49,1.0406
,,,,,,,,,,,,,,,,,,,,,,,-6.5,1.04043
,,,,,,,,,,,,,,,,,,,,,,,-6.51,1.04026
,,,,,,,,,,,,,,,,,,,,,,,-6.52,1.0401
,,,,,,,,,,,,,,,,,,,,,,,-6.53,1.03993
,,,,,,,,,,,,,,,,,,,,,,,-6.54,1.03976
,,,,,,,,,,,,,,,,,,,,,,,-6.55,1.0396
,,,,,,,,,,,,,,,,,,,,,,,-6.56,1.03943
,,,,,,,,,,,,,,,,,,,,,,,-6.57,1.03927
,,,,,,,,,,,,,,,,,,,,,,,-6.58,1.0391
,,,,,,,,,,,,,,,,,,,,,,,-6.59,1.03894
,,,,,,,,,,,,,,,,,,,,,,,-6.6,1.03878
,,,,,,,,,,,,,,,,,,,,,,,-6.61,1.03861
,,,,,,,,,,,,,,,,,,,,,,,-6.62,1.03845
,,,,,,,,,,,,,,,,,,,,,,,-6.63,1.03829
,,,,,,,,,,,,,,,,,,,,,,,-6.64,1.03813
,,,,,,,,,,,,,,,,,,,,,,,-6.65,1.03797
,,,,,,,,,,,,,,,,,,,,,,,-6.66,1.03781
,,,,,,,,,,,,,,,,,,,,,,,-6.67,1.03765
,,,,,,,,,,,,,,,,,,,,,,,-6.68,1.03749
,,,,,,,,,,,,,,,,,,,,,,,-6.69,1.03733
,,,,,,,,,,,,,,,,,,,,,,,-6.7,1.03717
,,,,,,,,,,,,,,,,,,,,,,,-6.71,1.03702
,,,,,,,,,,,,,,,,,,,,,,,-6.72,1.03686
,,,,,,,,,,,,,,,,,,,,,,,-6.73,1.0367
,,,,,,,,,,,,,,,,,,,,,,,-6.74,1.03655
,,,,,,,,,,,,,,,,,,,,,,,-6.75,1.03639
,,,,,,,,,,,,,,,,,,,,,,,-6.76,1.03624
,,,,,,,,,,,,,,,,,,,,,,,-6.77,1.03608
,,,,,,,,,,,,,,,,,,,,,,,-6.78,1.03593
,,,,,,,,,,,,,,,,,,,,,,,-6.79,1.03578
,,,,,,,,,,,,,,,,,,,,,,,-6.8,1.03562
,,,,,,,,,,,,,,,,,,,,,,,-6.81,1.03547
,,,,,,,,,,,,,,,,,,,,,,,-6.82,1.03532
,,,,,,,,,,,,,,,,,,,,,,,-6.83,1.03517
,,,,,,,,,,,,,,,,,,,,,,,-6.84,1.03502
,,,,,,,,,,,,,,,,,,,,,,,-6.85,1.03487
,,,,,,,,,,,,,,,,,,,,,,,-6.86,1.03472
,,,,,,,,,,,,,,,,,,,,,,,-6.87,1.03457
,,,,,,,,,,,,,,,,,,,,,,,-6.88,1.03442
,,,,,,,,,,,,,,,,,,,,,,,-6.89,1.03427
,,,,,,,,,,,,,,,,,,,,,,,-6.9,1.03412
,,,,,,,,,,,,,,,,,,,,,,,-6.91,1.03397
,,,,,,,,,,,,,,,,,,,,,,,-6.92,1.03383
,,,,,,,,,,,,,,,,,,,,,,,-6.93,1.03368
,,,,,,,,,,,,,,,,,,,,,,,-6.94,1.03353
,,,,,,,,,,,,,,,,,,,,,,,-6.95,1.03339
,,,,,,,,,,,,,,,,,,,,,,,-6.96,1.03324
,,,,,,,,,,,,,,,,,,,,,,,-6.97,1.0331
,,,,,,,,,,,,,,,,,,,,,,,-6.98,1.03295
,,,,,,,,,,,,,,,,,,,,,,,-6.99,1.03281
,,,,,,,,,,,,,,,,,,,,,,,-7,1.03266
,,,,,,,,,,,,,,,,,,,,,,,-7.01,1.03252
,,,,,,,,,,,,,,,,,,,,,,,-7.02,1.03238
,,,,,,,,,,,,,,,,,,,,,,,-7.03,1.03224
,,,,,,,,,,,,,,,,,,,,,,,-7.04,1.03209
,,,,,,,,,,,,,,,,,,,,,,,-7.05,1.03195
,,,,,,,,,,,,,,,,,,,,,,,-7.06,1.03181
,,,,,,,,,,,,,,,,,,,,,,,-7.07,1.03167
,,,,,,,,,,,,,,,,,,,,,,,-7.08,1.03153
,,,,,,,,,,,,,,,,,,,,,,,-7.09,1.03139
,,,,,,,,,,,,,,,,,,,,,,,-7.1,1.03125
,,,,,,,,,,,,,,,,,,,,,,,-7.11,1.03111
,,,,,,,,,,,,,,,,,,,,,,,-7.12,1.03098
,,,,,,,,,,,,,,,,,,,,,,,-7.13,1.03084
,,,,,,,,,,,,,,,,,,,,,,,-7.14,1.0307
,,,,,,,,,,,,,,,,,,,,,,,-7.15,1.03056
,,,,,,,,,,,,,,,,,,,,,,,-7.16,1.03043
,,,,,,,,,,,,,,,,,,,,,,,-7.17,1.03029
,,,,,,,,,,,,,,,,,,,,,,,-7.18,1.03015
,,,,,,,,,,,,,,,,,,,,,,,-7.19,1.03002
,,,,,,,,,,,,,,,,,,,,,,,-7.2,1.02988
,,,,,,,,,,,,,,,,,,,,,,,-7.21,1.02975
,,,,,,,,,,,,,,,,,,,,,,,-7.22,1.02961
,,,,,,,,,,,,,,,,,,,,,,,-7.23,1.02948
,,,,,,,,,,,,,,,,,,,,,,,-7.24,1.02935
,,,,,,,,,,,,,,,,,,,,,,,-7.25,1.02921
,,,,,,,,,,,,,,,,,,,,,,,-7.26,1.02908
,,,,,,,,,,,,,,,,,,,,,,,-7.27,1.02895
,,,,,,,,,,,,,,,,,,,,,,,-7.28,1.02882
,,,,,,,,,,,,,,,,,,,,,,,-7.29,1.02868
,,,,,,,,,,,,,,,,,,,,,,,-7.3,1.02855
,,,,,,,,,,,,,,,,,,,,,,,-7.31,1.02842
,,,,,,,,,,,,,,,,,,,,,,,-7.32,1.02829
,,,,,,,,,,,,,,,,,,,,,,,-7.33,1.02816
,,,,,,,,,,,,,,,,,,,,,,,-7.34,1.02803
,,,,,,,,,,,,,,,,,,,,,,,-7.35,1.0279
,,,,,,,,,,,,,,,,,,,,,,,-7.36,1.02777
,,,,,,,,,,,,,,,,,,,,,,,-7.37,1.02765
,,,,,,,,,,,,,,,,,,,,,,,-7.38,1.02752
,,,,,,,,,,,,,,,,,,,,,,,-7.39,1.02739
,,,,,,,,,,,,,,,,,,,,,,,-7.4,1.02726
,,,,,,,,,,,,,,,,,,,,,,,-7.41,1.02714
,,,,,,,,,,,,,,,,,,,,,,,-7.42,1.02701
,,,,,,,,,,,,,,,,,,,,,,,-7.43,1.02688
,,,,,,,,,,,,,,,,,,,,,,,-7.44,1.02676
,,,,,,,,,,,,,,,,,,,,,,,-7.45,1.02663
,,,,,,,,,,,,,,,,,,,,,,,-7.46,1.02651
,,,,,,,,,,,,,,,,,,,,,,,-7.47,1.02638
,,,,,,,,,,,,,,,,,,,,,,,-7.48,1.02626
,,,,,,,,,,,,,,,,,,,,,,,-7.49,1.02613
,,,,,,,,,,,,,,,,,,,,,,,-7.5,1.02601
,,,,,,,,,,,,,,,,,,,,,,,-7.51,1.02589
,,,,,,,,,,,,,,,,,,,,,,,-7.52,1.02576
,,,,,,,,,,,,,,,,,,,,,,,-7.53,1.02564
,,,,,,,,,,,,,,,,,,,,,,,-7.54,1.02552
,,,,,,,,,,,,,,,,,,,,,,,-7.55,1.0254
,,,,,,,,,,,,,,,,,,,,,,,-7.56,1.02527
,,,,,,,,,,,,,,,,,,,,,,,-7.57,1.02515
,,,,,,,,,,,,,,,,,,,,,,,-7.58,1.02503
,,,,,,,,,,,,,,,,,,,,,,,-7.59,1.02491
,,,,,,,,,,,,,,,,,,,,,,,-7.6,1.02479
,,,,,,,,,,,,,,,,,,,,,,,-7.61,1.02467
,,,,,,,,,,,,,,,,,,,,,,,-7.62,1.02455
,,,,,,,,,,,,,,,,,,,,,,,-7.63,1.02443
,,,,,,,,,,,,,,,,,,,,,,,-7.64,1.02431
,,,,,,,,,,,,,,,,,,,,,,,-7.65,1.0242
,,,,,,,,,,,,,,,,,,,,,,,-7.66,1.02408
,,,,,,,,,,,,,,,,,,,,,,,-7.67,1.02396
,,,,,,,,,,,,,,,,,,,,,,,-7.68,1.02384
,,,,,,,,,,,,,,,,,,,,,,,-7.69,1.02372
,,,,,,,,,,,,,,,,,,,,,,,-7.7,1.02361
,,,,,,,,,,,,,,,,,,,,,,,-7.71,1.02349
,,,,,,,,,,,,,,,,,,,,,,,-7.72,1.02337
,,,,,,,,,,,,,,,,,,,,,,,-7.73,1.02326
,,,,,,,,,,,,,,,,,,,,,,,-7.74,1.02314
,,,,,,,,,,,,,,,,,,,,,,,-7.75,1.02303
,,,,,,,,,,,,,,,,,,,,,,,-7.76,1.02291
,,,,,,,,,,,,,,,,,,,,,,,-7.77,1.0228
,,,,,,,,,,,,,,,,,,,,,,,-7.78,1.02268
,,,,,,,,,,,,,,,,,,,,,,,-7.79,1.02257
,,,,,,,,,,,,,,,,,,,,,,,-7.8,1.02246
,,,,,,,,,,,,,,,,,,,,,,,-7.81,1.02234
,,,,,,,,,,,,,,,,,,,,,,,-7.82,1.02223
,,,,,,,,,,,,,,,,,,,,,,,-7.83,1.02212
,,,,,,,,,,,,,,,,,,,,,,,-7.84,1.022
,,,,,,,,,,,,,,,,,,,,,,,-7.85,1.02189
,,,,,,,,,,,,,,,,,,,,,,,-7.86,1.02178
,,,,,,,,,,,,,,,,,,,,,,,-7.87,1.02167
,,,,,,,,,,,,,,,,,,,,,,,-7.88,1.02156
,,,,,,,,,,,,,,,,,,,,,,,-7.89,1.02145
,,,,,,,,,,,,,,,,,,,,,,,-7.9,1.02134
,,,,,,,,,,,,,,,,,,,,,,,-7.91,1.02123
,,,,,,,,,,,,,,,,,,,,,,,-7.92,1.02112
,,,,,,,,,,,,,,,,,,,,,,,-7.93,1.02101
,,,,,,,,,,,,,,,,,,,,,,,-7.94,1.0209
,,,,,,,,,,,,,,,,,,,,,,,-7.95,1.02079
,,,,,,,,,,,,,,,,,,,,,,,-7.96,1.02068
,,,,,,,,,,,,,,,,,,,,,,,-7.97,1.02057
,,,,,,,,,,,,,,,,,,,,,,,-7.98,1.02046
,,,,,,,,,,,,,,,,,,,,,,,-7.99,1.02035
,,,,,,,,,,,,,,,,,,,,,,,-8,1.02025
,,,,,,,,,,,,,,,,,,,,,,,-8.01,1.02014
,,,,,,,,,,,,,,,,,,,,,,,-8.02,1.02003
,,,,,,,,,,,,,,,,,,,,,,,-8.03,1.01992
,,,,,,,,,,,,,,,,,,,,,,,-8.04,1.01982
,,,,,,,,,,,,,,,,,,,,,,,-8.05,1.01971
,,,,,,,,,,,,,,,,,,,,,,,-8.06,1.01961
,,,,,,,,,,,,,,,,,,,,,,,-8.07,1.0195
,,,,,,,,,,,,,,,,,,,,,,,-8.08,1.01939
,,,,,,,,,,,,,,,,,,,,,,,-8.09,1.01929
,,,,,,,,,,,,,,,,,,,,,,,-8.1,1.01918
,,,,,,,,,,,,,,,,,,,,,,,-8.11,1.01908
,,,,,,,,,,,,,,,,,,,,,,,-8.12,1.01897
,,,,,,,,,,,,,,,,,,,,,,,-8.13,1.01887
,,,,,,,,,,,,,,,,,,,,,,,-8.14,1.01877
,,,,,,,,,,,,,,,,,,,,,,,-8.15,1.01866
,,,,,,,,,,,,,,,,,,,,,,,-8.16,1.01856
,,,,,,,,,,,,,,,,,,,,,,,-8.17,1.01846
,,,,,,,,,,,,,,,,,,,,,,,-8.18,1.01835
,,,,,,,,,,,,,,,,,,,,,,,-8.19,1.01825
,,,,,,,,,,,,,,,,,,,,,,,-8.2,1.01815
,,,,,,,,,,,,,,,,,,,,,,,-8.21,1.01805
,,,,,,,,,,,,,,,,,,,,,,,-8.22,1.01795
,,,,,,,,,,,,,,,,,,,,,,,-8.23,1.01784
,,,,,,,,,,,,,,,,,,,,,,,-8.24,1.01774
,,,,,,,,,,,,,,,,,,,,,,,-8.25,1.01764
,,,,,,,,,,,,,,,,,,,,,,,-8.26,1.01754
,,,,,,,,,,,,,,,,,,,,,,,-8.27,1.01744
,,,,,,,,,,,,,,,,,,,,,,,-8.28,1.01734
,,,,,,,,,,,,,,,,,,,,,,,-8.29,1.01724
,,,,,,,,,,,,,,,,,,,,,,,-8.3,1.01714
,,,,,,,,,,,,,,,,,,,,,,,-8.31,1.01704
,,,,,,,,,,,,,,,,,,,,,,,-8.32,1.01694
,,,,,,,,,,,,,,,,,,,,,,,-8.33,1.01685
,,,,,,,,,,,,,,,,,,,,,,,-8.34,1.01675
,,,,,,,,,,,,,,,,,,,,,,,-8.35,1.01665
,,,,,,,,,,,,,,,,,,,,,,,-8.36,1.01655
,,,,,,,,,,,,,,,,,,,,,,,-8.37,1.01645
,,,,,,,,,,,,,,,,,,,,,,,-8.38,1.01636
,,,,,,,,,,,,,,,,,,,,,,,-8.39,1.01626
,,,,,,,,,,,,,,,,,,,,,,,-8.4,1.01616
,,,,,,,,,,,,,,,,,,,,,,,-8.41,1.01606
,,,,,,,,,,,,,,,,,,,,,,,-8.42,1.01597
,,,,,,,,,,,,,,,,,,,,,,,-8.43,1.01587
,,,,,,,,,,,,,,,,,,,,,,,-8.44,1.01578
,,,,,,,,,,,,,,,,,,,,,,,-8.45,1.01568
,,,,,,,,,,,,,,,,,,,,,,,-8.46,1.01558
,,,,,,,,,,,,,,,,,,,,,,,-8.47,1.01549
,,,,,,,,,,,,,,,,,,,,,,,-8.48,1.01539
,,,,,,,,,,,,,,,,,,,,,,,-8.49,1.0153
,,,,,,,,,,,,,,,,,,,,,,,-8.5,1.0152
,,,,,,,,,,,,,,,,,,,,,,,-8.51,1.01511
,,,,,,,,,,,,,,,,,,,,,,,-8.52,1.01502
,,,,,,,,,,,,,,,,,,,,,,,-8.53,1.01492
,,,,,,,,,,,,,,,,,,,,,,,-8.54,1.01483
,,,,,,,,,,,,,,,,,,,,,,,-8.55,1.01473
,,,,,,,,,,,,,,,,,,,,,,,-8.56,1.01464
,,,,,,,,,,,,,,,,,,,,,,,-8.57,1.01455
,,,,,,,,,,,,,,,,,,,,,,,-8.58,1.01446
,,,,,,,,,,,,,,,,,,,,,,,-8.59,1.01436
,,,,,,,,,,,,,,,,,,,,,,,-8.6,1.01427
,,,,,,,,,,,,,,,,,,,,,,,-8.61,1.01418
,,,,,,,,,,,,,,,,,,,,,,,-8.62,1.01409
,,,,,,,,,,,,,,,,,,,,,,,-8.63,1.01399
,,,,,,,,,,,,,,,,,,,,,,,-8.64,1.0139
,,,,,,,,,,,,,,,,,,,,,,,-8.65,1.01381
,,,,,,,,,,,,,,,,,,,,,,,-8.66,1.01372
,,,,,,,,,,,,,,,,,,,,,,,-8.67,1.01363
,,,,,,,,,,,,,,,,,,,,,,,-8.68,1.01354
,,,,,,,,,,,,,,,,,,,,,,,-8.69,1.01345
,,,,,,,,,,,,,,,,,,,,,,,-8.7,1.01336
,,,,,,,,,,,,,,,,,,,,,,,-8.71,1.01327
,,,,,,,,,,,,,,,,,,,,,,,-8.72,1.01318
,,,,,,,,,,,,,,,,,,,,,,,-8.73,1.01309
,,,,,,,,,,,,,,,,,,,,,,,-8.74,1.013
,,,,,,,,,,,,,,,,,,,,,,,-8.75,1.01291
,,,,,,,,,,,,,,,,,,,,,,,-8.76,1.01282
,,,,,,,,,,,,,,,,,,,,,,,-8.77,1.01274
,,,,,,,,,,,,,,,,,,,,,,,-8.78,1.01265
,,,,,,,,,,,,,,,,,,,,,,,-8.79,1.01256
,,,,,,,,,,,,,,,,,,,,,,,-8.8,1.01247
,,,,,,,,,,,,,,,,,,,,,,,-8.81,1.01238
,,,,,,,,,,,,,,,,,,,,,,,-8.82,1.0123
,,,,,,,,,,,,,,,,,,,,,,,-8.83,1.01221
,,,,,,,,,,,,,,,,,,,,,,,-8.84,1.01212
,,,,,,,,,,,,,,,,,,,,,,,-8.85,1.01204
,,,,,,,,,,,,,,,,,,,,,,,-8.86,1.01195
,,,,,,,,,,,,,,,,,,,,,,,-8.87,1.01186
,,,,,,,,,,,,,,,,,,,,,,,-8.88,1.01178
,,,,,,,,,,,,,,,,,,,,,,,-8.89,1.01169
,,,,,,,,,,,,,,,,,,,,,,,-8.9,1.0116
,,,,,,,,,,,,,,,,,,,,,,,-8.91,1.01152
,,,,,,,,,,,,,,,,,,,,,,,-8.92,1.01143
,,,,,,,,,,,,,,,,,,,,,,,-8.93,1.01135
,,,,,,,,,,,,,,,,,,,,,,,-8.94,1.01126
,,,,,,,,,,,,,,,,,,,,,,,-8.95,1.01118
,,,,,,,,,,,,,,,,,,,,,,,-8.96,1.01109
,,,,,,,,,,,,,,,,,,,,,,,-8.97,1.01101
,,,,,,,,,,,,,,,,,,,,,,,-8.98,1.01092
,,,,,,,,,,,,,,,,,,,,,,,-8.99,1.01084
,,,,,,,,,,,,,,,,,,,,,,,-9,1.01076
,,,,,,,,,,,,,,,,,,,,,,,-9.01,1.01067
,,,,,,,,,,,,,,,,,,,,,,,-9.02,1.01059
,,,,,,,,,,,,,,,,,,,,,,,-9.03,1.01051
,,,,,,,,,,,,,,,,,,,,,,,-9.04,1.01042
,,,,,,,,,,,,,,,,,,,,,,,-9.05,1.01034
,,,,,,,,,,,,,,,,,,,,,,,-9.06,1.01026
,,,,,,,,,,,,,,,,,,,,,,,-9.07,1.01018
,,,,,,,,,,,,,,,,,,,,,,,-9.08,1.01009
,,,,,,,,,,,,,,,,,,,,,,,-9.09,1.01001
,,,,,,,,,,,,,,,,,,,,,,,-9.1,1.00993
,,,,,,,,,,,,,,,,,,,,,,,-9.11,1.00985
,,,,,,,,,,,,,,,,,,,,,,,-9.12,1.00977
,,,,,,,,,,,,,,,,,,,,,,,-9.13,1.00969
,,,,,,,,,,,,,,,,,,,,,,,-9.14,1.0096
,,,,,,,,,,,,,,,,,,,,,,,-9.15,1.00952
,,,,,,,,,,,,,,,,,,,,,,,-9.16,1.00944
,,,,,,,,,,,,,,,,,,,,,,,-9.17,1.00936
,,,,,,,,,,,,,,,,,,,,,,,-9.18,1.00928
,,,,,,,,,,,,,,,,,,,,,,,-9.19,1.0092
,,,,,,,,,,,,,,,,,,,,,,,-9.2,1.00912
,,,,,,,,,,,,,,,,,,,,,,,-9.21,1.00904
,,,,,,,,,,,,,,,,,,,,,,,-9.22,1.00896
,,,,,,,,,,,,,,,,,,,,,,,-9.23,1.00888
,,,,,,,,,,,,,,,,,,,,,,,-9.24,1.0088
,,,,,,,,,,,,,,,,,,,,,,,-9.25,1.00873
,,,,,,,,,,,,,,,,,,,,,,,-9.26,1.00865
,,,,,,,,,,,,,,,,,,,,,,,-9.27,1.00857
,,,,,,,,,,,,,,,,,,,,,,,-9.28,1.00849
,,,,,,,,,,,,,,,,,,,,,,,-9.29,1.00841
,,,,,,,,,,,,,,,,,,,,,,,-9.3,1.00833
,,,,,,,,,,,,,,,,,,,,,,,-9.31,1.00825
,,,,,,,,,,,,,,,,,,,,,,,-9.32,1.00818
,,,,,,,,,,,,,,,,,,,,,,,-9.33,1.0081
,,,,,,,,,,,,,,,,,,,,,,,-9.34,1.00802
,,,,,,,,,,,,,,,,,,,,,,,-9.35,1.00794
,,,,,,,,,,,,,,,,,,,,,,,-9.36,1.00787
,,,,,,,,,,,,,,,,,,,,,,,-9.37,1.00779
,,,,,,,,,,,,,,,,,,,,,,,-9.38,1.00771
,,,,,,,,,,,,,,,,,,,,,,,-9.39,1.00764
,,,,,,,,,,,,,,,,,,,,,,,-9.4,1.00756
,,,,,,,,,,,,,,,,,,,,,,,-9.41,1.00748
,,,,,,,,,,,,,,,,,,,,,,,-9.42,1.00741
,,,,,,,,,,,,,,,,,,,,,,,-9.43,1.00733
,,,,,,,,,,,,,,,,,,,,,,,-9.44,1.00726
,,,,,,,,,,,,,,,,,,,,,,,-9.45,1.00718
,,,,,,,,,,,,,,,,,,,,,,,-9.46,1.00711
,,,,,,,,,,,,,,,,,,,,,,,-9.47,1.00703
,,,,,,,,,,,,,,,,,,,,,,,-9.48,1.00696
,,,,,,,,,,,,,,,,,,,,,,,-9.49,1.00688
,,,,,,,,,,,,,,,,,,,,,,,-9.5,1.00681
,,,,,,,,,,,,,,,,,,,,,,,-9.51,1.00673
,,,,,,,,,,,,,,,,,,,,,,,-9.52,1.00666
,,,,,,,,,,,,,,,,,,,,,,,-9.53,1.00658
,,,,,,,,,,,,,,,,,,,,,,,-9.54,1.00651
,,,,,,,,,,,,,,,,,,,,,,,-9.55,1.00644
,,,,,,,,,,,,,,,,,,,,,,,-9.56,1.00636
,,,,,,,,,,,,,,,,,,,,,,,-9.57,1.00629
,,,,,,,,,,,,,,,,,,,,,,,-9.58,1.00621
,,,,,,,,,,,,,,,,,,,,,,,-9.59,1.00614
,,,,,,,,,,,,,,,,,,,,,,,-9.6,1.00607
,,,,,,,,,,,,,,,,,,,,,,,-9.61,1.006
,,,,,,,,,,,,,,,,,,,,,,,-9.62,1.00592
,,,,,,,,,,,,,,,,,,,,,,,-9.63,1.00585
,,,,,,,,,,,,,,,,,,,,,,,-9.64,1.00578
,,,,,,,,,,,,,,,,,,,,,,,-9.65,1.00571
,,,,,,,,,,,,,,,,,,,,,,,-9.66,1.00563
,,,,,,,,,,,,,,,,,,,,,,,-9.67,1.00556
,,,,,,,,,,,,,,,,,,,,,,,-9.68,1.00549
,,,,,,,,,,,,,,,,,,,,,,,-9.69,1.00542
,,,,,,,,,,,,,,,,,,,,,,,-9.7,1.00535
,,,,,,,,,,,,,,,,,,,,,,,-9.71,1.00528
,,,,,,,,,,,,,,,,,,,,,,,-9.72,1.0052
,,,,,,,,,,,,,,,,,,,,,,,-9.73,1.00513
,,,,,,,,,,,,,,,,,,,,,,,-9.74,1.00506
,,,,,,,,,,,,,,,,,,,,,,,-9.75,1.00499
,,,,,,,,,,,,,,,,,,,,,,,-9.76,1.00492
,,,,,,,,,,,,,,,,,,,,,,,-9.77,1.00485
,,,,,,,,,,,,,,,,,,,,,,,-9.78,1.00478
,,,,,,,,,,,,,,,,,,,,,,,-9.79,1.00471
,,,,,,,,,,,,,,,,,,,,,,,-9.8,1.00464
,,,,,,,,,,,,,,,,,,,,,,,-9.81,1.00457
,,,,,,,,,,,,,,,,,,,,,,,-9.82,1.0045
,,,,,,,,,,,,,,,,,,,,,,,-9.83,1.00443
,,,,,,,,,,,,,,,,,,,,,,,-9.84,1.00436
,,,,,,,,,,,,,,,,,,,,,,,-9.85,1.00429
,,,,,,,,,,,,,,,,,,,,,,,-9.86,1.00422
,,,,,,,,,,,,,,,,,,,,,,,-9.87,1.00415
,,,,,,,,,,,,,,,,,,,,,,,-9.88,1.00409
,,,,,,,,,,,,,,,,,,,,,,,-9.89,1.00402
,,,,,,,,,,,,,,,,,,,,,,,-9.9,1.00395
,,,,,,,,,,,,,,,,,,,,,,,-9.91,1.00388
,,,,,,,,,,,,,,,,,,,,,,,-9.92,1.00381
,,,,,,,,,,,,,,,,,,,,,,,-9.93,1.00374
,,,,,,,,,,,,,,,,,,,,,,,-9.94,1.00368
,,,,,,,,,,,,,,,,,,,,,,,-9.95,1.00361
,,,,,,,,,,,,,,,,,,,,,,,-9.96,1.00354
,,,,,,,,,,,,,,,,,,,,,,,-9.97,1.00347
,,,,,,,,,,,,,,,,,,,,,,,-9.98,1.00341
,,,,,,,,,,,,,,,,,,,,,,,-9.99,1.00334
,,,,,,,,,,,,,,,,,,,,,,,-10,1.00327
,,,,,,,,,,,,,,,,,,,,,,,-10.01,1.00321
,,,,,,,,,,,,,,,,,,,,,,,-10.02,1.00314
,,,,,,,,,,,,,,,,,,,,,,,-10.03,1.00307
,,,,,,,,,,,,,,,,,,,,,,,-10.04,1.00301
,,,,,,,,,,,,,,,,,,,,,,,-10.05,1.00294
,,,,,,,,,,,,,,,,,,,,,,,-10.06,1.00287
,,,,,,,,,,,,,,,,,,,,,,,-10.07,1.00281
,,,,,,,,,,,,,,,,,,,,,,,-10.08,1.00274
,,,,,,,,,,,,,,,,,,,,,,,-10.09,1.00268
,,,,,,,,,,,,,,,,,,,,,,,-10.1,1.00261
,,,,,,,,,,,,,,,,,,,,,,,-10.11,1.00254
,,,,,,,,,,,,,,,,,,,,,,,-10.12,1.00248
,,,,,,,,,,,,,,,,,,,,,,,-10.13,1.00241
,,,,,,,,,,,,,,,,,,,,,,,-10.14,1.00235
,,,,,,,,,,,,,,,,,,,,,,,-10.15,1.00228
,,,,,,,,,,,,,,,,,,,,,,,-10.16,1.00222
,,,,,,,,,,,,,,,,,,,,,,,-10.17,1.00215
,,,,,,,,,,,,,,,,,,,,,,,-10.18,1.00209
,,,,,,,,,,,,,,,,,,,,,,,-10.19,1.00203
,,,,,,,,,,,,,,,,,,,,,,,-10.2,1.00196
,,,,,,,,,,,,,,,,,,,,,,,-10.21,1.0019
,,,,,,,,,,,,,,,,,,,,,,,-10.22,1.00183
,,,,,,,,,,,,,,,,,,,,,,,-10.23,1.00177
,,,,,,,,,,,,,,,,,,,,,,,-10.24,1.00171
,,,,,,,,,,,,,,,,,,,,,,,-10.25,1.00164
,,,,,,,,,,,,,,,,,,,,,,,-10.26,1.00158
,,,,,,,,,,,,,,,,,,,,,,,-10.27,1.00151
,,,,,,,,,,,,,,,,,,,,,,,-10.28,1.00145
,,,,,,,,,,,,,,,,,,,,,,,-10.29,1.00139
,,,,,,,,,,,,,,,,,,,,,,,-10.3,1.00133
,,,,,,,,,,,,,,,,,,,,,,,-10.31,1.00126
,,,,,,,,,,,,,,,,,,,,,,,-10.32,1.0012
,,,,,,,,,,,,,,,,,,,,,,,-10.33,1.00114
,,,,,,,,,,,,,,,,,,,,,,,-10.34,1.00107
,,,,,,,,,,,,,,,,,,,,,,,-10.35,1.00101
,,,,,,,,,,,,,,,,,,,,,,,-10.36,1.00095
,,,,,,,,,,,,,,,,,,,,,,,-10.37,1.00089
,,,,,,,,,,,,,,,,,,,,,,,-10.38,1.00083
,,,,,,,,,,,,,,,,,,,,,,,-10.39,1.00076
,,,,,,,,,,,,,,,,,,,,,,,-10.4,1.0007
,,,,,,,,,,,,,,,,,,,,,,,-10.41,1.00064
,,,,,,,,,,,,,,,,,,,,,,,-10.42,1.00058
,,,,,,,,,,,,,,,,,,,,,,,-10.43,1.00052
,,,,,,,,,,,,,,,,,,,,,,,-10.44,1.00046
,,,,,,,,,,,,,,,,,,,,,,,-10.45,1.0004
,,,,,,,,,,,,,,,,,,,,,,,-10.46,1.00034
,,,,,,,,,,,,,,,,,,,,,,,-10.47,1.00027
,,,,,,,,,,,,,,,,,,,,,,,-10.48,1.00021
,,,,,,,,,,,,,,,,,,,,,,,-10.49,1.00015
,,,,,,,,,,,,,,,,,,,,,,,-10.5,1.00009
,,,,,,,,,,,,,,,,,,,,,,,-10.51,1.00003
,,,,,,,,,,,,,,,,,,,,,,,-10.52,0.999972
,,,,,,,,,,,,,,,,,,,,,,,-10.53,0.999912
,,,,,,,,,,,,,,,,,,,,,,,-10.54,0.999852
,,,,,,,,,,,,,,,,,,,,,,,-10.55,0.999792
,,,,,,,,,,,,,,,,,,,,,,,-10.56,0.999732
,,,,,,,,,,,,,,,,,,,,,,,-10.57,0.999673
,,,,,,,,,,,,,,,,,,,,,,,-10.58,0.999613
,,,,,,,,,,,,,,,,,,,,,,,-10.59,0.999554
,,,,,,,,,,,,,,,,,,,,,,,-10.6,0.999494
,,,,,,,,,,,,,,,,,,,,,,,-10.61,0.999435
,,,,,,,,,,,,,,,,,,,,,,,-10.62,0.999376
,,,,,,,,,,,,,,,,,,,,,,,-10.63,0.999317
,,,,,,,,,,,,,,,,,,,,,,,-10.64,0.999259
,,,,,,,,,,,,,,,,,,,,,,,-10.65,0.9992
,,,,,,,,,,,,,,,,,,,,,,,-10.66,0.999141
,,,,,,,,,,,,,,,,,,,,,,,-10.67,0.999083
,,,,,,,,,,,,,,,,,,,,,,,-10.68,0.999025
,,,,,,,,,,,,,,,,,,,,,,,-10.69,0.998966
,,,,,,,,,,,,,,,,,,,,,,,-10.7,0.998908
,,,,,,,,,,,,,,,,,,,,,,,-10.71,0.99885
,,,,,,,,,,,,,,,,,,,,,,,-10.72,0.998792
,,,,,,,,,,,,,,,,,,,,,,,-10.73,0.998735
,,,,,,,,,,,,,,,,,,,,,,,-10.74,0.998677
,,,,,,,,,,,,,,,,,,,,,,,-10.75,0.998619
,,,,,,,,,,,,,,,,,,,,,,,-10.76,0.998562
,,,,,,,,,,,,,,,,,,,,,,,-10.77,0.998505
,,,,,,,,,,,,,,,,,,,,,,,-10.78,0.998447
,,,,,,,,,,,,,,,,,,,,,,,-10.79,0.99839
,,,,,,,,,,,,,,,,,,,,,,,-10.8,0.998333
,,,,,,,,,,,,,,,,,,,,,,,-10.81,0.998276
,,,,,,,,,,,,,,,,,,,,,,,-10.82,0.99822
,,,,,,,,,,,,,,,,,,,,,,,-10.83,0.998163
,,,,,,,,,,,,,,,,,,,,,,,-10.84,0.998106
,,,,,,,,,,,,,,,,,,,,,,,-10.85,0.99805
,,,,,,,,,,,,,,,,,,,,,,,-10.86,0.997994
,,,,,,,,,,,,,,,,,,,,,,,-10.87,0.997938
,,,,,,,,,,,,,,,,,,,,,,,-10.88,0.997881
,,,,,,,,,,,,,,,,,,,,,,,-10.89,0.997825
,,,,,,,,,,,,,,,,,,,,,,,-10.9,0.99777
,,,,,,,,,,,,,,,,,,,,,,,-10.91,0.997714
,,,,,,,,,,,,,,,,,,,,,,,-10.92,0.997658
,,,,,,,,,,,,,,,,,,,,,,,-10.93,0.997603
,,,,,,,,,,,,,,,,,,,,,,,-10.94,0.997547
,,,,,,,,,,,,,,,,,,,,,,,-10.95,0.997492
,,,,,,,,,,,,,,,,,,,,,,,-10.96,0.997436
,,,,,,,,,,,,,,,,,,,,,,,-10.97,0.997381
,,,,,,,,,,,,,,,,,,,,,,,-10.98,0.997326
,,,,,,,,,,,,,,,,,,,,,,,-10.99,0.997271
,,,,,,,,,,,,,,,,,,,,,,,-11,0.997217
,,,,,,,,,,,,,,,,,,,,,,,-11.01,0.997162
,,,,,,,,,,,,,,,,,,,,,,,-11.02,0.997107
,,,,,,,,,,,,,,,,,,,,,,,-11.03,0.997053
,,,,,,,,,,,,,,,,,,,,,,,-11.04,0.996998
,,,,,,,,,,,,,,,,,,,,,,,-11.05,0.996944
,,,,,,,,,,,,,,,,,,,,,,,-11.06,0.99689
,,,,,,,,,,,,,,,,,,,,,,,-11.07,0.996836
,,,,,,,,,,,,,,,,,,,,,,,-11.08,0.996782
,,,,,,,,,,,,,,,,,,,,,,,-11.09,0.996728
,,,,,,,,,,,,,,,,,,,,,,,-11.1,0.996674
,,,,,,,,,,,,,,,,,,,,,,,-11.11,0.99662
,,,,,,,,,,,,,,,,,,,,,,,-11.12,0.996567
,,,,,,,,,,,,,,,,,,,,,,,-11.13,0.996513
,,,,,,,,,,,,,,,,,,,,,,,-11.14,0.99646
,,,,,,,,,,,,,,,,,,,,,,,-11.15,0.996406
,,,,,,,,,,,,,,,,,,,,,,,-11.16,0.996353
,,,,,,,,,,,,,,,,,,,,,,,-11.17,0.9963
,,,,,,,,,,,,,,,,,,,,,,,-11.18,0.996247
,,,,,,,,,,,,,,,,,,,,,,,-11.19,0.996194
,,,,,,,,,,,,,,,,,,,,,,,-11.2,0.996142
,,,,,,,,,,,,,,,,,,,,,,,-11.21,0.996089
,,,,,,,,,,,,,,,,,,,,,,,-11.22,0.996036
,,,,,,,,,,,,,,,,,,,,,,,-11.23,0.995984
,,,,,,,,,,,,,,,,,,,,,,,-11.24,0.995931
,,,,,,,,,,,,,,,,,,,,,,,-11.25,0.995879
,,,,,,,,,,,,,,,,,,,,,,,-11.26,0.995827
,,,,,,,,,,,,,,,,,,,,,,,-11.27,0.995775
,,,,,,,,,,,,,,,,,,,,,,,-11.28,0.995723
,,,,,,,,,,,,,,,,,,,,,,,-11.29,0.995671
,,,,,,,,,,,,,,,,,,,,,,,-11.3,0.995619
,,,,,,,,,,,,,,,,,,,,,,,-11.31,0.995567
,,,,,,,,,,,,,,,,,,,,,,,-11.32,0.995516
,,,,,,,,,,,,,,,,,,,,,,,-11.33,0.995464
,,,,,,,,,,,,,,,,,,,,,,,-11.34,0.995413
,,,,,,,,,,,,,,,,,,,,,,,-11.35,0.995361
,,,,,,,,,,,,,,,,,,,,,,,-11.36,0.99531
,,,,,,,,,,,,,,,,,,,,,,,-11.37,0.995259
,,,,,,,,,,,,,,,,,,,,,,,-11.38,0.995208
,,,,,,,,,,,,,,,,,,,,,,,-11.39,0.995157
,,,,,,,,,,,,,,,,,,,,,,,-11.4,0.995106
,,,,,,,,,,,,,,,,,,,,,,,-11.41,0.995055
,,,,,,,,,,,,,,,,,,,,,,,-11.42,0.995005
,,,,,,,,,,,,,,,,,,,,,,,-11.43,0.994954
,,,,,,,,,,,,,,,,,,,,,,,-11.44,0.994904
,,,,,,,,,,,,,,,,,,,,,,,-11.45,0.994853
,,,,,,,,,,,,,,,,,,,,,,,-11.46,0.994803
,,,,,,,,,,,,,,,,,,,,,,,-11.47,0.994753
,,,,,,,,,,,,,,,,,,,,,,,-11.48,0.994703
,,,,,,,,,,,,,,,,,,,,,,,-11.49,0.994653
,,,,,,,,,,,,,,,,,,,,,,,-11.5,0.994603
,,,,,,,,,,,,,,,,,,,,,,,-11.51,0.994553
,,,,,,,,,,,,,,,,,,,,,,,-11.52,0.994503
,,,,,,,,,,,,,,,,,,,,,,,-11.53,0.994453
,,,,,,,,,,,,,,,,,,,,,,,-11.54,0.994404
,,,,,,,,,,,,,,,,,,,,,,,-11.55,0.994354
,,,,,,,,,,,,,,,,,,,,,,,-11.56,0.994305
,,,,,,,,,,,,,,,,,,,,,,,-11.57,0.994256
,,,,,,,,,,,,,,,,,,,,,,,-11.58,0.994206
,,,,,,,,,,,,,,,,,,,,,,,-11.59,0.994157
,,,,,,,,,,,,,,,,,,,,,,,-11.6,0.994108
,,,,,,,,,,,,,,,,,,,,,,,-11.61,0.994059
,,,,,,,,,,,,,,,,,,,,,,,-11.62,0.99401
,,,,,,,,,,,,,,,,,,,,,,,-11.63,0.993962
,,,,,,,,,,,,,,,,,,,,,,,-11.64,0.993913
,,,,,,,,,,,,,,,,,,,,,,,-11.65,0.993864
,,,,,,,,,,,,,,,,,,,,,,,-11.66,0.993816
,,,,,,,,,,,,,,,,,,,,,,,-11.67,0.993767
,,,,,,,,,,,,,,,,,,,,,,,-11.68,0.993719
,,,,,,,,,,,,,,,,,,,,,,,-11.69,0.993671
,,,,,,,,,,,,,,,,,,,,,,,-11.7,0.993623
,,,,,,,,,,,,,,,,,,,,,,,-11.71,0.993575
,,,,,,,,,,,,,,,,,,,,,,,-11.72,0.993527
,,,,,,,,,,,,,,,,,,,,,,,-11.73,0.993479
,,,,,,,,,,,,,,,,,,,,,,,-11.74,0.993431
,,,,,,,,,,,,,,,,,,,,,,,-11.75,0.993383
,,,,,,,,,,,,,,,,,,,,,,,-11.76,0.993335
,,,,,,,,,,,,,,,,,,,,,,,-11.77,0.993288
,,,,,,,,,,,,,,,,,,,,,,,-11.78,0.99324
,,,,,,,,,,,,,,,,,,,,,,,-11.79,0.993193
,,,,,,,,,,,,,,,,,,,,,,,-11.8,0.993146
,,,,,,,,,,,,,,,,,,,,,,,-11.81,0.993098
,,,,,,,,,,,,,,,,,,,,,,,-11.82,0.993051
,,,,,,,,,,,,,,,,,,,,,,,-11.83,0.993004
,,,,,,,,,,,,,,,,,,,,,,,-11.84,0.992957
,,,,,,,,,,,,,,,,,,,,,,,-11.85,0.99291
,,,,,,,,,,,,,,,,,,,,,,,-11.86,0.992863
,,,,,,,,,,,,,,,,,,,,,,,-11.87,0.992817
,,,,,,,,,,,,,,,,,,,,,,,-11.88,0.99277
,,,,,,,,,,,,,,,,,,,,,,,-11.89,0.992724
,,,,,,,,,,,,,,,,,,,,,,,-11.9,0.992677
,,,,,,,,,,,,,,,,,,,,,,,-11.91,0.992631
,,,,,,,,,,,,,,,,,,,,,,,-11.92,0.992584
,,,,,,,,,,,,,,,,,,,,,,,-11.93,0.992538
,,,,,,,,,,,,,,,,,,,,,,,-11.94,0.992492
,,,,,,,,,,,,,,,,,,,,,,,-11.95,0.992446
,,,,,,,,,,,,,,,,,,,,,,,-11.96,0.9924
,,,,,,,,,,,,,,,,,,,,,,,-11.97,0.992354
,,,,,,,,,,,,,,,,,,,,,,,-11.98,0.992308
,,,,,,,,,,,,,,,,,,,,,,,-11.99,0.992262
,,,,,,,,,,,,,,,,,,,,,,,-12,0.992217
,,,,,,,,,,,,,,,,,,,,,,,-12.01,0.992171
,,,,,,,,,,,,,,,,,,,,,,,-12.02,0.992126
,,,,,,,,,,,,,,,,,,,,,,,-12.03,0.99208
,,,,,,,,,,,,,,,,,,,,,,,-12.04,0.992035
,,,,,,,,,,,,,,,,,,,,,,,-12.05,0.991989
,,,,,,,,,,,,,,,,,,,,,,,-12.06,0.991944
,,,,,,,,,,,,,,,,,,,,,,,-12.07,0.991899
,,,,,,,,,,,,,,,,,,,,,,,-12.08,0.991854
,,,,,,,,,,,,,,,,,,,,,,,-12.09,0.991809
,,,,,,,,,,,,,,,,,,,,,,,-12.1,0.991764
,,,,,,,,,,,,,,,,,,,,,,,-12.11,0.991719
,,,,,,,,,,,,,,,,,,,,,,,-12.12,0.991675
,,,,,,,,,,,,,,,,,,,,,,,-12.13,0.99163
,,,,,,,,,,,,,,,,,,,,,,,-12.14,0.991585
,,,,,,,,,,,,,,,,,,,,,,,-12.15,0.991541
,,,,,,,,,,,,,,,,,,,,,,,-12.16,0.991496
,,,,,,,,,,,,,,,,,,,,,,,-12.17,0.991452
,,,,,,,,,,,,,,,,,,,,,,,-12.18,0.991408
,,,,,,,,,,,,,,,,,,,,,,,-12.19,0.991364
,,,,,,,,,,,,,,,,,,,,,,,-12.2,0.991319
,,,,,,,,,,,,,,,,,,,,,,,-12.21,0.991275
,,,,,,,,,,,,,,,,,,,,,,,-12.22,0.991231
,,,,,,,,,,,,,,,,,,,,,,,-12.23,0.991188
,,,,,,,,,,,,,,,,,,,,,,,-12.24,0.991144
,,,,,,,,,,,,,,,,,,,,,,,-12.25,0.9911
,,,,,,,,,,,,,,,,,,,,,,,-12.26,0.991056
,,,,,,,,,,,,,,,,,,,,,,,-12.27,0.991013
,,,,,,,,,,,,,,,,,,,,,,,-12.28,0.990969
,,,,,,,,,,,,,,,,,,,,,,,-12.29,0.990926
,,,,,,,,,,,,,,,,,,,,,,,-12.3,0.990882
,,,,,,,,,,,,,,,,,,,,,,,-12.31,0.990839
,,,,,,,,,,,,,,,,,,,,,,,-12.32,0.990796
,,,,,,,,,,,,,,,,,,,,,,,-12.33,0.990753
,,,,,,,,,,,,,,,,,,,,,,,-12.34,0.99071
,,,,,,,,,,,,,,,,,,,,,,,-12.35,0.990667
,,,,,,,,,,,,,,,,,,,,,,,-12.36,0.990624
,,,,,,,,,,,,,,,,,,,,,,,-12.37,0.990581
,,,,,,,,,,,,,,,,,,,,,,,-12.38,0.990538
,,,,,,,,,,,,,,,,,,,,,,,-12.39,0.990495
,,,,,,,,,,,,,,,,,,,,,,,-12.4,0.990453
,,,,,,,,,,,,,,,,,,,,,,,-12.41,0.99041
,,,,,,,,,,,,,,,,,,,,,,,-12.42,0.990367
,,,,,,,,,,,,,,,,,,,,,,,-12.43,0.990325
,,,,,,,,,,,,,,,,,,,,,,,-12.44,0.990283
,,,,,,,,,,,,,,,,,,,,,,,-12.45,0.99024
,,,,,,,,,,,,,,,,,,,,,,,-12.46,0.990198
,,,,,,,,,,,,,,,,,,,,,,,-12.47,0.990156
,,,,,,,,,,,,,,,,,,,,,,,-12.48,0.990114
,,,,,,,,,,,,,,,,,,,,,,,-12.49,0.990072
,,,,,,,,,,,,,,,,,,,,,,,-12.5,0.99003
,,,,,,,,,,,,,,,,,,,,,,,-12.51,0.989988
,,,,,,,,,,,,,,,,,,,,,,,-12.52,0.989946
,,,,,,,,,,,,,,,,,,,,,,,-12.53,0.989905
,,,,,,,,,,,,,,,,,,,,,,,-12.54,0.989863
,,,,,,,,,,,,,,,,,,,,,,,-12.55,0.989821
,,,,,,,,,,,,,,,,,,,,,,,-12.56,0.98978
,,,,,,,,,,,,,,,,,,,,,,,-12.57,0.989738
,,,,,,,,,,,,,,,,,,,,,,,-12.58,0.989697
,,,,,,,,,,,,,,,,,,,,,,,-12.59,0.989656
,,,,,,,,,,,,,,,,,,,,,,,-12.6,0.989614
,,,,,,,,,,,,,,,,,,,,,,,-12.61,0.989573
,,,,,,,,,,,,,,,,,,,,,,,-12.62,0.989532
,,,,,,,,,,,,,,,,,,,,,,,-12.63,0.989491
,,,,,,,,,,,,,,,,,,,,,,,-12.64,0.98945
,,,,,,,,,,,,,,,,,,,,,,,-12.65,0.989409
,,,,,,,,,,,,,,,,,,,,,,,-12.66,0.989368
,,,,,,,,,,,,,,,,,,,,,,,-12.67,0.989327
,,,,,,,,,,,,,,,,,,,,,,,-12.68,0.989287
,,,,,,,,,,,,,,,,,,,,,,,-12.69,0.989246
,,,,,,,,,,,,,,,,,,,,,,,-12.7,0.989206
,,,,,,,,,,,,,,,,,,,,,,,-12.71,0.989165
,,,,,,,,,,,,,,,,,,,,,,,-12.72,0.989125
,,,,,,,,,,,,,,,,,,,,,,,-12.73,0.989084
,,,,,,,,,,,,,,,,,,,,,,,-12.74,0.989044
,,,,,,,,,,,,,,,,,,,,,,,-12.75,0.989004
,,,,,,,,,,,,,,,,,,,,,,,-12.76,0.988963
,,,,,,,,,,,,,,,,,,,,,,,-12.77,0.988923
,,,,,,,,,,,,,,,,,,,,,,,-12.78,0.988883
,,,,,,,,,,,,,,,,,,,,,,,-12.79,0.988843
,,,,,,,,,,,,,,,,,,,,,,,-12.8,0.988803
,,,,,,,,,,,,,,,,,,,,,,,-12.81,0.988764
,,,,,,,,,,,,,,,,,,,,,,,-12.82,0.988724
,,,,,,,,,,,,,,,,,,,,,,,-12.83,0.988684
,,,,,,,,,,,,,,,,,,,,,,,-12.84,0.988644
,,,,,,,,,,,,,,,,,,,,,,,-12.85,0.988605
,,,,,,,,,,,,,,,,,,,,,,,-12.86,0.988565
,,,,,,,,,,,,,,,,,,,,,,,-12.87,0.988526
,,,,,,,,,,,,,,,,,,,,,,,-12.88,0.988486
,,,,,,,,,,,,,,,,,,,,,,,-12.89,0.988447
,,,,,,,,,,,,,,,,,,,,,,,-12.9,0.988408
,,,,,,,,,,,,,,,,,,,,,,,-12.91,0.988369
,,,,,,,,,,,,,,,,,,,,,,,-12.92,0.988329
,,,,,,,,,,,,,,,,,,,,,,,-12.93,0.98829
,,,,,,,,,,,,,,,,,,,,,,,-12.94,0.988251
,,,,,,,,,,,,,,,,,,,,,,,-12.95,0.988212
,,,,,,,,,,,,,,,,,,,,,,,-12.96,0.988174
,,,,,,,,,,,,,,,,,,,,,,,-12.97,0.988135
,,,,,,,,,,,,,,,,,,,,,,,-12.98,0.988096
,,,,,,,,,,,,,,,,,,,,,,,-12.99,0.988057
,,,,,,,,,,,,,,,,,,,,,,,-13,0.988019
,,,,,,,,,,,,,,,,,,,,,,,-13.01,0.98798
,,,,,,,,,,,,,,,,,,,,,,,-13.02,0.987941
,,,,,,,,,,,,,,,,,,,,,,,-13.03,0.987903
,,,,,,,,,,,,,,,,,,,,,,,-13.04,0.987865
,,,,,,,,,,,,,,,,,,,,,,,-13.05,0.987826
,,,,,,,,,,,,,,,,,,,,,,,-13.06,0.987788
,,,,,,,,,,,,,,,,,,,,,,,-13.07,0.98775
,,,,,,,,,,,,,,,,,,,,,,,-13.08,0.987712
,,,,,,,,,,,,,,,,,,,,,,,-13.09,0.987674
,,,,,,,,,,,,,,,,,,,,,,,-13.1,0.987635
,,,,,,,,,,,,,,,,,,,,,,,-13.11,0.987598
,,,,,,,,,,,,,,,,,,,,,,,-13.12,0.98756
,,,,,,,,,,,,,,,,,,,,,,,-13.13,0.987522
,,,,,,,,,,,,,,,,,,,,,,,-13.14,0.987484
,,,,,,,,,,,,,,,,,,,,,,,-13.15,0.987446
,,,,,,,,,,,,,,,,,,,,,,,-13.16,0.987409
,,,,,,,,,,,,,,,,,,,,,,,-13.17,0.987371
,,,,,,,,,,,,,,,,,,,,,,,-13.18,0.987333
,,,,,,,,,,,,,,,,,,,,,,,-13.19,0.987296
,,,,,,,,,,,,,,,,,,,,,,,-13.2,0.987258
,,,,,,,,,,,,,,,,,,,,,,,-13.21,0.987221
,,,,,,,,,,,,,,,,,,,,,,,-13.22,0.987184
,,,,,,,,,,,,,,,,,,,,,,,-13.23,0.987146
,,,,,,,,,,,,,,,,,,,,,,,-13.24,0.987109
,,,,,,,,,,,,,,,,,,,,,,,-13.25,0.987072
,,,,,,,,,,,,,,,,,,,,,,,-13.26,0.987035
,,,,,,,,,,,,,,,,,,,,,,,-13.27,0.986998
,,,,,,,,,,,,,,,,,,,,,,,-13.28,0.986961
,,,,,,,,,,,,,,,,,,,,,,,-13.29,0.986924
,,,,,,,,,,,,,,,,,,,,,,,-13.3,0.986887
,,,,,,,,,,,,,,,,,,,,,,,-13.31,0.986851
,,,,,,,,,,,,,,,,,,,,,,,-13.32,0.986814
,,,,,,,,,,,,,,,,,,,,,,,-13.33,0.986777
,,,,,,,,,,,,,,,,,,,,,,,-13.34,0.986741
,,,,,,,,,,,,,,,,,,,,,,,-13.35,0.986704
,,,,,,,,,,,,,,,,,,,,,,,-13.36,0.986667
,,,,,,,,,,,,,,,,,,,,,,,-13.37,0.986631
,,,,,,,,,,,,,,,,,,,,,,,-13.38,0.986595
,,,,,,,,,,,,,,,,,,,,,,,-13.39,0.986558
,,,,,,,,,,,,,,,,,,,,,,,-13.4,0.986522
,,,,,,,,,,,,,,,,,,,,,,,-13.41,0.986486
,,,,,,,,,,,,,,,,,,,,,,,-13.42,0.98645
,,,,,,,,,,,,,,,,,,,,,,,-13.43,0.986413
,,,,,,,,,,,,,,,,,,,,,,,-13.44,0.986377
,,,,,,,,,,,,,,,,,,,,,,,-13.45,0.986341
,,,,,,,,,,,,,,,,,,,,,,,-13.46,0.986305
,,,,,,,,,,,,,,,,,,,,,,,-13.47,0.98627
,,,,,,,,,,,,,,,,,,,,,,,-13.48,0.986234
,,,,,,,,,,,,,,,,,,,,,,,-13.49,0.986198
,,,,,,,,,,,,,,,,,,,,,,,-13.5,0.986162
,,,,,,,,,,,,,,,,,,,,,,,-13.51,0.986127
,,,,,,,,,,,,,,,,,,,,,,,-13.52,0.986091
,,,,,,,,,,,,,,,,,,,,,,,-13.53,0.986055
,,,,,,,,,,,,,,,,,,,,,,,-13.54,0.98602
,,,,,,,,,,,,,,,,,,,,,,,-13.55,0.985985
,,,,,,,,,,,,,,,,,,,,,,,-13.56,0.985949
,,,,,,,,,,,,,,,,,,,,,,,-13.57,0.985914
,,,,,,,,,,,,,,,,,,,,,,,-13.58,0.985878
,,,,,,,,,,,,,,,,,,,,,,,-13.59,0.985843
,,,,,,,,,,,,,,,,,,,,,,,-13.6,0.985808
,,,,,,,,,,,,,,,,,,,,,,,-13.61,0.985773
,,,,,,,,,,,,,,,,,,,,,,,-13.62,0.985738
,,,,,,,,,,,,,,,,,,,,,,,-13.63,0.985703
,,,,,,,,,,,,,,,,,,,,,,,-13.64,0.985668
,,,,,,,,,,,,,,,,,,,,,,,-13.65,0.985633
,,,,,,,,,,,,,,,,,,,,,,,-13.66,0.985598
,,,,,,,,,,,,,,,,,,,,,,,-13.67,0.985563
,,,,,,,,,,,,,,,,,,,,,,,-13.68,0.985529
,,,,,,,,,,,,,,,,,,,,,,,-13.69,0.985494
,,,,,,,,,,,,,,,,,,,,,,,-13.7,0.985459
,,,,,,,,,,,,,,,,,,,,,,,-13.71,0.985425
,,,,,,,,,,,,,,,,,,,,,,,-13.72,0.98539
,,,,,,,,,,,,,,,,,,,,,,,-13.73,0.985356
,,,,,,,,,,,,,,,,,,,,,,,-13.74,0.985321
,,,,,,,,,,,,,,,,,,,,,,,-13.75,0.985287
,,,,,,,,,,,,,,,,,,,,,,,-13.76,0.985252
,,,,,,,,,,,,,,,,,,,,,,,-13.77,0.985218
,,,,,,,,,,,,,,,,,,,,,,,-13.78,0.985184
,,,,,,,,,,,,,,,,,,,,,,,-13.79,0.98515
,,,,,,,,,,,,,,,,,,,,,,,-13.8,0.985116
,,,,,,,,,,,,,,,,,,,,,,,-13.81,0.985082
,,,,,,,,,,,,,,,,,,,,,,,-13.82,0.985048
,,,,,,,,,,,,,,,,,,,,,,,-13.83,0.985014
,,,,,,,,,,,,,,,,,,,,,,,-13.84,0.98498
,,,,,,,,,,,,,,,,,,,,,,,-13.85,0.984946
,,,,,,,,,,,,,,,,,,,,,,,-13.86,0.984912
,,,,,,,,,,,,,,,,,,,,,,,-13.87,0.984878
,,,,,,,,,,,,,,,,,,,,,,,-13.88,0.984845
,,,,,,,,,,,,,,,,,,,,,,,-13.89,0.984811
,,,,,,,,,,,,,,,,,,,,,,,-13.9,0.984777
,,,,,,,,,,,,,,,,,,,,,,,-13.91,0.984744
,,,,,,,,,,,,,,,,,,,,,,,-13.92,0.98471
,,,,,,,,,,,,,,,,,,,,,,,-13.93,0.984677
,,,,,,,,,,,,,,,,,,,,,,,-13.94,0.984643
,,,,,,,,,,,,,,,,,,,,,,,-13.95,0.98461
,,,,,,,,,,,,,,,,,,,,,,,-13.96,0.984577
,,,,,,,,,,,,,,,,,,,,,,,-13.97,0.984543
,,,,,,,,,,,,,,,,,,,,,,,-13.98,0.98451
,,,,,,,,,,,,,,,,,,,,,,,-13.99,0.984477
,,,,,,,,,,,,,,,,,,,,,,,-14,0.984444
,,,,,,,,,,,,,,,,,,,,,,,-14.01,0.984411
,,,,,,,,,,,,,,,,,,,,,,,-14.02,0.984378
,,,,,,,,,,,,,,,,,,,,,,,-14.03,0.984345
,,,,,,,,,,,,,,,,,,,,,,,-14.04,0.984312
,,,,,,,,,,,,,,,,,,,,,,,-14.05,0.984279
,,,,,,,,,,,,,,,,,,,,,,,-14.06,0.984246
,,,,,,,,,,,,,,,,,,,,,,,-14.07,0.984213
,,,,,,,,,,,,,,,,,,,,,,,-14.08,0.984181
,,,,,,,,,,,,,,,,,,,,,,,-14.09,0.984148
,,,,,,,,,,,,,,,,,,,,,,,-14.1,0.984115
,,,,,,,,,,,,,,,,,,,,,,,-14.11,0.984083
,,,,,,,,,,,,,,,,,,,,,,,-14.12,0.98405
,,,,,,,,,,,,,,,,,,,,,,,-14.13,0.984018
,,,,,,,,,,,,,,,,,,,,,,,-14.14,0.983985
,,,,,,,,,,,,,,,,,,,,,,,-14.15,0.983953
,,,,,,,,,,,,,,,,,,,,,,,-14.16,0.983921
,,,,,,,,,,,,,,,,,,,,,,,-14.17,0.983888
,,,,,,,,,,,,,,,,,,,,,,,-14.18,0.983856
,,,,,,,,,,,,,,,,,,,,,,,-14.19,0.983824
,,,,,,,,,,,,,,,,,,,,,,,-14.2,0.983792
,,,,,,,,,,,,,,,,,,,,,,,-14.21,0.98376
,,,,,,,,,,,,,,,,,,,,,,,-14.22,0.983727
,,,,,,,,,,,,,,,,,,,,,,,-14.23,0.983695
,,,,,,,,,,,,,,,,,,,,,,,-14.24,0.983663
,,,,,,,,,,,,,,,,,,,,,,,-14.25,0.983632
,,,,,,,,,,,,,,,,,,,,,,,-14.26,0.9836
,,,,,,,,,,,,,,,,,,,,,,,-14.27,0.983568
,,,,,,,,,,,,,,,,,,,,,,,-14.28,0.983536
,,,,,,,,,,,,,,,,,,,,,,,-14.29,0.983504
,,,,,,,,,,,,,,,,,,,,,,,-14.3,0.983473
,,,,,,,,,,,,,,,,,,,,,,,-14.31,0.983441
,,,,,,,,,,,,,,,,,,,,,,,-14.32,0.983409
,,,,,,,,,,,,,,,,,,,,,,,-14.33,0.983378
,,,,,,,,,,,,,,,,,,,,,,,-14.34,0.983346
,,,,,,,,,,,,,,,,,,,,,,,-14.35,0.983315
,,,,,,,,,,,,,,,,,,,,,,,-14.36,0.983283
,,,,,,,,,,,,,,,,,,,,,,,-14.37,0.983252
,,,,,,,,,,,,,,,,,,,,,,,-14.38,0.983221
,,,,,,,,,,,,,,,,,,,,,,,-14.39,0.983189
,,,,,,,,,,,,,,,,,,,,,,,-14.4,0.983158
,,,,,,,,,,,,,,,,,,,,,,,-14.41,0.983127
,,,,,,,,,,,,,,,,,,,,,,,-14.42,0.983096
,,,,,,,,,,,,,,,,,,,,,,,-14.43,0.983065
,,,,,,,,,,,,,,,,,,,,,,,-14.44,0.983034
,,,,,,,,,,,,,,,,,,,,,,,-14.45,0.983003
,,,,,,,,,,,,,,,,,,,,,,,-14.46,0.982972
,,,,,,,,,,,,,,,,,,,,,,,-14.47,0.982941
,,,,,,,,,,,,,,,,,,,,,,,-14.48,0.98291
,,,,,,,,,,,,,,,,,,,,,,,-14.49,0.982879
,,,,,,,,,,,,,,,,,,,,,,,-14.5,0.982848
,,,,,,,,,,,,,,,,,,,,,,,-14.51,0.982818
,,,,,,,,,,,,,,,,,,,,,,,-14.52,0.982787
,,,,,,,,,,,,,,,,,,,,,,,-14.53,0.982756
,,,,,,,,,,,,,,,,,,,,,,,-14.54,0.982726
,,,,,,,,,,,,,,,,,,,,,,,-14.55,0.982695
,,,,,,,,,,,,,,,,,,,,,,,-14.56,0.982665
,,,,,,,,,,,,,,,,,,,,,,,-14.57,0.982634
,,,,,,,,,,,,,,,,,,,,,,,-14.58,0.982604
,,,,,,,,,,,,,,,,,,,,,,,-14.59,0.982573
,,,,,,,,,,,,,,,,,,,,,,,-14.6,0.982543
,,,,,,,,,,,,,,,,,,,,,,,-14.61,0.982513
,,,,,,,,,,,,,,,,,,,,,,,-14.62,0.982482
,,,,,,,,,,,,,,,,,,,,,,,-14.63,0.982452
,,,,,,,,,,,,,,,,,,,,,,,-14.64,0.982422
,,,,,,,,,,,,,,,,,,,,,,,-14.65,0.982392
,,,,,,,,,,,,,,,,,,,,,,,-14.66,0.982362
,,,,,,,,,,,,,,,,,,,,,,,-14.67,0.982332
,,,,,,,,,,,,,,,,,,,,,,,-14.68,0.982302
,,,,,,,,,,,,,,,,,,,,,,,-14.69,0.982272
,,,,,,,,,,,,,,,,,,,,,,,-14.7,0.982242
,,,,,,,,,,,,,,,,,,,,,,,-14.71,0.982212
,,,,,,,,,,,,,,,,,,,,,,,-14.72,0.982182
,,,,,,,,,,,,,,,,,,,,,,,-14.73,0.982152
,,,,,,,,,,,,,,,,,,,,,,,-14.74,0.982122
,,,,,,,,,,,,,,,,,,,,,,,-14.75,0.982093
,,,,,,,,,,,,,,,,,,,,,,,-14.76,0.982063
,,,,,,,,,,,,,,,,,,,,,,,-14.77,0.982033
,,,,,,,,,,,,,,,,,,,,,,,-14.78,0.982004
,,,,,,,,,,,,,,,,,,,,,,,-14.79,0.981974
,,,,,,,,,,,,,,,,,,,,,,,-14.8,0.981945
,,,,,,,,,,,,,,,,,,,,,,,-14.81,0.981915
,,,,,,,,,,,,,,,,,,,,,,,-14.82,0.981886
,,,,,,,,,,,,,,,,,,,,,,,-14.83,0.981856
,,,,,,,,,,,,,,,,,,,,,,,-14.84,0.981827
,,,,,,,,,,,,,,,,,,,,,,,-14.85,0.981798
,,,,,,,,,,,,,,,,,,,,,,,-14.86,0.981769
,,,,,,,,,,,,,,,,,,,,,,,-14.87,0.981739
,,,,,,,,,,,,,,,,,,,,,,,-14.88,0.98171
,,,,,,,,,,,,,,,,,,,,,,,-14.89,0.981681
,,,,,,,,,,,,,,,,,,,,,,,-14.9,0.981652
,,,,,,,,,,,,,,,,,,,,,,,-14.91,0.981623
,,,,,,,,,,,,,,,,,,,,,,,-14.92,0.981594
,,,,,,,,,,,,,,,,,,,,,,,-14.93,0.981565
,,,,,,,,,,,,,,,,,,,,,,,-14.94,0.981536
,,,,,,,,,,,,,,,,,,,,,,,-14.95,0.981507
,,,,,,,,,,,,,,,,,,,,,,,-14.96,0.981478
,,,,,,,,,,,,,,,,,,,,,,,-14.97,0.981449
,,,,,,,,,,,,,,,,,,,,,,,-14.98,0.981421
,,,,,,,,,,,,,,,,,,,,,,,-14.99,0.981392
,,,,,,,,,,,,,,,,,,,,,,,-15,0.981363
,,,,,,,,,,,,,,,,,,,,,,,-15.01,0.981335
,,,,,,,,,,,,,,,,,,,,,,,-15.02,0.981306
,,,,,,,,,,,,,,,,,,,,,,,-15.03,0.981277
,,,,,,,,,,,,,,,,,,,,,,,-15.04,0.981249
,,,,,,,,,,,,,,,,,,,,,,,-15.05,0.98122
,,,,,,,,,,,,,,,,,,,,,,,-15.06,0.981192
,,,,,,,,,,,,,,,,,,,,,,,-15.07,0.981163
,,,,,,,,,,,,,,,,,,,,,,,-15.08,0.981135
,,,,,,,,,,,,,,,,,,,,,,,-15.09,0.981107
,,,,,,,,,,,,,,,,,,,,,,,-15.1,0.981078
,,,,,,,,,,,,,,,,,,,,,,,-15.11,0.98105
,,,,,,,,,,,,,,,,,,,,,,,-15.12,0.981022
,,,,,,,,,,,,,,,,,,,,,,,-15.13,0.980994
,,,,,,,,,,,,,,,,,,,,,,,-15.14,0.980965
,,,,,,,,,,,,,,,,,,,,,,,-15.15,0.980937
,,,,,,,,,,,,,,,,,,,,,,,-15.16,0.980909
,,,,,,,,,,,,,,,,,,,,,,,-15.17,0.980881
,,,,,,,,,,,,,,,,,,,,,,,-15.18,0.980853
,,,,,,,,,,,,,,,,,,,,,,,-15.19,0.980825
,,,,,,,,,,,,,,,,,,,,,,,-15.2,0.980797
,,,,,,,,,,,,,,,,,,,,,,,-15.21,0.98077
,,,,,,,,,,,,,,,,,,,,,,,-15.22,0.980742
,,,,,,,,,,,,,,,,,,,,,,,-15.23,0.980714
,,,,,,,,,,,,,,,,,,,,,,,-15.24,0.980686
,,,,,,,,,,,,,,,,,,,,,,,-15.25,0.980658
,,,,,,,,,,,,,,,,,,,,,,,-15.26,0.980631
,,,,,,,,,,,,,,,,,,,,,,,-15.27,0.980603
,,,,,,,,,,,,,,,,,,,,,,,-15.28,0.980575
,,,,,,,,,,,,,,,,,,,,,,,-15.29,0.980548
,,,,,,,,,,,,,,,,,,,,,,,-15.3,0.98052
,,,,,,,,,,,,,,,,,,,,,,,-15.31,0.980493
,,,,,,,,,,,,,,,,,,,,,,,-15.32,0.980465
,,,,,,,,,,,,,,,,,,,,,,,-15.33,0.980438
,,,,,,,,,,,,,,,,,,,,,,,-15.34,0.980411
,,,,,,,,,,,,,,,,,,,,,,,-15.35,0.980383
,,,,,,,,,,,,,,,,,,,,,,,-15.36,0.980356
,,,,,,,,,,,,,,,,,,,,,,,-15.37,0.980329
,,,,,,,,,,,,,,,,,,,,,,,-15.38,0.980301
,,,,,,,,,,,,,,,,,,,,,,,-15.39,0.980274
,,,,,,,,,,,,,,,,,,,,,,,-15.4,0.980247
,,,,,,,,,,,,,,,,,,,,,,,-15.41,0.98022
,,,,,,,,,,,,,,,,,,,,,,,-15.42,0.980193
,,,,,,,,,,,,,,,,,,,,,,,-15.43,0.980166
,,,,,,,,,,,,,,,,,,,,,,,-15.44,0.980139
,,,,,,,,,,,,,,,,,,,,,,,-15.45,0.980112
,,,,,,,,,,,,,,,,,,,,,,,-15.46,0.980085
,,,,,,,,,,,,,,,,,,,,,,,-15.47,0.980058
,,,,,,,,,,,,,,,,,,,,,,,-15.48,0.980031
,,,,,,,,,,,,,,,,,,,,,,,-15.49,0.980004
,,,,,,,,,,,,,,,,,,,,,,,-15.5,0.979977
,,,,,,,,,,,,,,,,,,,,,,,-15.51,0.97995
,,,,,,,,,,,,,,,,,,,,,,,-15.52,0.979924
,,,,,,,,,,,,,,,,,,,,,,,-15.53,0.979897
,,,,,,,,,,,,,,,,,,,,,,,-15.54,0.97987
,,,,,,,,,,,,,,,,,,,,,,,-15.55,0.979844
,,,,,,,,,,,,,,,,,,,,,,,-15.56,0.979817
,,,,,,,,,,,,,,,,,,,,,,,-15.57,0.97979
,,,,,,,,,,,,,,,,,,,,,,,-15.58,0.979764
,,,,,,,,,,,,,,,,,,,,,,,-15.59,0.979737
,,,,,,,,,,,,,,,,,,,,,,,-15.6,0.979711
,,,,,,,,,,,,,,,,,,,,,,,-15.61,0.979685
,,,,,,,,,,,,,,,,,,,,,,,-15.62,0.979658
,,,,,,,,,,,,,,,,,,,,,,,-15.63,0.979632
,,,,,,,,,,,,,,,,,,,,,,,-15.64,0.979605
,,,,,,,,,,,,,,,,,,,,,,,-15.65,0.979579
,,,,,,,,,,,,,,,,,,,,,,,-15.66,0.979553
,,,,,,,,,,,,,,,,,,,,,,,-15.67,0.979527
,,,,,,,,,,,,,,,,,,,,,,,-15.68,0.979501
,,,,,,,,,,,,,,,,,,,,,,,-15.69,0.979474
,,,,,,,,,,,,,,,,,,,,,,,-15.7,0.979448
,,,,,,,,,,,,,,,,,,,,,,,-15.71,0.979422
,,,,,,,,,,,,,,,,,,,,,,,-15.72,0.979396
,,,,,,,,,,,,,,,,,,,,,,,-15.73,0.97937
,,,,,,,,,,,,,,,,,,,,,,,-15.74,0.979344
,,,,,,,,,,,,,,,,,,,,,,,-15.75,0.979318
,,,,,,,,,,,,,,,,,,,,,,,-15.76,0.979292
,,,,,,,,,,,,,,,,,,,,,,,-15.77,0.979267
,,,,,,,,,,,,,,,,,,,,,,,-15.78,0.979241
,,,,,,,,,,,,,,,,,,,,,,,-15.79,0.979215
,,,,,,,,,,,,,,,,,,,,,,,-15.8,0.979189
,,,,,,,,,,,,,,,,,,,,,,,-15.81,0.979163
,,,,,,,,,,,,,,,,,,,,,,,-15.82,0.979138
,,,,,,,,,,,,,,,,,,,,,,,-15.83,0.979112
,,,,,,,,,,,,,,,,,,,,,,,-15.84,0.979086
,,,,,,,,,,,,,,,,,,,,,,,-15.85,0.979061
,,,,,,,,,,,,,,,,,,,,,,,-15.86,0.979035
,,,,,,,,,,,,,,,,,,,,,,,-15.87,0.97901
,,,,,,,,,,,,,,,,,,,,,,,-15.88,0.978984
,,,,,,,,,,,,,,,,,,,,,,,-15.89,0.978959
,,,,,,,,,,,,,,,,,,,,,,,-15.9,0.978933
,,,,,,,,,,,,,,,,,,,,,,,-15.91,0.978908
,,,,,,,,,,,,,,,,,,,,,,,-15.92,0.978883
,,,,,,,,,,,,,,,,,,,,,,,-15.93,0.978857
,,,,,,,,,,,,,,,,,,,,,,,-15.94,0.978832
,,,,,,,,,,,,,,,,,,,,,,,-15.95,0.978807
,,,,,,,,,,,,,,,,,,,,,,,-15.96,0.978781
,,,,,,,,,,,,,,,,,,,,,,,-15.97,0.978756
,,,,,,,,,,,,,,,,,,,,,,,-15.98,0.978731
,,,,,,,,,,,,,,,,,,,,,,,-15.99,0.978706
,,,,,,,,,,,,,,,,,,,,,,,-16,0.978681
,,,,,,,,,,,,,,,,,,,,,,,-16.01,0.978656
,,,,,,,,,,,,,,,,,,,,,,,-16.02,0.978631
,,,,,,,,,,,,,,,,,,,,,,,-16.03,0.978606
,,,,,,,,,,,,,,,,,,,,,,,-16.04,0.978581
,,,,,,,,,,,,,,,,,,,,,,,-16.05,0.978556
,,,,,,,,,,,,,,,,,,,,,,,-16.06,0.978531
,,,,,,,,,,,,,,,,,,,,,,,-16.07,0.978506
,,,,,,,,,,,,,,,,,,,,,,,-16.08,0.978481
,,,,,,,,,,,,,,,,,,,,,,,-16.09,0.978456
,,,,,,,,,,,,,,,,,,,,,,,-16.1,0.978431
,,,,,,,,,,,,,,,,,,,,,,,-16.11,0.978407
,,,,,,,,,,,,,,,,,,,,,,,-16.12,0.978382
,,,,,,,,,,,,,,,,,,,,,,,-16.13,0.978357
,,,,,,,,,,,,,,,,,,,,,,,-16.14,0.978333
,,,,,,,,,,,,,,,,,,,,,,,-16.15,0.978308
,,,,,,,,,,,,,,,,,,,,,,,-16.16,0.978283
,,,,,,,,,,,,,,,,,,,,,,,-16.17,0.978259
,,,,,,,,,,,,,,,,,,,,,,,-16.18,0.978234
,,,,,,,,,,,,,,,,,,,,,,,-16.19,0.97821
,,,,,,,,,,,,,,,,,,,,,,,-16.2,0.978185
,,,,,,,,,,,,,,,,,,,,,,,-16.21,0.978161
,,,,,,,,,,,,,,,,,,,,,,,-16.22,0.978137
,,,,,,,,,,,,,,,,,,,,,,,-16.23,0.978112
,,,,,,,,,,,,,,,,,,,,,,,-16.24,0.978088
,,,,,,,,,,,,,,,,,,,,,,,-16.25,0.978063
,,,,,,,,,,,,,,,,,,,,,,,-16.26,0.978039
,,,,,,,,,,,,,,,,,,,,,,,-16.27,0.978015
,,,,,,,,,,,,,,,,,,,,,,,-16.28,0.977991
,,,,,,,,,,,,,,,,,,,,,,,-16.29,0.977967
,,,,,,,,,,,,,,,,,,,,,,,-16.3,0.977942
,,,,,,,,,,,,,,,,,,,,,,,-16.31,0.977918
,,,,,,,,,,,,,,,,,,,,,,,-16.32,0.977894
,,,,,,,,,,,,,,,,,,,,,,,-16.33,0.97787
,,,,,,,,,,,,,,,,,,,,,,,-16.34,0.977846
,,,,,,,,,,,,,,,,,,,,,,,-16.35,0.977822
,,,,,,,,,,,,,,,,,,,,,,,-16.36,0.977798
,,,,,,,,,,,,,,,,,,,,,,,-16.37,0.977774
,,,,,,,,,,,,,,,,,,,,,,,-16.38,0.97775
,,,,,,,,,,,,,,,,,,,,,,,-16.39,0.977726
,,,,,,,,,,,,,,,,,,,,,,,-16.4,0.977702
,,,,,,,,,,,,,,,,,,,,,,,-16.41,0.977679
,,,,,,,,,,,,,,,,,,,,,,,-16.42,0.977655
,,,,,,,,,,,,,,,,,,,,,,,-16.43,0.977631
,,,,,,,,,,,,,,,,,,,,,,,-16.44,0.977607
,,,,,,,,,,,,,,,,,,,,,,,-16.45,0.977584
,,,,,,,,,,,,,,,,,,,,,,,-16.46,0.97756
,,,,,,,,,,,,,,,,,,,,,,,-16.47,0.977536
,,,,,,,,,,,,,,,,,,,,,,,-16.48,0.977513
,,,,,,,,,,,,,,,,,,,,,,,-16.49,0.977489
,,,,,,,,,,,,,,,,,,,,,,,-16.5,0.977466
,,,,,,,,,,,,,,,,,,,,,,,-16.51,0.977442
,,,,,,,,,,,,,,,,,,,,,,,-16.52,0.977419
,,,,,,,,,,,,,,,,,,,,,,,-16.53,0.977395
,,,,,,,,,,,,,,,,,,,,,,,-16.54,0.977372
,,,,,,,,,,,,,,,,,,,,,,,-16.55,0.977348
,,,,,,,,,,,,,,,,,,,,,,,-16.56,0.977325
,,,,,,,,,,,,,,,,,,,,,,,-16.57,0.977301
,,,,,,,,,,,,,,,,,,,,,,,-16.58,0.977278
,,,,,,,,,,,,,,,,,,,,,,,-16.59,0.977255
,,,,,,,,,,,,,,,,,,,,,,,-16.6,0.977232
,,,,,,,,,,,,,,,,,,,,,,,-16.61,0.977208
,,,,,,,,,,,,,,,,,,,,,,,-16.62,0.977185
,,,,,,,,,,,,,,,,,,,,,,,-16.63,0.977162
,,,,,,,,,,,,,,,,,,,,,,,-16.64,0.977139
,,,,,,,,,,,,,,,,,,,,,,,-16.65,0.977116
,,,,,,,,,,,,,,,,,,,,,,,-16.66,0.977093
,,,,,,,,,,,,,,,,,,,,,,,-16.67,0.97707
,,,,,,,,,,,,,,,,,,,,,,,-16.68,0.977046
,,,,,,,,,,,,,,,,,,,,,,,-16.69,0.977023
,,,,,,,,,,,,,,,,,,,,,,,-16.7,0.977001
,,,,,,,,,,,,,,,,,,,,,,,-16.71,0.976978
,,,,,,,,,,,,,,,,,,,,,,,-16.72,0.976955
,,,,,,,,,,,,,,,,,,,,,,,-16.73,0.976932
,,,,,,,,,,,,,,,,,,,,,,,-16.74,0.976909
,,,,,,,,,,,,,,,,,,,,,,,-16.75,0.976886
,,,,,,,,,,,,,,,,,,,,,,,-16.76,0.976863
,,,,,,,,,,,,,,,,,,,,,,,-16.77,0.97684
,,,,,,,,,,,,,,,,,,,,,,,-16.78,0.976818
,,,,,,,,,,,,,,,,,,,,,,,-16.79,0.976795
,,,,,,,,,,,,,,,,,,,,,,,-16.8,0.976772
,,,,,,,,,,,,,,,,,,,,,,,-16.81,0.97675
,,,,,,,,,,,,,,,,,,,,,,,-16.82,0.976727
,,,,,,,,,,,,,,,,,,,,,,,-16.83,0.976704
,,,,,,,,,,,,,,,,,,,,,,,-16.84,0.976682
,,,,,,,,,,,,,,,,,,,,,,,-16.85,0.976659
,,,,,,,,,,,,,,,,,,,,,,,-16.86,0.976637
,,,,,,,,,,,,,,,,,,,,,,,-16.87,0.976614
,,,,,,,,,,,,,,,,,,,,,,,-16.88,0.976592
,,,,,,,,,,,,,,,,,,,,,,,-16.89,0.976569
,,,,,,,,,,,,,,,,,,,,,,,-16.9,0.976547
,,,,,,,,,,,,,,,,,,,,,,,-16.91,0.976524
,,,,,,,,,,,,,,,,,,,,,,,-16.92,0.976502
,,,,,,,,,,,,,,,,,,,,,,,-16.93,0.97648
,,,,,,,,,,,,,,,,,,,,,,,-16.94,0.976457
,,,,,,,,,,,,,,,,,,,,,,,-16.95,0.976435
,,,,,,,,,,,,,,,,,,,,,,,-16.96,0.976413
,,,,,,,,,,,,,,,,,,,,,,,-16.97,0.976391
,,,,,,,,,,,,,,,,,,,,,,,-16.98,0.976368
,,,,,,,,,,,,,,,,,,,,,,,-16.99,0.976346
,,,,,,,,,,,,,,,,,,,,,,,-17,0.976324
,,,,,,,,,,,,,,,,,,,,,,,-17.01,0.976302
,,,,,,,,,,,,,,,,,,,,,,,-17.02,0.97628
,,,,,,,,,,,,,,,,,,,,,,,-17.03,0.976258
,,,,,,,,,,,,,,,,,,,,,,,-17.04,0.976236
,,,,,,,,,,,,,,,,,,,,,,,-17.05,0.976214
,,,,,,,,,,,,,,,,,,,,,,,-17.06,0.976192
,,,,,,,,,,,,,,,,,,,,,,,-17.07,0.97617
,,,,,,,,,,,,,,,,,,,,,,,-17.08,0.976148
,,,,,,,,,,,,,,,,,,,,,,,-17.09,0.976126
,,,,,,,,,,,,,,,,,,,,,,,-17.1,0.976104
,,,,,,,,,,,,,,,,,,,,,,,-17.11,0.976082
,,,,,,,,,,,,,,,,,,,,,,,-17.12,0.97606
,,,,,,,,,,,,,,,,,,,,,,,-17.13,0.976039
,,,,,,,,,,,,,,,,,,,,,,,-17.14,0.976017
,,,,,,,,,,,,,,,,,,,,,,,-17.15,0.975995
,,,,,,,,,,,,,,,,,,,,,,,-17.16,0.975973
,,,,,,,,,,,,,,,,,,,,,,,-17.17,0.975952
,,,,,,,,,,,,,,,,,,,,,,,-17.18,0.97593
,,,,,,,,,,,,,,,,,,,,,,,-17.19,0.975908
,,,,,,,,,,,,,,,,,,,,,,,-17.2,0.975887
,,,,,,,,,,,,,,,,,,,,,,,-17.21,0.975865
,,,,,,,,,,,,,,,,,,,,,,,-17.22,0.975844
,,,,,,,,,,,,,,,,,,,,,,,-17.23,0.975822
,,,,,,,,,,,,,,,,,,,,,,,-17.24,0.975801
,,,,,,,,,,,,,,,,,,,,,,,-17.25,0.975779
,,,,,,,,,,,,,,,,,,,,,,,-17.26,0.975758
,,,,,,,,,,,,,,,,,,,,,,,-17.27,0.975736
,,,,,,,,,,,,,,,,,,,,,,,-17.28,0.975715
,,,,,,,,,,,,,,,,,,,,,,,-17.29,0.975693
,,,,,,,,,,,,,,,,,,,,,,,-17.3,0.975672
,,,,,,,,,,,,,,,,,,,,,,,-17.31,0.975651
,,,,,,,,,,,,,,,,,,,,,,,-17.32,0.975629
,,,,,,,,,,,,,,,,,,,,,,,-17.33,0.975608
,,,,,,,,,,,,,,,,,,,,,,,-17.34,0.975587
,,,,,,,,,,,,,,,,,,,,,,,-17.35,0.975565
,,,,,,,,,,,,,,,,,,,,,,,-17.36,0.975544
,,,,,,,,,,,,,,,,,,,,,,,-17.37,0.975523
,,,,,,,,,,,,,,,,,,,,,,,-17.38,0.975502
,,,,,,,,,,,,,,,,,,,,,,,-17.39,0.975481
,,,,,,,,,,,,,,,,,,,,,,,-17.4,0.97546
,,,,,,,,,,,,,,,,,,,,,,,-17.41,0.975439
,,,,,,,,,,,,,,,,,,,,,,,-17.42,0.975418
,,,,,,,,,,,,,,,,,,,,,,,-17.43,0.975397
,,,,,,,,,,,,,,,,,,,,,,,-17.44,0.975376
,,,,,,,,,,,,,,,,,,,,,,,-17.45,0.975355
,,,,,,,,,,,,,,,,,,,,,,,-17.46,0.975334
,,,,,,,,,,,,,,,,,,,,,,,-17.47,0.975313
,,,,,,,,,,,,,,,,,,,,,,,-17.48,0.975292
,,,,,,,,,,,,,,,,,,,,,,,-17.49,0.975271
,,,,,,,,,,,,,,,,,,,,,,,-17.5,0.97525
,,,,,,,,,,,,,,,,,,,,,,,-17.51,0.975229
,,,,,,,,,,,,,,,,,,,,,,,-17.52,0.975208
,,,,,,,,,,,,,,,,,,,,,,,-17.53,0.975188
,,,,,,,,,,,,,,,,,,,,,,,-17.54,0.975167
,,,,,,,,,,,,,,,,,,,,,,,-17.55,0.975146
,,,,,,,,,,,,,,,,,,,,,,,-17.56,0.975125
,,,,,,,,,,,,,,,,,,,,,,,-17.57,0.975105
,,,,,,,,,,,,,,,,,,,,,,,-17.58,0.975084
,,,,,,,,,,,,,,,,,,,,,,,-17.59,0.975063
,,,,,,,,,,,,,,,,,,,,,,,-17.6,0.975043
,,,,,,,,,,,,,,,,,,,,,,,-17.61,0.975022
,,,,,,,,,,,,,,,,,,,,,,,-17.62,0.975002
,,,,,,,,,,,,,,,,,,,,,,,-17.63,0.974981
,,,,,,,,,,,,,,,,,,,,,,,-17.64,0.97496
,,,,,,,,,,,,,,,,,,,,,,,-17.65,0.97494
,,,,,,,,,,,,,,,,,,,,,,,-17.66,0.974919
,,,,,,,,,,,,,,,,,,,,,,,-17.67,0.974899
,,,,,,,,,,,,,,,,,,,,,,,-17.68,0.974879
,,,,,,,,,,,,,,,,,,,,,,,-17.69,0.974858
,,,,,,,,,,,,,,,,,,,,,,,-17.7,0.974838
,,,,,,,,,,,,,,,,,,,,,,,-17.71,0.974817
,,,,,,,,,,,,,,,,,,,,,,,-17.72,0.974797
,,,,,,,,,,,,,,,,,,,,,,,-17.73,0.974777
,,,,,,,,,,,,,,,,,,,,,,,-17.74,0.974757
,,,,,,,,,,,,,,,,,,,,,,,-17.75,0.974736
,,,,,,,,,,,,,,,,,,,,,,,-17.76,0.974716
,,,,,,,,,,,,,,,,,,,,,,,-17.77,0.974696
,,,,,,,,,,,,,,,,,,,,,,,-17.78,0.974676
,,,,,,,,,,,,,,,,,,,,,,,-17.79,0.974655
,,,,,,,,,,,,,,,,,,,,,,,-17.8,0.974635
,,,,,,,,,,,,,,,,,,,,,,,-17.81,0.974615
,,,,,,,,,,,,,,,,,,,,,,,-17.82,0.974595
,,,,,,,,,,,,,,,,,,,,,,,-17.83,0.974575
,,,,,,,,,,,,,,,,,,,,,,,-17.84,0.974555
,,,,,,,,,,,,,,,,,,,,,,,-17.85,0.974535
,,,,,,,,,,,,,,,,,,,,,,,-17.86,0.974515
,,,,,,,,,,,,,,,,,,,,,,,-17.87,0.974495
,,,,,,,,,,,,,,,,,,,,,,,-17.88,0.974475
,,,,,,,,,,,,,,,,,,,,,,,-17.89,0.974455
,,,,,,,,,,,,,,,,,,,,,,,-17.9,0.974435
,,,,,,,,,,,,,,,,,,,,,,,-17.91,0.974415
,,,,,,,,,,,,,,,,,,,,,,,-17.92,0.974395
,,,,,,,,,,,,,,,,,,,,,,,-17.93,0.974376
,,,,,,,,,,,,,,,,,,,,,,,-17.94,0.974356
,,,,,,,,,,,,,,,,,,,,,,,-17.95,0.974336
,,,,,,,,,,,,,,,,,,,,,,,-17.96,0.974316
,,,,,,,,,,,,,,,,,,,,,,,-17.97,0.974296
,,,,,,,,,,,,,,,,,,,,,,,-17.98,0.974277
,,,,,,,,,,,,,,,,,,,,,,,-17.99,0.974257
,,,,,,,,,,,,,,,,,,,,,,,-18,0.974237
,,,,,,,,,,,,,,,,,,,,,,,-18.01,0.974218
,,,,,,,,,,,,,,,,,,,,,,,-18.02,0.974198
,,,,,,,,,,,,,,,,,,,,,,,-18.03,0.974178
,,,,,,,,,,,,,,,,,,,,,,,-18.04,0.974159
,,,,,,,,,,,,,,,,,,,,,,,-18.05,0.974139
,,,,,,,,,,,,,,,,,,,,,,,-18.06,0.97412
,,,,,,,,,,,,,,,,,,,,,,,-18.07,0.9741
,,,,,,,,,,,,,,,,,,,,,,,-18.08,0.974081
,,,,,,,,,,,,,,,,,,,,,,,-18.09,0.974061
,,,,,,,,,,,,,,,,,,,,,,,-18.1,0.974042
,,,,,,,,,,,,,,,,,,,,,,,-18.11,0.974022
,,,,,,,,,,,,,,,,,,,,,,,-18.12,0.974003
,,,,,,,,,,,,,,,,,,,,,,,-18.13,0.973983
,,,,,,,,,,,,,,,,,,,,,,,-18.14,0.973964
,,,,,,,,,,,,,,,,,,,,,,,-18.15,0.973945
,,,,,,,,,,,,,,,,,,,,,,,-18.16,0.973925
,,,,,,,,,,,,,,,,,,,,,,,-18.17,0.973906
,,,,,,,,,,,,,,,,,,,,,,,-18.18,0.973887
,,,,,,,,,,,,,,,,,,,,,,,-18.19,0.973868
,,,,,,,,,,,,,,,,,,,,,,,-18.2,0.973848
,,,,,,,,,,,,,,,,,,,,,,,-18.21,0.973829
,,,,,,,,,,,,,,,,,,,,,,,-18.22,0.97381
,,,,,,,,,,,,,,,,,,,,,,,-18.23,0.973791
,,,,,,,,,,,,,,,,,,,,,,,-18.24,0.973772
,,,,,,,,,,,,,,,,,,,,,,,-18.25,0.973752
,,,,,,,,,,,,,,,,,,,,,,,-18.26,0.973733
,,,,,,,,,,,,,,,,,,,,,,,-18.27,0.973714
,,,,,,,,,,,,,,,,,,,,,,,-18.28,0.973695
,,,,,,,,,,,,,,,,,,,,,,,-18.29,0.973676
,,,,,,,,,,,,,,,,,,,,,,,-18.3,0.973657
,,,,,,,,,,,,,,,,,,,,,,,-18.31,0.973638
,,,,,,,,,,,,,,,,,,,,,,,-18.32,0.973619
,,,,,,,,,,,,,,,,,,,,,,,-18.33,0.9736
,,,,,,,,,,,,,,,,,,,,,,,-18.34,0.973581
,,,,,,,,,,,,,,,,,,,,,,,-18.35,0.973562
,,,,,,,,,,,,,,,,,,,,,,,-18.36,0.973543
,,,,,,,,,,,,,,,,,,,,,,,-18.37,0.973524
,,,,,,,,,,,,,,,,,,,,,,,-18.38,0.973506
,,,,,,,,,,,,,,,,,,,,,,,-18.39,0.973487
,,,,,,,,,,,,,,,,,,,,,,,-18.4,0.973468
,,,,,,,,,,,,,,,,,,,,,,,-18.41,0.973449
,,,,,,,,,,,,,,,,,,,,,,,-18.42,0.97343
,,,,,,,,,,,,,,,,,,,,,,,-18.43,0.973412
,,,,,,,,,,,,,,,,,,,,,,,-18.44,0.973393
,,,,,,,,,,,,,,,,,,,,,,,-18.45,0.973374
,,,,,,,,,,,,,,,,,,,,,,,-18.46,0.973356
,,,,,,,,,,,,,,,,,,,,,,,-18.47,0.973337
,,,,,,,,,,,,,,,,,,,,,,,-18.48,0.973318
,,,,,,,,,,,,,,,,,,,,,,,-18.49,0.9733
,,,,,,,,,,,,,,,,,,,,,,,-18.5,0.973281
,,,,,,,,,,,,,,,,,,,,,,,-18.51,0.973262
,,,,,,,,,,,,,,,,,,,,,,,-18.52,0.973244
,,,,,,,,,,,,,,,,,,,,,,,-18.53,0.973225
,,,,,,,,,,,,,,,,,,,,,,,-18.54,0.973207
,,,,,,,,,,,,,,,,,,,,,,,-18.55,0.973188
,,,,,,,,,,,,,,,,,,,,,,,-18.56,0.97317
,,,,,,,,,,,,,,,,,,,,,,,-18.57,0.973151
,,,,,,,,,,,,,,,,,,,,,,,-18.58,0.973133
,,,,,,,,,,,,,,,,,,,,,,,-18.59,0.973114
,,,,,,,,,,,,,,,,,,,,,,,-18.6,0.973096
,,,,,,,,,,,,,,,,,,,,,,,-18.61,0.973078
,,,,,,,,,,,,,,,,,,,,,,,-18.62,0.973059
,,,,,,,,,,,,,,,,,,,,,,,-18.63,0.973041
,,,,,,,,,,,,,,,,,,,,,,,-18.64,0.973023
,,,,,,,,,,,,,,,,,,,,,,,-18.65,0.973004
,,,,,,,,,,,,,,,,,,,,,,,-18.66,0.972986
,,,,,,,,,,,,,,,,,,,,,,,-18.67,0.972968
,,,,,,,,,,,,,,,,,,,,,,,-18.68,0.97295
,,,,,,,,,,,,,,,,,,,,,,,-18.69,0.972931
,,,,,,,,,,,,,,,,,,,,,,,-18.7,0.972913
,,,,,,,,,,,,,,,,,,,,,,,-18.71,0.972895
,,,,,,,,,,,,,,,,,,,,,,,-18.72,0.972877
,,,,,,,,,,,,,,,,,,,,,,,-18.73,0.972859
,,,,,,,,,,,,,,,,,,,,,,,-18.74,0.972841
,,,,,,,,,,,,,,,,,,,,,,,-18.75,0.972823
,,,,,,,,,,,,,,,,,,,,,,,-18.76,0.972804
,,,,,,,,,,,,,,,,,,,,,,,-18.77,0.972786
,,,,,,,,,,,,,,,,,,,,,,,-18.78,0.972768
,,,,,,,,,,,,,,,,,,,,,,,-18.79,0.97275
,,,,,,,,,,,,,,,,,,,,,,,-18.8,0.972732
,,,,,,,,,,,,,,,,,,,,,,,-18.81,0.972714
,,,,,,,,,,,,,,,,,,,,,,,-18.82,0.972696
,,,,,,,,,,,,,,,,,,,,,,,-18.83,0.972678
,,,,,,,,,,,,,,,,,,,,,,,-18.84,0.972661
,,,,,,,,,,,,,,,,,,,,,,,-18.85,0.972643
,,,,,,,,,,,,,,,,,,,,,,,-18.86,0.972625
,,,,,,,,,,,,,,,,,,,,,,,-18.87,0.972607
,,,,,,,,,,,,,,,,,,,,,,,-18.88,0.972589
,,,,,,,,,,,,,,,,,,,,,,,-18.89,0.972571
,,,,,,,,,,,,,,,,,,,,,,,-18.9,0.972553
,,,,,,,,,,,,,,,,,,,,,,,-18.91,0.972536
,,,,,,,,,,,,,,,,,,,,,,,-18.92,0.972518
,,,,,,,,,,,,,,,,,,,,,,,-18.93,0.9725
,,,,,,,,,,,,,,,,,,,,,,,-18.94,0.972482
,,,,,,,,,,,,,,,,,,,,,,,-18.95,0.972465
,,,,,,,,,,,,,,,,,,,,,,,-18.96,0.972447
,,,,,,,,,,,,,,,,,,,,,,,-18.97,0.972429
,,,,,,,,,,,,,,,,,,,,,,,-18.98,0.972412
,,,,,,,,,,,,,,,,,,,,,,,-18.99,0.972394
,,,,,,,,,,,,,,,,,,,,,,,-19,0.972376
,,,,,,,,,,,,,,,,,,,,,,,-19.01,0.972359
,,,,,,,,,,,,,,,,,,,,,,,-19.02,0.972341
,,,,,,,,,,,,,,,,,,,,,,,-19.03,0.972324
,,,,,,,,,,,,,,,,,,,,,,,-19.04,0.972306
,,,,,,,,,,,,,,,,,,,,,,,-19.05,0.972289
,,,,,,,,,,,,,,,,,,,,,,,-19.06,0.972271
,,,,,,,,,,,,,,,,,,,,,,,-19.07,0.972254
,,,,,,,,,,,,,,,,,,,,,,,-19.08,0.972236
,,,,,,,,,,,,,,,,,,,,,,,-19.09,0.972219
,,,,,,,,,,,,,,,,,,,,,,,-19.1,0.972201
,,,,,,,,,,,,,,,,,,,,,,,-19.11,0.972184
,,,,,,,,,,,,,,,,,,,,,,,-19.12,0.972167
,,,,,,,,,,,,,,,,,,,,,,,-19.13,0.972149
,,,,,,,,,,,,,,,,,,,,,,,-19.14,0.972132
,,,,,,,,,,,,,,,,,,,,,,,-19.15,0.972115
,,,,,,,,,,,,,,,,,,,,,,,-19.16,0.972097
,,,,,,,,,,,,,,,,,,,,,,,-19.17,0.97208
,,,,,,,,,,,,,,,,,,,,,,,-19.18,0.972063
,,,,,,,,,,,,,,,,,,,,,,,-19.19,0.972045
,,,,,,,,,,,,,,,,,,,,,,,-19.2,0.972028
,,,,,,,,,,,,,,,,,,,,,,,-19.21,0.972011
,,,,,,,,,,,,,,,,,,,,,,,-19.22,0.971994
,,,,,,,,,,,,,,,,,,,,,,,-19.23,0.971977
,,,,,,,,,,,,,,,,,,,,,,,-19.24,0.971959
,,,,,,,,,,,,,,,,,,,,,,,-19.25,0.971942
,,,,,,,,,,,,,,,,,,,,,,,-19.26,0.971925
,,,,,,,,,,,,,,,,,,,,,,,-19.27,0.971908
,,,,,,,,,,,,,,,,,,,,,,,-19.28,0.971891
,,,,,,,,,,,,,,,,,,,,,,,-19.29,0.971874
,,,,,,,,,,,,,,,,,,,,,,,-19.3,0.971857
,,,,,,,,,,,,,,,,,,,,,,,-19.31,0.97184
,,,,,,,,,,,,,,,,,,,,,,,-19.32,0.971823
,,,,,,,,,,,,,,,,,,,,,,,-19.33,0.971806
,,,,,,,,,,,,,,,,,,,,,,,-19.34,0.971789
,,,,,,,,,,,,,,,,,,,,,,,-19.35,0.971772
,,,,,,,,,,,,,,,,,,,,,,,-19.36,0.971755
,,,,,,,,,,,,,,,,,,,,,,,-19.37,0.971738
,,,,,,,,,,,,,,,,,,,,,,,-19.38,0.971721
,,,,,,,,,,,,,,,,,,,,,,,-19.39,0.971704
,,,,,,,,,,,,,,,,,,,,,,,-19.4,0.971687
,,,,,,,,,,,,,,,,,,,,,,,-19.41,0.971671
,,,,,,,,,,,,,,,,,,,,,,,-19.42,0.971654
,,,,,,,,,,,,,,,,,,,,,,,-19.43,0.971637
,,,,,,,,,,,,,,,,,,,,,,,-19.44,0.97162
,,,,,,,,,,,,,,,,,,,,,,,-19.45,0.971603
,,,,,,,,,,,,,,,,,,,,,,,-19.46,0.971587
,,,,,,,,,,,,,,,,,,,,,,,-19.47,0.97157
,,,,,,,,,,,,,,,,,,,,,,,-19.48,0.971553
,,,,,,,,,,,,,,,,,,,,,,,-19.49,0.971536
,,,,,,,,,,,,,,,,,,,,,,,-19.5,0.97152
,,,,,,,,,,,,,,,,,,,,,,,-19.51,0.971503
,,,,,,,,,,,,,,,,,,,,,,,-19.52,0.971486
,,,,,,,,,,,,,,,,,,,,,,,-19.53,0.97147
,,,,,,,,,,,,,,,,,,,,,,,-19.54,0.971453
,,,,,,,,,,,,,,,,,,,,,,,-19.55,0.971436
,,,,,,,,,,,,,,,,,,,,,,,-19.56,0.97142
,,,,,,,,,,,,,,,,,,,,,,,-19.57,0.971403
,,,,,,,,,,,,,,,,,,,,,,,-19.58,0.971387
,,,,,,,,,,,,,,,,,,,,,,,-19.59,0.97137
,,,,,,,,,,,,,,,,,,,,,,,-19.6,0.971354
,,,,,,,,,,,,,,,,,,,,,,,-19.61,0.971337
,,,,,,,,,,,,,,,,,,,,,,,-19.62,0.971321
,,,,,,,,,,,,,,,,,,,,,,,-19.63,0.971304
,,,,,,,,,,,,,,,,,,,,,,,-19.64,0.971288
,,,,,,,,,,,,,,,,,,,,,,,-19.65,0.971271
,,,,,,,,,,,,,,,,,,,,,,,-19.66,0.971255
,,,,,,,,,,,,,,,,,,,,,,,-19.67,0.971238
,,,,,,,,,,,,,,,,,,,,,,,-19.68,0.971222
,,,,,,,,,,,,,,,,,,,,,,,-19.69,0.971206
,,,,,,,,,,,,,,,,,,,,,,,-19.7,0.971189
,,,,,,,,,,,,,,,,,,,,,,,-19.71,0.971173
,,,,,,,,,,,,,,,,,,,,,,,-19.72,0.971157
,,,,,,,,,,,,,,,,,,,,,,,-19.73,0.97114
,,,,,,,,,,,,,,,,,,,,,,,-19.74,0.971124
,,,,,,,,,,,,,,,,,,,,,,,-19.75,0.971108
,,,,,,,,,,,,,,,,,,,,,,,-19.76,0.971092
,,,,,,,,,,,,,,,,,,,,,,,-19.77,0.971075
,,,,,,,,,,,,,,,,,,,,,,,-19.78,0.971059
,,,,,,,,,,,,,,,,,,,,,,,-19.79,0.971043
,,,,,,,,,,,,,,,,,,,,,,,-19.8,0.971027
,,,,,,,,,,,,,,,,,,,,,,,-19.81,0.971011
,,,,,,,,,,,,,,,,,,,,,,,-19.82,0.970995
,,,,,,,,,,,,,,,,,,,,,,,-19.83,0.970978
,,,,,,,,,,,,,,,,,,,,,,,-19.84,0.970962
,,,,,,,,,,,,,,,,,,,,,,,-19.85,0.970946
,,,,,,,,,,,,,,,,,,,,,,,-19.86,0.97093
,,,,,,,,,,,,,,,,,,,,,,,-19.87,0.970914
,,,,,,,,,,,,,,,,,,,,,,,-19.88,0.970898
,,,,,,,,,,,,,,,,,,,,,,,-19.89,0.970882
,,,,,,,,,,,,,,,,,,,,,,,-19.9,0.970866
,,,,,,,,,,,,,,,,,,,,,,,-19.91,0.97085
,,,,,,,,,,,,,,,,,,,,,,,-19.92,0.970834
,,,,,,,,,,,,,,,,,,,,,,,-19.93,0.970818
,,,,,,,,,,,,,,,,,,,,,,,-19.94,0.970802
,,,,,,,,,,,,,,,,,,,,,,,-19.95,0.970786
,,,,,,,,,,,,,,,,,,,,,,,-19.96,0.97077
,,,,,,,,,,,,,,,,,,,,,,,-19.97,0.970754
,,,,,,,,,,,,,,,,,,,,,,,-19.98,0.970739
,,,,,,,,,,,,,,,,,,,,,,,-19.99,0.970723
,,,,,,,,,,,,,,,,,,,,,,,-20,0.970707
,,,,,,,,,,,,,,,,,,,,,,,-20.01,0.970691
,,,,,,,,,,,,,,,,,,,,,,,-20.02,0.970675
,,,,,,,,,,,,,,,,,,,,,,,-20.03,0.970659
,,,,,,,,,,,,,,,,,,,,,,,-20.04,0.970644
,,,,,,,,,,,,,,,,,,,,,,,-20.05,0.970628
,,,,,,,,,,,,,,,,,,,,,,,-20.06,0.970612
,,,,,,,,,,,,,,,,,,,,,,,-20.07,0.970596
,,,,,,,,,,,,,,,,,,,,,,,-20.08,0.970581
,,,,,,,,,,,,,,,,,,,,,,,-20.09,0.970565
,,,,,,,,,,,,,,,,,,,,,,,-20.1,0.970549
,,,,,,,,,,,,,,,,,,,,,,,-20.11,0.970534
,,,,,,,,,,,,,,,,,,,,,,,-20.12,0.970518
,,,,,,,,,,,,,,,,,,,,,,,-20.13,0.970502
,,,,,,,,,,,,,,,,,,,,,,,-20.14,0.970487
,,,,,,,,,,,,,,,,,,,,,,,-20.15,0.970471
,,,,,,,,,,,,,,,,,,,,,,,-20.16,0.970455
,,,,,,,,,,,,,,,,,,,,,,,-20.17,0.97044
,,,,,,,,,,,,,,,,,,,,,,,-20.18,0.970424
,,,,,,,,,,,,,,,,,,,,,,,-20.19,0.970409
,,,,,,,,,,,,,,,,,,,,,,,-20.2,0.970393
,,,,,,,,,,,,,,,,,,,,,,,-20.21,0.970378
,,,,,,,,,,,,,,,,,,,,,,,-20.22,0.970362
,,,,,,,,,,,,,,,,,,,,,,,-20.23,0.970347
,,,,,,,,,,,,,,,,,,,,,,,-20.24,0.970331
,,,,,,,,,,,,,,,,,,,,,,,-20.25,0.970316
,,,,,,,,,,,,,,,,,,,,,,,-20.26,0.9703
,,,,,,,,,,,,,,,,,,,,,,,-20.27,0.970285
,,,,,,,,,,,,,,,,,,,,,,,-20.28,0.97027
,,,,,,,,,,,,,,,,,,,,,,,-20.29,0.970254
,,,,,,,,,,,,,,,,,,,,,,,-20.3,0.970239
,,,,,,,,,,,,,,,,,,,,,,,-20.31,0.970223
,,,,,,,,,,,,,,,,,,,,,,,-20.32,0.970208
,,,,,,,,,,,,,,,,,,,,,,,-20.33,0.970193
,,,,,,,,,,,,,,,,,,,,,,,-20.34,0.970178
,,,,,,,,,,,,,,,,,,,,,,,-20.35,0.970162
,,,,,,,,,,,,,,,,,,,,,,,-20.36,0.970147
,,,,,,,,,,,,,,,,,,,,,,,-20.37,0.970132
,,,,,,,,,,,,,,,,,,,,,,,-20.38,0.970116
,,,,,,,,,,,,,,,,,,,,,,,-20.39,0.970101
,,,,,,,,,,,,,,,,,,,,,,,-20.4,0.970086
,,,,,,,,,,,,,,,,,,,,,,,-20.41,0.970071
,,,,,,,,,,,,,,,,,,,,,,,-20.42,0.970056
,,,,,,,,,,,,,,,,,,,,,,,-20.43,0.97004
,,,,,,,,,,,,,,,,,,,,,,,-20.44,0.970025
,,,,,,,,,,,,,,,,,,,,,,,-20.45,0.97001
,,,,,,,,,,,,,,,,,,,,,,,-20.46,0.969995
,,,,,,,,,,,,,,,,,,,,,,,-20.47,0.96998
,,,,,,,,,,,,,,,,,,,,,,,-20.48,0.969965
,,,,,,,,,,,,,,,,,,,,,,,-20.49,0.96995
,,,,,,,,,,,,,,,,,,,,,,,-20.5,0.969935
,,,,,,,,,,,,,,,,,,,,,,,-20.51,0.96992
,,,,,,,,,,,,,,,,,,,,,,,-20.52,0.969905
,,,,,,,,,,,,,,,,,,,,,,,-20.53,0.96989
,,,,,,,,,,,,,,,,,,,,,,,-20.54,0.969875
,,,,,,,,,,,,,,,,,,,,,,,-20.55,0.96986
,,,,,,,,,,,,,,,,,,,,,,,-20.56,0.969845
,,,,,,,,,,,,,,,,,,,,,,,-20.57,0.96983
,,,,,,,,,,,,,,,,,,,,,,,-20.58,0.969815
,,,,,,,,,,,,,,,,,,,,,,,-20.59,0.9698
,,,,,,,,,,,,,,,,,,,,,,,-20.6,0.969785
,,,,,,,,,,,,,,,,,,,,,,,-20.61,0.96977
,,,,,,,,,,,,,,,,,,,,,,,-20.62,0.969755
,,,,,,,,,,,,,,,,,,,,,,,-20.63,0.96974
,,,,,,,,,,,,,,,,,,,,,,,-20.64,0.969725
,,,,,,,,,,,,,,,,,,,,,,,-20.65,0.969711
,,,,,,,,,,,,,,,,,,,,,,,-20.66,0.969696
,,,,,,,,,,,,,,,,,,,,,,,-20.67,0.969681
,,,,,,,,,,,,,,,,,,,,,,,-20.68,0.969666
,,,,,,,,,,,,,,,,,,,,,,,-20.69,0.969651
,,,,,,,,,,,,,,,,,,,,,,,-20.7,0.969637
,,,,,,,,,,,,,,,,,,,,,,,-20.71,0.969622
,,,,,,,,,,,,,,,,,,,,,,,-20.72,0.969607
,,,,,,,,,,,,,,,,,,,,,,,-20.73,0.969592
,,,,,,,,,,,,,,,,,,,,,,,-20.74,0.969578
,,,,,,,,,,,,,,,,,,,,,,,-20.75,0.969563
,,,,,,,,,,,,,,,,,,,,,,,-20.76,0.969548
,,,,,,,,,,,,,,,,,,,,,,,-20.77,0.969534
,,,,,,,,,,,,,,,,,,,,,,,-20.78,0.969519
,,,,,,,,,,,,,,,,,,,,,,,-20.79,0.969504
,,,,,,,,,,,,,,,,,,,,,,,-20.8,0.96949
,,,,,,,,,,,,,,,,,,,,,,,-20.81,0.969475
,,,,,,,,,,,,,,,,,,,,,,,-20.82,0.96946
,,,,,,,,,,,,,,,,,,,,,,,-20.83,0.969446
,,,,,,,,,,,,,,,,,,,,,,,-20.84,0.969431
,,,,,,,,,,,,,,,,,,,,,,,-20.85,0.969417
,,,,,,,,,,,,,,,,,,,,,,,-20.86,0.969402
,,,,,,,,,,,,,,,,,,,,,,,-20.87,0.969388
,,,,,,,,,,,,,,,,,,,,,,,-20.88,0.969373
,,,,,,,,,,,,,,,,,,,,,,,-20.89,0.969359
,,,,,,,,,,,,,,,,,,,,,,,-20.9,0.969344
,,,,,,,,,,,,,,,,,,,,,,,-20.91,0.96933
,,,,,,,,,,,,,,,,,,,,,,,-20.92,0.969315
,,,,,,,,,,,,,,,,,,,,,,,-20.93,0.969301
,,,,,,,,,,,,,,,,,,,,,,,-20.94,0.969287
,,,,,,,,,,,,,,,,,,,,,,,-20.95,0.969272
,,,,,,,,,,,,,,,,,,,,,,,-20.96,0.969258
,,,,,,,,,,,,,,,,,,,,,,,-20.97,0.969243
,,,,,,,,,,,,,,,,,,,,,,,-20.98,0.969229
,,,,,,,,,,,,,,,,,,,,,,,-20.99,0.969215
,,,,,,,,,,,,,,,,,,,,,,,-21,0.9692
,,,,,,,,,,,,,,,,,,,,,,,-21.01,0.969186
,,,,,,,,,,,,,,,,,,,,,,,-21.02,0.969172
,,,,,,,,,,,,,,,,,,,,,,,-21.03,0.969157
,,,,,,,,,,,,,,,,,,,,,,,-21.04,0.969143
,,,,,,,,,,,,,,,,,,,,,,,-21.05,0.969129
,,,,,,,,,,,,,,,,,,,,,,,-21.06,0.969115
,,,,,,,,,,,,,,,,,,,,,,,-21.07,0.9691
,,,,,,,,,,,,,,,,,,,,,,,-21.08,0.969086
,,,,,,,,,,,,,,,,,,,,,,,-21.09,0.969072
,,,,,,,,,,,,,,,,,,,,,,,-21.1,0.969058
,,,,,,,,,,,,,,,,,,,,,,,-21.11,0.969043
,,,,,,,,,,,,,,,,,,,,,,,-21.12,0.969029
,,,,,,,,,,,,,,,,,,,,,,,-21.13,0.969015
,,,,,,,,,,,,,,,,,,,,,,,-21.14,0.969001
,,,,,,,,,,,,,,,,,,,,,,,-21.15,0.968987
,,,,,,,,,,,,,,,,,,,,,,,-21.16,0.968973
,,,,,,,,,,,,,,,,,,,,,,,-21.17,0.968959
,,,,,,,,,,,,,,,,,,,,,,,-21.18,0.968945
,,,,,,,,,,,,,,,,,,,,,,,-21.19,0.968931
,,,,,,,,,,,,,,,,,,,,,,,-21.2,0.968916
,,,,,,,,,,,,,,,,,,,,,,,-21.21,0.968902
,,,,,,,,,,,,,,,,,,,,,,,-21.22,0.968888
,,,,,,,,,,,,,,,,,,,,,,,-21.23,0.968874
,,,,,,,,,,,,,,,,,,,,,,,-21.24,0.96886
,,,,,,,,,,,,,,,,,,,,,,,-21.25,0.968846
,,,,,,,,,,,,,,,,,,,,,,,-21.26,0.968832
,,,,,,,,,,,,,,,,,,,,,,,-21.27,0.968818
,,,,,,,,,,,,,,,,,,,,,,,-21.28,0.968804
,,,,,,,,,,,,,,,,,,,,,,,-21.29,0.968791
,,,,,,,,,,,,,,,,,,,,,,,-21.3,0.968777
,,,,,,,,,,,,,,,,,,,,,,,-21.31,0.968763
,,,,,,,,,,,,,,,,,,,,,,,-21.32,0.968749
,,,,,,,,,,,,,,,,,,,,,,,-21.33,0.968735
,,,,,,,,,,,,,,,,,,,,,,,-21.34,0.968721
,,,,,,,,,,,,,,,,,,,,,,,-21.35,0.968707
,,,,,,,,,,,,,,,,,,,,,,,-21.36,0.968693
,,,,,,,,,,,,,,,,,,,,,,,-21.37,0.968679
,,,,,,,,,,,,,,,,,,,,,,,-21.38,0.968666
,,,,,,,,,,,,,,,,,,,,,,,-21.39,0.968652
,,,,,,,,,,,,,,,,,,,,,,,-21.4,0.968638
,,,,,,,,,,,,,,,,,,,,,,,-21.41,0.968624
,,,,,,,,,,,,,,,,,,,,,,,-21.42,0.968611
,,,,,,,,,,,,,,,,,,,,,,,-21.43,0.968597
,,,,,,,,,,,,,,,,,,,,,,,-21.44,0.968583
,,,,,,,,,,,,,,,,,,,,,,,-21.45,0.968569
,,,,,,,,,,,,,,,,,,,,,,,-21.46,0.968556
,,,,,,,,,,,,,,,,,,,,,,,-21.47,0.968542
,,,,,,,,,,,,,,,,,,,,,,,-21.48,0.968528
,,,,,,,,,,,,,,,,,,,,,,,-21.49,0.968515
,,,,,,,,,,,,,,,,,,,,,,,-21.5,0.968501
,,,,,,,,,,,,,,,,,,,,,,,-21.51,0.968487
,,,,,,,,,,,,,,,,,,,,,,,-21.52,0.968474
,,,,,,,,,,,,,,,,,,,,,,,-21.53,0.96846
,,,,,,,,,,,,,,,,,,,,,,,-21.54,0.968446
,,,,,,,,,,,,,,,,,,,,,,,-21.55,0.968433
,,,,,,,,,,,,,,,,,,,,,,,-21.56,0.968419
,,,,,,,,,,,,,,,,,,,,,,,-21.57,0.968406
,,,,,,,,,,,,,,,,,,,,,,,-21.58,0.968392
,,,,,,,,,,,,,,,,,,,,,,,-21.59,0.968379
,,,,,,,,,,,,,,,,,,,,,,,-21.6,0.968365
,,,,,,,,,,,,,,,,,,,,,,,-21.61,0.968351
,,,,,,,,,,,,,,,,,,,,,,,-21.62,0.968338
,,,,,,,,,,,,,,,,,,,,,,,-21.63,0.968324
,,,,,,,,,,,,,,,,,,,,,,,-21.64,0.968311
,,,,,,,,,,,,,,,,,,,,,,,-21.65,0.968298
,,,,,,,,,,,,,,,,,,,,,,,-21.66,0.968284
,,,,,,,,,,,,,,,,,,,,,,,-21.67,0.968271
,,,,,,,,,,,,,,,,,,,,,,,-21.68,0.968257
,,,,,,,,,,,,,,,,,,,,,,,-21.69,0.968244
,,,,,,,,,,,,,,,,,,,,,,,-21.7,0.96823
,,,,,,,,,,,,,,,,,,,,,,,-21.71,0.968217
,,,,,,,,,,,,,,,,,,,,,,,-21.72,0.968204
,,,,,,,,,,,,,,,,,,,,,,,-21.73,0.96819
,,,,,,,,,,,,,,,,,,,,,,,-21.74,0.968177
,,,,,,,,,,,,,,,,,,,,,,,-21.75,0.968164
,,,,,,,,,,,,,,,,,,,,,,,-21.76,0.96815
,,,,,,,,,,,,,,,,,,,,,,,-21.77,0.968137
,,,,,,,,,,,,,,,,,,,,,,,-21.78,0.968124
,,,,,,,,,,,,,,,,,,,,,,,-21.79,0.96811
,,,,,,,,,,,,,,,,,,,,,,,-21.8,0.968097
,,,,,,,,,,,,,,,,,,,,,,,-21.81,0.968084
,,,,,,,,,,,,,,,,,,,,,,,-21.82,0.968071
,,,,,,,,,,,,,,,,,,,,,,,-21.83,0.968057
,,,,,,,,,,,,,,,,,,,,,,,-21.84,0.968044
,,,,,,,,,,,,,,,,,,,,,,,-21.85,0.968031
,,,,,,,,,,,,,,,,,,,,,,,-21.86,0.968018
,,,,,,,,,,,,,,,,,,,,,,,-21.87,0.968004
,,,,,,,,,,,,,,,,,,,,,,,-21.88,0.967991
,,,,,,,,,,,,,,,,,,,,,,,-21.89,0.967978
,,,,,,,,,,,,,,,,,,,,,,,-21.9,0.967965
,,,,,,,,,,,,,,,,,,,,,,,-21.91,0.967952
,,,,,,,,,,,,,,,,,,,,,,,-21.92,0.967939
,,,,,,,,,,,,,,,,,,,,,,,-21.93,0.967926
,,,,,,,,,,,,,,,,,,,,,,,-21.94,0.967912
,,,,,,,,,,,,,,,,,,,,,,,-21.95,0.967899
,,,,,,,,,,,,,,,,,,,,,,,-21.96,0.967886
,,,,,,,,,,,,,,,,,,,,,,,-21.97,0.967873
,,,,,,,,,,,,,,,,,,,,,,,-21.98,0.96786
,,,,,,,,,,,,,,,,,,,,,,,-21.99,0.967847
,,,,,,,,,,,,,,,,,,,,,,,-22,0.967834
,,,,,,,,,,,,,,,,,,,,,,,-22.01,0.967821
,,,,,,,,,,,,,,,,,,,,,,,-22.02,0.967808
,,,,,,,,,,,,,,,,,,,,,,,-22.03,0.967795
,,,,,,,,,,,,,,,,,,,,,,,-22.04,0.967782
,,,,,,,,,,,,,,,,,,,,,,,-22.05,0.967769
,,,,,,,,,,,,,,,,,,,,,,,-22.06,0.967756
,,,,,,,,,,,,,,,,,,,,,,,-22.07,0.967743
,,,,,,,,,,,,,,,,,,,,,,,-22.08,0.96773
,,,,,,,,,,,,,,,,,,,,,,,-22.09,0.967717
,,,,,,,,,,,,,,,,,,,,,,,-22.1,0.967704
,,,,,,,,,,,,,,,,,,,,,,,-22.11,0.967692
,,,,,,,,,,,,,,,,,,,,,,,-22.12,0.967679
,,,,,,,,,,,,,,,,,,,,,,,-22.13,0.967666
,,,,,,,,,,,,,,,,,,,,,,,-22.14,0.967653
,,,,,,,,,,,,,,,,,,,,,,,-22.15,0.96764
,,,,,,,,,,,,,,,,,,,,,,,-22.16,0.967627
,,,,,,,,,,,,,,,,,,,,,,,-22.17,0.967614
,,,,,,,,,,,,,,,,,,,,,,,-22.18,0.967602
,,,,,,,,,,,,,,,,,,,,,,,-22.19,0.967589
,,,,,,,,,,,,,,,,,,,,,,,-22.2,0.967576
,,,,,,,,,,,,,,,,,,,,,,,-22.21,0.967563
,,,,,,,,,,,,,,,,,,,,,,,-22.22,0.96755
,,,,,,,,,,,,,,,,,,,,,,,-22.23,0.967538
,,,,,,,,,,,,,,,,,,,,,,,-22.24,0.967525
,,,,,,,,,,,,,,,,,,,,,,,-22.25,0.967512
,,,,,,,,,,,,,,,,,,,,,,,-22.26,0.967499
,,,,,,,,,,,,,,,,,,,,,,,-22.27,0.967487
,,,,,,,,,,,,,,,,,,,,,,,-22.28,0.967474
,,,,,,,,,,,,,,,,,,,,,,,-22.29,0.967461
,,,,,,,,,,,,,,,,,,,,,,,-22.3,0.967449
,,,,,,,,,,,,,,,,,,,,,,,-22.31,0.967436
,,,,,,,,,,,,,,,,,,,,,,,-22.32,0.967423
,,,,,,,,,,,,,,,,,,,,,,,-22.33,0.967411
,,,,,,,,,,,,,,,,,,,,,,,-22.34,0.967398
,,,,,,,,,,,,,,,,,,,,,,,-22.35,0.967386
,,,,,,,,,,,,,,,,,,,,,,,-22.36,0.967373
,,,,,,,,,,,,,,,,,,,,,,,-22.37,0.96736
,,,,,,,,,,,,,,,,,,,,,,,-22.38,0.967348
,,,,,,,,,,,,,,,,,,,,,,,-22.39,0.967335
,,,,,,,,,,,,,,,,,,,,,,,-22.4,0.967323
,,,,,,,,,,,,,,,,,,,,,,,-22.41,0.96731
,,,,,,,,,,,,,,,,,,,,,,,-22.42,0.967298
,,,,,,,,,,,,,,,,,,,,,,,-22.43,0.967285
,,,,,,,,,,,,,,,,,,,,,,,-22.44,0.967273
,,,,,,,,,,,,,,,,,,,,,,,-22.45,0.96726
,,,,,,,,,,,,,,,,,,,,,,,-22.46,0.967247
,,,,,,,,,,,,,,,,,,,,,,,-22.47,0.967235
,,,,,,,,,,,,,,,,,,,,,,,-22.48,0.967223
,,,,,,,,,,,,,,,,,,,,,,,-22.49,0.96721
,,,,,,,,,,,,,,,,,,,,,,,-22.5,0.967198
,,,,,,,,,,,,,,,,,,,,,,,-22.51,0.967185
,,,,,,,,,,,,,,,,,,,,,,,-22.52,0.967173
,,,,,,,,,,,,,,,,,,,,,,,-22.53,0.96716
,,,,,,,,,,,,,,,,,,,,,,,-22.54,0.967148
,,,,,,,,,,,,,,,,,,,,,,,-22.55,0.967136
,,,,,,,,,,,,,,,,,,,,,,,-22.56,0.967123
,,,,,,,,,,,,,,,,,,,,,,,-22.57,0.967111
,,,,,,,,,,,,,,,,,,,,,,,-22.58,0.967098
,,,,,,,,,,,,,,,,,,,,,,,-22.59,0.967086
,,,,,,,,,,,,,,,,,,,,,,,-22.6,0.967074
,,,,,,,,,,,,,,,,,,,,,,,-22.61,0.967062
,,,,,,,,,,,,,,,,,,,,,,,-22.62,0.967049
,,,,,,,,,,,,,,,,,,,,,,,-22.63,0.967037
,,,,,,,,,,,,,,,,,,,,,,,-22.64,0.967025
,,,,,,,,,,,,,,,,,,,,,,,-22.65,0.967012
,,,,,,,,,,,,,,,,,,,,,,,-22.66,0.967
,,,,,,,,,,,,,,,,,,,,,,,-22.67,0.966988
,,,,,,,,,,,,,,,,,,,,,,,-22.68,0.966976
,,,,,,,,,,,,,,,,,,,,,,,-22.69,0.966963
,,,,,,,,,,,,,,,,,,,,,,,-22.7,0.966951
,,,,,,,,,,,,,,,,,,,,,,,-22.71,0.966939
,,,,,,,,,,,,,,,,,,,,,,,-22.72,0.966927
,,,,,,,,,,,,,,,,,,,,,,,-22.73,0.966915
,,,,,,,,,,,,,,,,,,,,,,,-22.74,0.966902
,,,,,,,,,,,,,,,,,,,,,,,-22.75,0.96689
,,,,,,,,,,,,,,,,,,,,,,,-22.76,0.966878
,,,,,,,,,,,,,,,,,,,,,,,-22.77,0.966866
,,,,,,,,,,,,,,,,,,,,,,,-22.78,0.966854
,,,,,,,,,,,,,,,,,,,,,,,-22.79,0.966842
,,,,,,,,,,,,,,,,,,,,,,,-22.8,0.966829
,,,,,,,,,,,,,,,,,,,,,,,-22.81,0.966817
,,,,,,,,,,,,,,,,,,,,,,,-22.82,0.966805
,,,,,,,,,,,,,,,,,,,,,,,-22.83,0.966793
,,,,,,,,,,,,,,,,,,,,,,,-22.84,0.966781
,,,,,,,,,,,,,,,,,,,,,,,-22.85,0.966769
,,,,,,,,,,,,,,,,,,,,,,,-22.86,0.966757
,,,,,,,,,,,,,,,,,,,,,,,-22.87,0.966745
,,,,,,,,,,,,,,,,,,,,,,,-22.88,0.966733
,,,,,,,,,,,,,,,,,,,,,,,-22.89,0.966721
,,,,,,,,,,,,,,,,,,,,,,,-22.9,0.966709
,,,,,,,,,,,,,,,,,,,,,,,-22.91,0.966697
,,,,,,,,,,,,,,,,,,,,,,,-22.92,0.966685
,,,,,,,,,,,,,,,,,,,,,,,-22.93,0.966673
,,,,,,,,,,,,,,,,,,,,,,,-22.94,0.966661
,,,,,,,,,,,,,,,,,,,,,,,-22.95,0.966649
,,,,,,,,,,,,,,,,,,,,,,,-22.96,0.966637
,,,,,,,,,,,,,,,,,,,,,,,-22.97,0.966625
,,,,,,,,,,,,,,,,,,,,,,,-22.98,0.966613
,,,,,,,,,,,,,,,,,,,,,,,-22.99,0.966601
,,,,,,,,,,,,,,,,,,,,,,,-23,0.96659
,,,,,,,,,,,,,,,,,,,,,,,-23.01,0.966578
,,,,,,,,,,,,,,,,,,,,,,,-23.02,0.966566
,,,,,,,,,,,,,,,,,,,,,,,-23.03,0.966554
,,,,,,,,,,,,,,,,,,,,,,,-23.04,0.966542
,,,,,,,,,,,,,,,,,,,,,,,-23.05,0.96653
,,,,,,,,,,,,,,,,,,,,,,,-23.06,0.966518
,,,,,,,,,,,,,,,,,,,,,,,-23.07,0.966507
,,,,,,,,,,,,,,,,,,,,,,,-23.08,0.966495
,,,,,,,,,,,,,,,,,,,,,,,-23.09,0.966483
,,,,,,,,,,,,,,,,,,,,,,,-23.1,0.966471
,,,,,,,,,,,,,,,,,,,,,,,-23.11,0.966459
,,,,,,,,,,,,,,,,,,,,,,,-23.12,0.966448
,,,,,,,,,,,,,,,,,,,,,,,-23.13,0.966436
,,,,,,,,,,,,,,,,,,,,,,,-23.14,0.966424
,,,,,,,,,,,,,,,,,,,,,,,-23.15,0.966412
,,,,,,,,,,,,,,,,,,,,,,,-23.16,0.966401
,,,,,,,,,,,,,,,,,,,,,,,-23.17,0.966389
,,,,,,,,,,,,,,,,,,,,,,,-23.18,0.966377
,,,,,,,,,,,,,,,,,,,,,,,-23.19,0.966366
,,,,,,,,,,,,,,,,,,,,,,,-23.2,0.966354
,,,,,,,,,,,,,,,,,,,,,,,-23.21,0.966342
,,,,,,,,,,,,,,,,,,,,,,,-23.22,0.96633
,,,,,,,,,,,,,,,,,,,,,,,-23.23,0.966319
,,,,,,,,,,,,,,,,,,,,,,,-23.24,0.966307
,,,,,,,,,,,,,,,,,,,,,,,-23.25,0.966296
,,,,,,,,,,,,,,,,,,,,,,,-23.26,0.966284
,,,,,,,,,,,,,,,,,,,,,,,-23.27,0.966272
,,,,,,,,,,,,,,,,,,,,,,,-23.28,0.966261
,,,,,,,,,,,,,,,,,,,,,,,-23.29,0.966249
,,,,,,,,,,,,,,,,,,,,,,,-23.3,0.966237
,,,,,,,,,,,,,,,,,,,,,,,-23.31,0.966226
,,,,,,,,,,,,,,,,,,,,,,,-23.32,0.966214
,,,,,,,,,,,,,,,,,,,,,,,-23.33,0.966203
,,,,,,,,,,,,,,,,,,,,,,,-23.34,0.966191
,,,,,,,,,,,,,,,,,,,,,,,-23.35,0.96618
,,,,,,,,,,,,,,,,,,,,,,,-23.36,0.966168
,,,,,,,,,,,,,,,,,,,,,,,-23.37,0.966157
,,,,,,,,,,,,,,,,,,,,,,,-23.38,0.966145
,,,,,,,,,,,,,,,,,,,,,,,-23.39,0.966134
,,,,,,,,,,,,,,,,,,,,,,,-23.4,0.966122
,,,,,,,,,,,,,,,,,,,,,,,-23.41,0.966111
,,,,,,,,,,,,,,,,,,,,,,,-23.42,0.966099
,,,,,,,,,,,,,,,,,,,,,,,-23.43,0.966088
,,,,,,,,,,,,,,,,,,,,,,,-23.44,0.966076
,,,,,,,,,,,,,,,,,,,,,,,-23.45,0.966065
,,,,,,,,,,,,,,,,,,,,,,,-23.46,0.966053
,,,,,,,,,,,,,,,,,,,,,,,-23.47,0.966042
,,,,,,,,,,,,,,,,,,,,,,,-23.48,0.966031
,,,,,,,,,,,,,,,,,,,,,,,-23.49,0.966019
,,,,,,,,,,,,,,,,,,,,,,,-23.5,0.966008
,,,,,,,,,,,,,,,,,,,,,,,-23.51,0.965997
,,,,,,,,,,,,,,,,,,,,,,,-23.52,0.965985
,,,,,,,,,,,,,,,,,,,,,,,-23.53,0.965974
,,,,,,,,,,,,,,,,,,,,,,,-23.54,0.965962
,,,,,,,,,,,,,,,,,,,,,,,-23.55,0.965951
,,,,,,,,,,,,,,,,,,,,,,,-23.56,0.96594
,,,,,,,,,,,,,,,,,,,,,,,-23.57,0.965928
,,,,,,,,,,,,,,,,,,,,,,,-23.58,0.965917
,,,,,,,,,,,,,,,,,,,,,,,-23.59,0.965906
,,,,,,,,,,,,,,,,,,,,,,,-23.6,0.965895
,,,,,,,,,,,,,,,,,,,,,,,-23.61,0.965883
,,,,,,,,,,,,,,,,,,,,,,,-23.62,0.965872
,,,,,,,,,,,,,,,,,,,,,,,-23.63,0.965861
,,,,,,,,,,,,,,,,,,,,,,,-23.64,0.96585
,,,,,,,,,,,,,,,,,,,,,,,-23.65,0.965838
,,,,,,,,,,,,,,,,,,,,,,,-23.66,0.965827
,,,,,,,,,,,,,,,,,,,,,,,-23.67,0.965816
,,,,,,,,,,,,,,,,,,,,,,,-23.68,0.965805
,,,,,,,,,,,,,,,,,,,,,,,-23.69,0.965793
,,,,,,,,,,,,,,,,,,,,,,,-23.7,0.965782
,,,,,,,,,,,,,,,,,,,,,,,-23.71,0.965771
,,,,,,,,,,,,,,,,,,,,,,,-23.72,0.96576
,,,,,,,,,,,,,,,,,,,,,,,-23.73,0.965749
,,,,,,,,,,,,,,,,,,,,,,,-23.74,0.965738
,,,,,,,,,,,,,,,,,,,,,,,-23.75,0.965726
,,,,,,,,,,,,,,,,,,,,,,,-23.76,0.965715
,,,,,,,,,,,,,,,,,,,,,,,-23.77,0.965704
,,,,,,,,,,,,,,,,,,,,,,,-23.78,0.965693
,,,,,,,,,,,,,,,,,,,,,,,-23.79,0.965682
,,,,,,,,,,,,,,,,,,,,,,,-23.8,0.965671
,,,,,,,,,,,,,,,,,,,,,,,-23.81,0.96566
,,,,,,,,,,,,,,,,,,,,,,,-23.82,0.965649
,,,,,,,,,,,,,,,,,,,,,,,-23.83,0.965638
,,,,,,,,,,,,,,,,,,,,,,,-23.84,0.965627
,,,,,,,,,,,,,,,,,,,,,,,-23.85,0.965616
,,,,,,,,,,,,,,,,,,,,,,,-23.86,0.965605
,,,,,,,,,,,,,,,,,,,,,,,-23.87,0.965594
,,,,,,,,,,,,,,,,,,,,,,,-23.88,0.965582
,,,,,,,,,,,,,,,,,,,,,,,-23.89,0.965572
,,,,,,,,,,,,,,,,,,,,,,,-23.9,0.96556
,,,,,,,,,,,,,,,,,,,,,,,-23.91,0.96555
,,,,,,,,,,,,,,,,,,,,,,,-23.92,0.965539
,,,,,,,,,,,,,,,,,,,,,,,-23.93,0.965528
,,,,,,,,,,,,,,,,,,,,,,,-23.94,0.965517
,,,,,,,,,,,,,,,,,,,,,,,-23.95,0.965506
,,,,,,,,,,,,,,,,,,,,,,,-23.96,0.965495
,,,,,,,,,,,,,,,,,,,,,,,-23.97,0.965484
,,,,,,,,,,,,,,,,,,,,,,,-23.98,0.965473
,,,,,,,,,,,,,,,,,,,,,,,-23.99,0.965462
,,,,,,,,,,,,,,,,,,,,,,,-24,0.965451
,,,,,,,,,,,,,,,,,,,,,,,-24.01,0.96544
,,,,,,,,,,,,,,,,,,,,,,,-24.02,0.965429
,,,,,,,,,,,,,,,,,,,,,,,-24.03,0.965418
,,,,,,,,,,,,,,,,,,,,,,,-24.04,0.965408
,,,,,,,,,,,,,,,,,,,,,,,-24.05,0.965397
,,,,,,,,,,,,,,,,,,,,,,,-24.06,0.965386
,,,,,,,,,,,,,,,,,,,,,,,-24.07,0.965375
,,,,,,,,,,,,,,,,,,,,,,,-24.08,0.965364
,,,,,,,,,,,,,,,,,,,,,,,-24.09,0.965353
,,,,,,,,,,,,,,,,,,,,,,,-24.1,0.965343
,,,,,,,,,,,,,,,,,,,,,,,-24.11,0.965332
,,,,,,,,,,,,,,,,,,,,,,,-24.12,0.965321
,,,,,,,,,,,,,,,,,,,,,,,-24.13,0.96531
,,,,,,,,,,,,,,,,,,,,,,,-24.14,0.965299
,,,,,,,,,,,,,,,,,,,,,,,-24.15,0.965289
,,,,,,,,,,,,,,,,,,,,,,,-24.16,0.965278
,,,,,,,,,,,,,,,,,,,,,,,-24.17,0.965267
,,,,,,,,,,,,,,,,,,,,,,,-24.18,0.965256
,,,,,,,,,,,,,,,,,,,,,,,-24.19,0.965246
,,,,,,,,,,,,,,,,,,,,,,,-24.2,0.965235
,,,,,,,,,,,,,,,,,,,,,,,-24.21,0.965224
,,,,,,,,,,,,,,,,,,,,,,,-24.22,0.965213
,,,,,,,,,,,,,,,,,,,,,,,-24.23,0.965203
,,,,,,,,,,,,,,,,,,,,,,,-24.24,0.965192
,,,,,,,,,,,,,,,,,,,,,,,-24.25,0.965181
,,,,,,,,,,,,,,,,,,,,,,,-24.26,0.965171
,,,,,,,,,,,,,,,,,,,,,,,-24.27,0.96516
,,,,,,,,,,,,,,,,,,,,,,,-24.28,0.965149
,,,,,,,,,,,,,,,,,,,,,,,-24.29,0.965139
,,,,,,,,,,,,,,,,,,,,,,,-24.3,0.965128
,,,,,,,,,,,,,,,,,,,,,,,-24.31,0.965118
,,,,,,,,,,,,,,,,,,,,,,,-24.32,0.965107
,,,,,,,,,,,,,,,,,,,,,,,-24.33,0.965096
,,,,,,,,,,,,,,,,,,,,,,,-24.34,0.965086
,,,,,,,,,,,,,,,,,,,,,,,-24.35,0.965075
,,,,,,,,,,,,,,,,,,,,,,,-24.36,0.965065
,,,,,,,,,,,,,,,,,,,,,,,-24.37,0.965054
,,,,,,,,,,,,,,,,,,,,,,,-24.38,0.965043
,,,,,,,,,,,,,,,,,,,,,,,-24.39,0.965033
,,,,,,,,,,,,,,,,,,,,,,,-24.4,0.965022
,,,,,,,,,,,,,,,,,,,,,,,-24.41,0.965012
,,,,,,,,,,,,,,,,,,,,,,,-24.42,0.965001
,,,,,,,,,,,,,,,,,,,,,,,-24.43,0.964991
,,,,,,,,,,,,,,,,,,,,,,,-24.44,0.96498
,,,,,,,,,,,,,,,,,,,,,,,-24.45,0.96497
,,,,,,,,,,,,,,,,,,,,,,,-24.46,0.964959
,,,,,,,,,,,,,,,,,,,,,,,-24.47,0.964949
,,,,,,,,,,,,,,,,,,,,,,,-24.48,0.964938
,,,,,,,,,,,,,,,,,,,,,,,-24.49,0.964928
,,,,,,,,,,,,,,,,,,,,,,,-24.5,0.964917
,,,,,,,,,,,,,,,,,,,,,,,-24.51,0.964907
,,,,,,,,,,,,,,,,,,,,,,,-24.52,0.964897
,,,,,,,,,,,,,,,,,,,,,,,-24.53,0.964886
,,,,,,,,,,,,,,,,,,,,,,,-24.54,0.964876
,,,,,,,,,,,,,,,,,,,,,,,-24.55,0.964865
,,,,,,,,,,,,,,,,,,,,,,,-24.56,0.964855
,,,,,,,,,,,,,,,,,,,,,,,-24.57,0.964844
,,,,,,,,,,,,,,,,,,,,,,,-24.58,0.964834
,,,,,,,,,,,,,,,,,,,,,,,-24.59,0.964824
,,,,,,,,,,,,,,,,,,,,,,,-24.6,0.964813
,,,,,,,,,,,,,,,,,,,,,,,-24.61,0.964803
,,,,,,,,,,,,,,,,,,,,,,,-24.62,0.964793
,,,,,,,,,,,,,,,,,,,,,,,-24.63,0.964782
,,,,,,,,,,,,,,,,,,,,,,,-24.64,0.964772
,,,,,,,,,,,,,,,,,,,,,,,-24.65,0.964762
,,,,,,,,,,,,,,,,,,,,,,,-24.66,0.964751
,,,,,,,,,,,,,,,,,,,,,,,-24.67,0.964741
,,,,,,,,,,,,,,,,,,,,,,,-24.68,0.964731
,,,,,,,,,,,,,,,,,,,,,,,-24.69,0.96472
,,,,,,,,,,,,,,,,,,,,,,,-24.7,0.96471
,,,,,,,,,,,,,,,,,,,,,,,-24.71,0.9647
,,,,,,,,,,,,,,,,,,,,,,,-24.72,0.96469
,,,,,,,,,,,,,,,,,,,,,,,-24.73,0.964679
,,,,,,,,,,,,,,,,,,,,,,,-24.74,0.964669
,,,,,,,,,,,,,,,,,,,,,,,-24.75,0.964659
,,,,,,,,,,,,,,,,,,,,,,,-24.76,0.964649
,,,,,,,,,,,,,,,,,,,,,,,-24.77,0.964638
,,,,,,,,,,,,,,,,,,,,,,,-24.78,0.964628
,,,,,,,,,,,,,,,,,,,,,,,-24.79,0.964618
,,,,,,,,,,,,,,,,,,,,,,,-24.8,0.964608
,,,,,,,,,,,,,,,,,,,,,,,-24.81,0.964598
,,,,,,,,,,,,,,,,,,,,,,,-24.82,0.964587
,,,,,,,,,,,,,,,,,,,,,,,-24.83,0.964577
,,,,,,,,,,,,,,,,,,,,,,,-24.84,0.964567
,,,,,,,,,,,,,,,,,,,,,,,-24.85,0.964557
,,,,,,,,,,,,,,,,,,,,,,,-24.86,0.964547
,,,,,,,,,,,,,,,,,,,,,,,-24.87,0.964537
,,,,,,,,,,,,,,,,,,,,,,,-24.88,0.964527
,,,,,,,,,,,,,,,,,,,,,,,-24.89,0.964516
,,,,,,,,,,,,,,,,,,,,,,,-24.9,0.964506
,,,,,,,,,,,,,,,,,,,,,,,-24.91,0.964496
,,,,,,,,,,,,,,,,,,,,,,,-24.92,0.964486
,,,,,,,,,,,,,,,,,,,,,,,-24.93,0.964476
,,,,,,,,,,,,,,,,,,,,,,,-24.94,0.964466
,,,,,,,,,,,,,,,,,,,,,,,-24.95,0.964456
,,,,,,,,,,,,,,,,,,,,,,,-24.96,0.964446
,,,,,,,,,,,,,,,,,,,,,,,-24.97,0.964436
,,,,,,,,,,,,,,,,,,,,,,,-24.98,0.964426
,,,,,,,,,,,,,,,,,,,,,,,-24.99,0.964416
,,,,,,,,,,,,,,,,,,,,,,,-25,0.964406
,,,,,,,,,,,,,,,,,,,,,,,-25.01,0.964396
,,,,,,,,,,,,,,,,,,,,,,,-25.02,0.964386
,,,,,,,,,,,,,,,,,,,,,,,-25.03,0.964376
,,,,,,,,,,,,,,,,,,,,,,,-25.04,0.964366
,,,,,,,,,,,,,,,,,,,,,,,-25.05,0.964356
,,,,,,,,,,,,,,,,,,,,,,,-25.06,0.964346
,,,,,,,,,,,,,,,,,,,,,,,-25.07,0.964336
,,,,,,,,,,,,,,,,,,,,,,,-25.08,0.964326
,,,,,,,,,,,,,,,,,,,,,,,-25.09,0.964316
,,,,,,,,,,,,,,,,,,,,,,,-25.1,0.964306
,,,,,,,,,,,,,,,,,,,,,,,-25.11,0.964296
,,,,,,,,,,,,,,,,,,,,,,,-25.12,0.964286
,,,,,,,,,,,,,,,,,,,,,,,-25.13,0.964276
,,,,,,,,,,,,,,,,,,,,,,,-25.14,0.964266
,,,,,,,,,,,,,,,,,,,,,,,-25.15,0.964256
,,,,,,,,,,,,,,,,,,,,,,,-25.16,0.964246
,,,,,,,,,,,,,,,,,,,,,,,-25.17,0.964236
,,,,,,,,,,,,,,,,,,,,,,,-25.18,0.964226
,,,,,,,,,,,,,,,,,,,,,,,-25.19,0.964217
,,,,,,,,,,,,,,,,,,,,,,,-25.2,0.964207
,,,,,,,,,,,,,,,,,,,,,,,-25.21,0.964197
,,,,,,,,,,,,,,,,,,,,,,,-25.22,0.964187
,,,,,,,,,,,,,,,,,,,,,,,-25.23,0.964177
,,,,,,,,,,,,,,,,,,,,,,,-25.24,0.964167
,,,,,,,,,,,,,,,,,,,,,,,-25.25,0.964157
,,,,,,,,,,,,,,,,,,,,,,,-25.26,0.964148
,,,,,,,,,,,,,,,,,,,,,,,-25.27,0.964138
,,,,,,,,,,,,,,,,,,,,,,,-25.28,0.964128
,,,,,,,,,,,,,,,,,,,,,,,-25.29,0.964118
,,,,,,,,,,,,,,,,,,,,,,,-25.3,0.964108
,,,,,,,,,,,,,,,,,,,,,,,-25.31,0.964099
,,,,,,,,,,,,,,,,,,,,,,,-25.32,0.964089
,,,,,,,,,,,,,,,,,,,,,,,-25.33,0.964079
,,,,,,,,,,,,,,,,,,,,,,,-25.34,0.964069
,,,,,,,,,,,,,,,,,,,,,,,-25.35,0.96406
,,,,,,,,,,,,,,,,,,,,,,,-25.36,0.96405
,,,,,,,,,,,,,,,,,,,,,,,-25.37,0.96404
,,,,,,,,,,,,,,,,,,,,,,,-25.38,0.96403
,,,,,,,,,,,,,,,,,,,,,,,-25.39,0.964021
,,,,,,,,,,,,,,,,,,,,,,,-25.4,0.964011
,,,,,,,,,,,,,,,,,,,,,,,-25.41,0.964001
,,,,,,,,,,,,,,,,,,,,,,,-25.42,0.963992
,,,,,,,,,,,,,,,,,,,,,,,-25.43,0.963982
,,,,,,,,,,,,,,,,,,,,,,,-25.44,0.963972
,,,,,,,,,,,,,,,,,,,,,,,-25.45,0.963963
,,,,,,,,,,,,,,,,,,,,,,,-25.46,0.963953
,,,,,,,,,,,,,,,,,,,,,,,-25.47,0.963943
,,,,,,,,,,,,,,,,,,,,,,,-25.48,0.963934
,,,,,,,,,,,,,,,,,,,,,,,-25.49,0.963924
,,,,,,,,,,,,,,,,,,,,,,,-25.5,0.963914
,,,,,,,,,,,,,,,,,,,,,,,-25.51,0.963905
,,,,,,,,,,,,,,,,,,,,,,,-25.52,0.963895
,,,,,,,,,,,,,,,,,,,,,,,-25.53,0.963885
,,,,,,,,,,,,,,,,,,,,,,,-25.54,0.963876
,,,,,,,,,,,,,,,,,,,,,,,-25.55,0.963866
,,,,,,,,,,,,,,,,,,,,,,,-25.56,0.963857
,,,,,,,,,,,,,,,,,,,,,,,-25.57,0.963847
,,,,,,,,,,,,,,,,,,,,,,,-25.58,0.963838
,,,,,,,,,,,,,,,,,,,,,,,-25.59,0.963828
,,,,,,,,,,,,,,,,,,,,,,,-25.6,0.963818
,,,,,,,,,,,,,,,,,,,,,,,-25.61,0.963809
,,,,,,,,,,,,,,,,,,,,,,,-25.62,0.963799
,,,,,,,,,,,,,,,,,,,,,,,-25.63,0.96379
,,,,,,,,,,,,,,,,,,,,,,,-25.64,0.96378
,,,,,,,,,,,,,,,,,,,,,,,-25.65,0.963771
,,,,,,,,,,,,,,,,,,,,,,,-25.66,0.963761
,,,,,,,,,,,,,,,,,,,,,,,-25.67,0.963752
,,,,,,,,,,,,,,,,,,,,,,,-25.68,0.963742
,,,,,,,,,,,,,,,,,,,,,,,-25.69,0.963733
,,,,,,,,,,,,,,,,,,,,,,,-25.7,0.963723
,,,,,,,,,,,,,,,,,,,,,,,-25.71,0.963714
,,,,,,,,,,,,,,,,,,,,,,,-25.72,0.963704
,,,,,,,,,,,,,,,,,,,,,,,-25.73,0.963695
,,,,,,,,,,,,,,,,,,,,,,,-25.74,0.963685
,,,,,,,,,,,,,,,,,,,,,,,-25.75,0.963676
,,,,,,,,,,,,,,,,,,,,,,,-25.76,0.963666
,,,,,,,,,,,,,,,,,,,,,,,-25.77,0.963657
,,,,,,,,,,,,,,,,,,,,,,,-25.78,0.963648
,,,,,,,,,,,,,,,,,,,,,,,-25.79,0.963638
,,,,,,,,,,,,,,,,,,,,,,,-25.8,0.963629
,,,,,,,,,,,,,,,,,,,,,,,-25.81,0.963619
,,,,,,,,,,,,,,,,,,,,,,,-25.82,0.96361
,,,,,,,,,,,,,,,,,,,,,,,-25.83,0.963601
,,,,,,,,,,,,,,,,,,,,,,,-25.84,0.963591
,,,,,,,,,,,,,,,,,,,,,,,-25.85,0.963582
,,,,,,,,,,,,,,,,,,,,,,,-25.86,0.963573
,,,,,,,,,,,,,,,,,,,,,,,-25.87,0.963563
,,,,,,,,,,,,,,,,,,,,,,,-25.88,0.963554
,,,,,,,,,,,,,,,,,,,,,,,-25.89,0.963545
,,,,,,,,,,,,,,,,,,,,,,,-25.9,0.963535
,,,,,,,,,,,,,,,,,,,,,,,-25.91,0.963526
,,,,,,,,,,,,,,,,,,,,,,,-25.92,0.963517
,,,,,,,,,,,,,,,,,,,,,,,-25.93,0.963507
,,,,,,,,,,,,,,,,,,,,,,,-25.94,0.963498
,,,,,,,,,,,,,,,,,,,,,,,-25.95,0.963489
,,,,,,,,,,,,,,,,,,,,,,,-25.96,0.963479
,,,,,,,,,,,,,,,,,,,,,,,-25.97,0.96347
,,,,,,,,,,,,,,,,,,,,,,,-25.98,0.963461
,,,,,,,,,,,,,,,,,,,,,,,-25.99,0.963452
,,,,,,,,,,,,,,,,,,,,,,,-26,0.963442
,,,,,,,,,,,,,,,,,,,,,,,-26.01,0.963433
,,,,,,,,,,,,,,,,,,,,,,,-26.02,0.963424
,,,,,,,,,,,,,,,,,,,,,,,-26.03,0.963415
,,,,,,,,,,,,,,,,,,,,,,,-26.04,0.963405
,,,,,,,,,,,,,,,,,,,,,,,-26.05,0.963396
,,,,,,,,,,,,,,,,,,,,,,,-26.06,0.963387
,,,,,,,,,,,,,,,,,,,,,,,-26.07,0.963378
,,,,,,,,,,,,,,,,,,,,,,,-26.08,0.963368
,,,,,,,,,,,,,,,,,,,,,,,-26.09,0.963359
,,,,,,,,,,,,,,,,,,,,,,,-26.1,0.96335
,,,,,,,,,,,,,,,,,,,,,,,-26.11,0.963341
,,,,,,,,,,,,,,,,,,,,,,,-26.12,0.963332
,,,,,,,,,,,,,,,,,,,,,,,-26.13,0.963323
,,,,,,,,,,,,,,,,,,,,,,,-26.14,0.963313
,,,,,,,,,,,,,,,,,,,,,,,-26.15,0.963304
,,,,,,,,,,,,,,,,,,,,,,,-26.16,0.963295
,,,,,,,,,,,,,,,,,,,,,,,-26.17,0.963286
,,,,,,,,,,,,,,,,,,,,,,,-26.18,0.963277
,,,,,,,,,,,,,,,,,,,,,,,-26.19,0.963268
,,,,,,,,,,,,,,,,,,,,,,,-26.2,0.963259
,,,,,,,,,,,,,,,,,,,,,,,-26.21,0.96325
,,,,,,,,,,,,,,,,,,,,,,,-26.22,0.96324
,,,,,,,,,,,,,,,,,,,,,,,-26.23,0.963231
,,,,,,,,,,,,,,,,,,,,,,,-26.24,0.963222
,,,,,,,,,,,,,,,,,,,,,,,-26.25,0.963213
,,,,,,,,,,,,,,,,,,,,,,,-26.26,0.963204
,,,,,,,,,,,,,,,,,,,,,,,-26.27,0.963195
,,,,,,,,,,,,,,,,,,,,,,,-26.28,0.963186
,,,,,,,,,,,,,,,,,,,,,,,-26.29,0.963177
,,,,,,,,,,,,,,,,,,,,,,,-26.3,0.963168
,,,,,,,,,,,,,,,,,,,,,,,-26.31,0.963159
,,,,,,,,,,,,,,,,,,,,,,,-26.32,0.96315
,,,,,,,,,,,,,,,,,,,,,,,-26.33,0.963141
,,,,,,,,,,,,,,,,,,,,,,,-26.34,0.963132
,,,,,,,,,,,,,,,,,,,,,,,-26.35,0.963123
,,,,,,,,,,,,,,,,,,,,,,,-26.36,0.963114
,,,,,,,,,,,,,,,,,,,,,,,-26.37,0.963105
,,,,,,,,,,,,,,,,,,,,,,,-26.38,0.963096
,,,,,,,,,,,,,,,,,,,,,,,-26.39,0.963087
,,,,,,,,,,,,,,,,,,,,,,,-26.4,0.963078
,,,,,,,,,,,,,,,,,,,,,,,-26.41,0.963069
,,,,,,,,,,,,,,,,,,,,,,,-26.42,0.96306
,,,,,,,,,,,,,,,,,,,,,,,-26.43,0.963051
,,,,,,,,,,,,,,,,,,,,,,,-26.44,0.963042
,,,,,,,,,,,,,,,,,,,,,,,-26.45,0.963033
,,,,,,,,,,,,,,,,,,,,,,,-26.46,0.963024
,,,,,,,,,,,,,,,,,,,,,,,-26.47,0.963015
,,,,,,,,,,,,,,,,,,,,,,,-26.48,0.963006
,,,,,,,,,,,,,,,,,,,,,,,-26.49,0.962997
,,,,,,,,,,,,,,,,,,,,,,,-26.5,0.962988
,,,,,,,,,,,,,,,,,,,,,,,-26.51,0.96298
,,,,,,,,,,,,,,,,,,,,,,,-26.52,0.962971
,,,,,,,,,,,,,,,,,,,,,,,-26.53,0.962962
,,,,,,,,,,,,,,,,,,,,,,,-26.54,0.962953
,,,,,,,,,,,,,,,,,,,,,,,-26.55,0.962944
,,,,,,,,,,,,,,,,,,,,,,,-26.56,0.962935
,,,,,,,,,,,,,,,,,,,,,,,-26.57,0.962926
,,,,,,,,,,,,,,,,,,,,,,,-26.58,0.962917
,,,,,,,,,,,,,,,,,,,,,,,-26.59,0.962909
,,,,,,,,,,,,,,,,,,,,,,,-26.6,0.9629
,,,,,,,,,,,,,,,,,,,,,,,-26.61,0.962891
,,,,,,,,,,,,,,,,,,,,,,,-26.62,0.962882
,,,,,,,,,,,,,,,,,,,,,,,-26.63,0.962873
,,,,,,,,,,,,,,,,,,,,,,,-26.64,0.962864
,,,,,,,,,,,,,,,,,,,,,,,-26.65,0.962856
,,,,,,,,,,,,,,,,,,,,,,,-26.66,0.962847
,,,,,,,,,,,,,,,,,,,,,,,-26.67,0.962838
,,,,,,,,,,,,,,,,,,,,,,,-26.68,0.962829
,,,,,,,,,,,,,,,,,,,,,,,-26.69,0.962821
,,,,,,,,,,,,,,,,,,,,,,,-26.7,0.962812
,,,,,,,,,,,,,,,,,,,,,,,-26.71,0.962803
,,,,,,,,,,,,,,,,,,,,,,,-26.72,0.962794
,,,,,,,,,,,,,,,,,,,,,,,-26.73,0.962785
,,,,,,,,,,,,,,,,,,,,,,,-26.74,0.962777
,,,,,,,,,,,,,,,,,,,,,,,-26.75,0.962768
,,,,,,,,,,,,,,,,,,,,,,,-26.76,0.962759
,,,,,,,,,,,,,,,,,,,,,,,-26.77,0.962751
,,,,,,,,,,,,,,,,,,,,,,,-26.78,0.962742
,,,,,,,,,,,,,,,,,,,,,,,-26.79,0.962733
,,,,,,,,,,,,,,,,,,,,,,,-26.8,0.962724
,,,,,,,,,,,,,,,,,,,,,,,-26.81,0.962716
,,,,,,,,,,,,,,,,,,,,,,,-26.82,0.962707
,,,,,,,,,,,,,,,,,,,,,,,-26.83,0.962698
,,,,,,,,,,,,,,,,,,,,,,,-26.84,0.96269
,,,,,,,,,,,,,,,,,,,,,,,-26.85,0.962681
,,,,,,,,,,,,,,,,,,,,,,,-26.86,0.962672
,,,,,,,,,,,,,,,,,,,,,,,-26.87,0.962664
,,,,,,,,,,,,,,,,,,,,,,,-26.88,0.962655
,,,,,,,,,,,,,,,,,,,,,,,-26.89,0.962646
,,,,,,,,,,,,,,,,,,,,,,,-26.9,0.962638
,,,,,,,,,,,,,,,,,,,,,,,-26.91,0.962629
,,,,,,,,,,,,,,,,,,,,,,,-26.92,0.96262
,,,,,,,,,,,,,,,,,,,,,,,-26.93,0.962612
,,,,,,,,,,,,,,,,,,,,,,,-26.94,0.962603
,,,,,,,,,,,,,,,,,,,,,,,-26.95,0.962595
,,,,,,,,,,,,,,,,,,,,,,,-26.96,0.962586
,,,,,,,,,,,,,,,,,,,,,,,-26.97,0.962577
,,,,,,,,,,,,,,,,,,,,,,,-26.98,0.962569
,,,,,,,,,,,,,,,,,,,,,,,-26.99,0.96256
,,,,,,,,,,,,,,,,,,,,,,,-27,0.962552
,,,,,,,,,,,,,,,,,,,,,,,-27.01,0.962543
,,,,,,,,,,,,,,,,,,,,,,,-27.02,0.962535
,,,,,,,,,,,,,,,,,,,,,,,-27.03,0.962526
,,,,,,,,,,,,,,,,,,,,,,,-27.04,0.962518
,,,,,,,,,,,,,,,,,,,,,,,-27.05,0.962509
,,,,,,,,,,,,,,,,,,,,,,,-27.06,0.9625
,,,,,,,,,,,,,,,,,,,,,,,-27.07,0.962492
,,,,,,,,,,,,,,,,,,,,,,,-27.08,0.962483
,,,,,,,,,,,,,,,,,,,,,,,-27.09,0.962475
,,,,,,,,,,,,,,,,,,,,,,,-27.1,0.962466
,,,,,,,,,,,,,,,,,,,,,,,-27.11,0.962458
,,,,,,,,,,,,,,,,,,,,,,,-27.12,0.962449
,,,,,,,,,,,,,,,,,,,,,,,-27.13,0.962441
,,,,,,,,,,,,,,,,,,,,,,,-27.14,0.962432
,,,,,,,,,,,,,,,,,,,,,,,-27.15,0.962424
,,,,,,,,,,,,,,,,,,,,,,,-27.16,0.962415
,,,,,,,,,,,,,,,,,,,,,,,-27.17,0.962407
,,,,,,,,,,,,,,,,,,,,,,,-27.18,0.962399
,,,,,,,,,,,,,,,,,,,,,,,-27.19,0.96239
,,,,,,,,,,,,,,,,,,,,,,,-27.2,0.962382
,,,,,,,,,,,,,,,,,,,,,,,-27.21,0.962373
,,,,,,,,,,,,,,,,,,,,,,,-27.22,0.962365
,,,,,,,,,,,,,,,,,,,,,,,-27.23,0.962356
,,,,,,,,,,,,,,,,,,,,,,,-27.24,0.962348
,,,,,,,,,,,,,,,,,,,,,,,-27.25,0.96234
,,,,,,,,,,,,,,,,,,,,,,,-27.26,0.962331
,,,,,,,,,,,,,,,,,,,,,,,-27.27,0.962323
,,,,,,,,,,,,,,,,,,,,,,,-27.28,0.962314
,,,,,,,,,,,,,,,,,,,,,,,-27.29,0.962306
,,,,,,,,,,,,,,,,,,,,,,,-27.3,0.962298
,,,,,,,,,,,,,,,,,,,,,,,-27.31,0.962289
,,,,,,,,,,,,,,,,,,,,,,,-27.32,0.962281
,,,,,,,,,,,,,,,,,,,,,,,-27.33,0.962272
,,,,,,,,,,,,,,,,,,,,,,,-27.34,0.962264
,,,,,,,,,,,,,,,,,,,,,,,-27.35,0.962256
,,,,,,,,,,,,,,,,,,,,,,,-27.36,0.962247
,,,,,,,,,,,,,,,,,,,,,,,-27.37,0.962239
,,,,,,,,,,,,,,,,,,,,,,,-27.38,0.962231
,,,,,,,,,,,,,,,,,,,,,,,-27.39,0.962222
,,,,,,,,,,,,,,,,,,,,,,,-27.4,0.962214
,,,,,,,,,,,,,,,,,,,,,,,-27.41,0.962206
,,,,,,,,,,,,,,,,,,,,,,,-27.42,0.962197
,,,,,,,,,,,,,,,,,,,,,,,-27.43,0.962189
,,,,,,,,,,,,,,,,,,,,,,,-27.44,0.962181
,,,,,,,,,,,,,,,,,,,,,,,-27.45,0.962173
,,,,,,,,,,,,,,,,,,,,,,,-27.46,0.962164
,,,,,,,,,,,,,,,,,,,,,,,-27.47,0.962156
,,,,,,,,,,,,,,,,,,,,,,,-27.48,0.962148
,,,,,,,,,,,,,,,,,,,,,,,-27.49,0.962139
,,,,,,,,,,,,,,,,,,,,,,,-27.5,0.962131
,,,,,,,,,,,,,,,,,,,,,,,-27.51,0.962123
,,,,,,,,,,,,,,,,,,,,,,,-27.52,0.962115
,,,,,,,,,,,,,,,,,,,,,,,-27.53,0.962107
,,,,,,,,,,,,,,,,,,,,,,,-27.54,0.962098
,,,,,,,,,,,,,,,,,,,,,,,-27.55,0.96209
,,,,,,,,,,,,,,,,,,,,,,,-27.56,0.962082
,,,,,,,,,,,,,,,,,,,,,,,-27.57,0.962074
,,,,,,,,,,,,,,,,,,,,,,,-27.58,0.962065
,,,,,,,,,,,,,,,,,,,,,,,-27.59,0.962057
,,,,,,,,,,,,,,,,,,,,,,,-27.6,0.962049
,,,,,,,,,,,,,,,,,,,,,,,-27.61,0.962041
,,,,,,,,,,,,,,,,,,,,,,,-27.62,0.962033
,,,,,,,,,,,,,,,,,,,,,,,-27.63,0.962024
,,,,,,,,,,,,,,,,,,,,,,,-27.64,0.962016
,,,,,,,,,,,,,,,,,,,,,,,-27.65,0.962008
,,,,,,,,,,,,,,,,,,,,,,,-27.66,0.962
,,,,,,,,,,,,,,,,,,,,,,,-27.67,0.961992
,,,,,,,,,,,,,,,,,,,,,,,-27.68,0.961984
,,,,,,,,,,,,,,,,,,,,,,,-27.69,0.961976
,,,,,,,,,,,,,,,,,,,,,,,-27.7,0.961967
,,,,,,,,,,,,,,,,,,,,,,,-27.71,0.961959
,,,,,,,,,,,,,,,,,,,,,,,-27.72,0.961951
,,,,,,,,,,,,,,,,,,,,,,,-27.73,0.961943
,,,,,,,,,,,,,,,,,,,,,,,-27.74,0.961935
,,,,,,,,,,,,,,,,,,,,,,,-27.75,0.961927
,,,,,,,,,,,,,,,,,,,,,,,-27.76,0.961919
,,,,,,,,,,,,,,,,,,,,,,,-27.77,0.961911
,,,,,,,,,,,,,,,,,,,,,,,-27.78,0.961902
,,,,,,,,,,,,,,,,,,,,,,,-27.79,0.961894
,,,,,,,,,,,,,,,,,,,,,,,-27.8,0.961886
,,,,,,,,,,,,,,,,,,,,,,,-27.81,0.961878
,,,,,,,,,,,,,,,,,,,,,,,-27.82,0.96187
,,,,,,,,,,,,,,,,,,,,,,,-27.83,0.961862
,,,,,,,,,,,,,,,,,,,,,,,-27.84,0.961854
,,,,,,,,,,,,,,,,,,,,,,,-27.85,0.961846
,,,,,,,,,,,,,,,,,,,,,,,-27.86,0.961838
,,,,,,,,,,,,,,,,,,,,,,,-27.87,0.96183
,,,,,,,,,,,,,,,,,,,,,,,-27.88,0.961822
,,,,,,,,,,,,,,,,,,,,,,,-27.89,0.961814
,,,,,,,,,,,,,,,,,,,,,,,-27.9,0.961806
,,,,,,,,,,,,,,,,,,,,,,,-27.91,0.961798
,,,,,,,,,,,,,,,,,,,,,,,-27.92,0.96179
,,,,,,,,,,,,,,,,,,,,,,,-27.93,0.961782
,,,,,,,,,,,,,,,,,,,,,,,-27.94,0.961774
,,,,,,,,,,,,,,,,,,,,,,,-27.95,0.961766
,,,,,,,,,,,,,,,,,,,,,,,-27.96,0.961758
,,,,,,,,,,,,,,,,,,,,,,,-27.97,0.96175
,,,,,,,,,,,,,,,,,,,,,,,-27.98,0.961742
,,,,,,,,,,,,,,,,,,,,,,,-27.99,0.961734
,,,,,,,,,,,,,,,,,,,,,,,-28,0.961726
,,,,,,,,,,,,,,,,,,,,,,,-28.01,0.961718
,,,,,,,,,,,,,,,,,,,,,,,-28.02,0.96171
,,,,,,,,,,,,,,,,,,,,,,,-28.03,0.961702
,,,,,,,,,,,,,,,,,,,,,,,-28.04,0.961694
,,,,,,,,,,,,,,,,,,,,,,,-28.05,0.961686
,,,,,,,,,,,,,,,,,,,,,,,-28.06,0.961678
,,,,,,,,,,,,,,,,,,,,,,,-28.07,0.961671
,,,,,,,,,,,,,,,,,,,,,,,-28.08,0.961663
,,,,,,,,,,,,,,,,,,,,,,,-28.09,0.961655
,,,,,,,,,,,,,,,,,,,,,,,-28.1,0.961647
,,,,,,,,,,,,,,,,,,,,,,,-28.11,0.961639
,,,,,,,,,,,,,,,,,,,,,,,-28.12,0.961631
,,,,,,,,,,,,,,,,,,,,,,,-28.13,0.961623
,,,,,,,,,,,,,,,,,,,,,,,-28.14,0.961615
,,,,,,,,,,,,,,,,,,,,,,,-28.15,0.961607
,,,,,,,,,,,,,,,,,,,,,,,-28.16,0.9616
,,,,,,,,,,,,,,,,,,,,,,,-28.17,0.961592
,,,,,,,,,,,,,,,,,,,,,,,-28.18,0.961584
,,,,,,,,,,,,,,,,,,,,,,,-28.19,0.961576
,,,,,,,,,,,,,,,,,,,,,,,-28.2,0.961568
,,,,,,,,,,,,,,,,,,,,,,,-28.21,0.96156
,,,,,,,,,,,,,,,,,,,,,,,-28.22,0.961552
,,,,,,,,,,,,,,,,,,,,,,,-28.23,0.961545
,,,,,,,,,,,,,,,,,,,,,,,-28.24,0.961537
,,,,,,,,,,,,,,,,,,,,,,,-28.25,0.961529
,,,,,,,,,,,,,,,,,,,,,,,-28.26,0.961521
,,,,,,,,,,,,,,,,,,,,,,,-28.27,0.961513
,,,,,,,,,,,,,,,,,,,,,,,-28.28,0.961506
,,,,,,,,,,,,,,,,,,,,,,,-28.29,0.961498
,,,,,,,,,,,,,,,,,,,,,,,-28.3,0.96149
,,,,,,,,,,,,,,,,,,,,,,,-28.31,0.961482
,,,,,,,,,,,,,,,,,,,,,,,-28.32,0.961474
,,,,,,,,,,,,,,,,,,,,,,,-28.33,0.961467
,,,,,,,,,,,,,,,,,,,,,,,-28.34,0.961459
,,,,,,,,,,,,,,,,,,,,,,,-28.35,0.961451
,,,,,,,,,,,,,,,,,,,,,,,-28.36,0.961443
,,,,,,,,,,,,,,,,,,,,,,,-28.37,0.961436
,,,,,,,,,,,,,,,,,,,,,,,-28.38,0.961428
,,,,,,,,,,,,,,,,,,,,,,,-28.39,0.96142
,,,,,,,,,,,,,,,,,,,,,,,-28.4,0.961412
,,,,,,,,,,,,,,,,,,,,,,,-28.41,0.961405
,,,,,,,,,,,,,,,,,,,,,,,-28.42,0.961397
,,,,,,,,,,,,,,,,,,,,,,,-28.43,0.961389
,,,,,,,,,,,,,,,,,,,,,,,-28.44,0.961381
,,,,,,,,,,,,,,,,,,,,,,,-28.45,0.961374
,,,,,,,,,,,,,,,,,,,,,,,-28.46,0.961366
,,,,,,,,,,,,,,,,,,,,,,,-28.47,0.961358
,,,,,,,,,,,,,,,,,,,,,,,-28.48,0.961351
,,,,,,,,,,,,,,,,,,,,,,,-28.49,0.961343
,,,,,,,,,,,,,,,,,,,,,,,-28.5,0.961335
,,,,,,,,,,,,,,,,,,,,,,,-28.51,0.961328
,,,,,,,,,,,,,,,,,,,,,,,-28.52,0.96132
,,,,,,,,,,,,,,,,,,,,,,,-28.53,0.961312
,,,,,,,,,,,,,,,,,,,,,,,-28.54,0.961305
,,,,,,,,,,,,,,,,,,,,,,,-28.55,0.961297
,,,,,,,,,,,,,,,,,,,,,,,-28.56,0.961289
,,,,,,,,,,,,,,,,,,,,,,,-28.57,0.961282
,,,,,,,,,,,,,,,,,,,,,,,-28.58,0.961274
,,,,,,,,,,,,,,,,,,,,,,,-28.59,0.961267
,,,,,,,,,,,,,,,,,,,,,,,-28.6,0.961259
,,,,,,,,,,,,,,,,,,,,,,,-28.61,0.961251
,,,,,,,,,,,,,,,,,,,,,,,-28.62,0.961244
,,,,,,,,,,,,,,,,,,,,,,,-28.63,0.961236
,,,,,,,,,,,,,,,,,,,,,,,-28.64,0.961228
,,,,,,,,,,,,,,,,,,,,,,,-28.65,0.961221
,,,,,,,,,,,,,,,,,,,,,,,-28.66,0.961213
,,,,,,,,,,,,,,,,,,,,,,,-28.67,0.961206
,,,,,,,,,,,,,,,,,,,,,,,-28.68,0.961198
,,,,,,,,,,,,,,,,,,,,,,,-28.69,0.961191
,,,,,,,,,,,,,,,,,,,,,,,-28.7,0.961183
,,,,,,,,,,,,,,,,,,,,,,,-28.71,0.961175
,,,,,,,,,,,,,,,,,,,,,,,-28.72,0.961168
,,,,,,,,,,,,,,,,,,,,,,,-28.73,0.96116
,,,,,,,,,,,,,,,,,,,,,,,-28.74,0.961153
,,,,,,,,,,,,,,,,,,,,,,,-28.75,0.961145
,,,,,,,,,,,,,,,,,,,,,,,-28.76,0.961138
,,,,,,,,,,,,,,,,,,,,,,,-28.77,0.96113
,,,,,,,,,,,,,,,,,,,,,,,-28.78,0.961123
,,,,,,,,,,,,,,,,,,,,,,,-28.79,0.961115
,,,,,,,,,,,,,,,,,,,,,,,-28.8,0.961108
,,,,,,,,,,,,,,,,,,,,,,,-28.81,0.9611
,,,,,,,,,,,,,,,,,,,,,,,-28.82,0.961093
,,,,,,,,,,,,,,,,,,,,,,,-28.83,0.961085
,,,,,,,,,,,,,,,,,,,,,,,-28.84,0.961078
,,,,,,,,,,,,,,,,,,,,,,,-28.85,0.96107
,,,,,,,,,,,,,,,,,,,,,,,-28.86,0.961063
,,,,,,,,,,,,,,,,,,,,,,,-28.87,0.961055
,,,,,,,,,,,,,,,,,,,,,,,-28.88,0.961048
,,,,,,,,,,,,,,,,,,,,,,,-28.89,0.96104
,,,,,,,,,,,,,,,,,,,,,,,-28.9,0.961033
,,,,,,,,,,,,,,,,,,,,,,,-28.91,0.961025
,,,,,,,,,,,,,,,,,,,,,,,-28.92,0.961018
,,,,,,,,,,,,,,,,,,,,,,,-28.93,0.96101
,,,,,,,,,,,,,,,,,,,,,,,-28.94,0.961003
,,,,,,,,,,,,,,,,,,,,,,,-28.95,0.960995
,,,,,,,,,,,,,,,,,,,,,,,-28.96,0.960988
,,,,,,,,,,,,,,,,,,,,,,,-28.97,0.960981
,,,,,,,,,,,,,,,,,,,,,,,-28.98,0.960973
,,,,,,,,,,,,,,,,,,,,,,,-28.99,0.960966
,,,,,,,,,,,,,,,,,,,,,,,-29,0.960958
,,,,,,,,,,,,,,,,,,,,,,,-29.01,0.960951
,,,,,,,,,,,,,,,,,,,,,,,-29.02,0.960944
,,,,,,,,,,,,,,,,,,,,,,,-29.03,0.960936
,,,,,,,,,,,,,,,,,,,,,,,-29.04,0.960929
,,,,,,,,,,,,,,,,,,,,,,,-29.05,0.960921
,,,,,,,,,,,,,,,,,,,,,,,-29.06,0.960914
,,,,,,,,,,,,,,,,,,,,,,,-29.07,0.960907
,,,,,,,,,,,,,,,,,,,,,,,-29.08,0.960899
,,,,,,,,,,,,,,,,,,,,,,,-29.09,0.960892
,,,,,,,,,,,,,,,,,,,,,,,-29.1,0.960885
,,,,,,,,,,,,,,,,,,,,,,,-29.11,0.960877
,,,,,,,,,,,,,,,,,,,,,,,-29.12,0.96087
,,,,,,,,,,,,,,,,,,,,,,,-29.13,0.960863
,,,,,,,,,,,,,,,,,,,,,,,-29.14,0.960855
,,,,,,,,,,,,,,,,,,,,,,,-29.15,0.960848
,,,,,,,,,,,,,,,,,,,,,,,-29.16,0.960841
,,,,,,,,,,,,,,,,,,,,,,,-29.17,0.960833
,,,,,,,,,,,,,,,,,,,,,,,-29.18,0.960826
,,,,,,,,,,,,,,,,,,,,,,,-29.19,0.960819
,,,,,,,,,,,,,,,,,,,,,,,-29.2,0.960811
,,,,,,,,,,,,,,,,,,,,,,,-29.21,0.960804
,,,,,,,,,,,,,,,,,,,,,,,-29.22,0.960797
,,,,,,,,,,,,,,,,,,,,,,,-29.23,0.960789
,,,,,,,,,,,,,,,,,,,,,,,-29.24,0.960782
,,,,,,,,,,,,,,,,,,,,,,,-29.25,0.960775
,,,,,,,,,,,,,,,,,,,,,,,-29.26,0.960768
,,,,,,,,,,,,,,,,,,,,,,,-29.27,0.96076
,,,,,,,,,,,,,,,,,,,,,,,-29.28,0.960753
,,,,,,,,,,,,,,,,,,,,,,,-29.29,0.960746
,,,,,,,,,,,,,,,,,,,,,,,-29.3,0.960738
,,,,,,,,,,,,,,,,,,,,,,,-29.31,0.960731
,,,,,,,,,,,,,,,,,,,,,,,-29.32,0.960724
,,,,,,,,,,,,,,,,,,,,,,,-29.33,0.960717
,,,,,,,,,,,,,,,,,,,,,,,-29.34,0.96071
,,,,,,,,,,,,,,,,,,,,,,,-29.35,0.960702
,,,,,,,,,,,,,,,,,,,,,,,-29.36,0.960695
,,,,,,,,,,,,,,,,,,,,,,,-29.37,0.960688
,,,,,,,,,,,,,,,,,,,,,,,-29.38,0.960681
,,,,,,,,,,,,,,,,,,,,,,,-29.39,0.960673
,,,,,,,,,,,,,,,,,,,,,,,-29.4,0.960666
,,,,,,,,,,,,,,,,,,,,,,,-29.41,0.960659
,,,,,,,,,,,,,,,,,,,,,,,-29.42,0.960652
,,,,,,,,,,,,,,,,,,,,,,,-29.43,0.960645
,,,,,,,,,,,,,,,,,,,,,,,-29.44,0.960637
,,,,,,,,,,,,,,,,,,,,,,,-29.45,0.96063
,,,,,,,,,,,,,,,,,,,,,,,-29.46,0.960623
,,,,,,,,,,,,,,,,,,,,,,,-29.47,0.960616
,,,,,,,,,,,,,,,,,,,,,,,-29.48,0.960609
,,,,,,,,,,,,,,,,,,,,,,,-29.49,0.960602
,,,,,,,,,,,,,,,,,,,,,,,-29.5,0.960594
,,,,,,,,,,,,,,,,,,,,,,,-29.51,0.960587
,,,,,,,,,,,,,,,,,,,,,,,-29.52,0.96058
,,,,,,,,,,,,,,,,,,,,,,,-29.53,0.960573
,,,,,,,,,,,,,,,,,,,,,,,-29.54,0.960566
,,,,,,,,,,,,,,,,,,,,,,,-29.55,0.960559
,,,,,,,,,,,,,,,,,,,,,,,-29.56,0.960552
,,,,,,,,,,,,,,,,,,,,,,,-29.57,0.960544
,,,,,,,,,,,,,,,,,,,,,,,-29.58,0.960537
,,,,,,,,,,,,,,,,,,,,,,,-29.59,0.96053
,,,,,,,,,,,,,,,,,,,,,,,-29.6,0.960523
,,,,,,,,,,,,,,,,,,,,,,,-29.61,0.960516
,,,,,,,,,,,,,,,,,,,,,,,-29.62,0.960509
,,,,,,,,,,,,,,,,,,,,,,,-29.63,0.960502
,,,,,,,,,,,,,,,,,,,,,,,-29.64,0.960495
,,,,,,,,,,,,,,,,,,,,,,,-29.65,0.960488
,,,,,,,,,,,,,,,,,,,,,,,-29.66,0.960481
,,,,,,,,,,,,,,,,,,,,,,,-29.67,0.960474
,,,,,,,,,,,,,,,,,,,,,,,-29.68,0.960466
,,,,,,,,,,,,,,,,,,,,,,,-29.69,0.960459
,,,,,,,,,,,,,,,,,,,,,,,-29.7,0.960452
,,,,,,,,,,,,,,,,,,,,,,,-29.71,0.960445
,,,,,,,,,,,,,,,,,,,,,,,-29.72,0.960438
,,,,,,,,,,,,,,,,,,,,,,,-29.73,0.960431
,,,,,,,,,,,,,,,,,,,,,,,-29.74,0.960424
,,,,,,,,,,,,,,,,,,,,,,,-29.75,0.960417
,,,,,,,,,,,,,,,,,,,,,,,-29.76,0.96041
,,,,,,,,,,,,,,,,,,,,,,,-29.77,0.960403
,,,,,,,,,,,,,,,,,,,,,,,-29.78,0.960396
,,,,,,,,,,,,,,,,,,,,,,,-29.79,0.960389
,,,,,,,,,,,,,,,,,,,,,,,-29.8,0.960382
,,,,,,,,,,,,,,,,,,,,,,,-29.81,0.960375
,,,,,,,,,,,,,,,,,,,,,,,-29.82,0.960368
,,,,,,,,,,,,,,,,,,,,,,,-29.83,0.960361
,,,,,,,,,,,,,,,,,,,,,,,-29.84,0.960354
,,,,,,,,,,,,,,,,,,,,,,,-29.85,0.960347
,,,,,,,,,,,,,,,,,,,,,,,-29.86,0.96034
,,,,,,,,,,,,,,,,,,,,,,,-29.87,0.960333
,,,,,,,,,,,,,,,,,,,,,,,-29.88,0.960326
,,,,,,,,,,,,,,,,,,,,,,,-29.89,0.960319
,,,,,,,,,,,,,,,,,,,,,,,-29.9,0.960312
,,,,,,,,,,,,,,,,,,,,,,,-29.91,0.960305
,,,,,,,,,,,,,,,,,,,,,,,-29.92,0.960298
,,,,,,,,,,,,,,,,,,,,,,,-29.93,0.960291
,,,,,,,,,,,,,,,,,,,,,,,-29.94,0.960284
,,,,,,,,,,,,,,,,,,,,,,,-29.95,0.960277
,,,,,,,,,,,,,,,,,,,,,,,-29.96,0.960271
,,,,,,,,,,,,,,,,,,,,,,,-29.97,0.960264
,,,,,,,,,,,,,,,,,,,,,,,-29.98,0.960257
,,,,,,,,,,,,,,,,,,,,,,,-29.99,0.96025
,,,,,,,,,,,,,,,,,,,,,,,-30,0.960243